"","Espece","Age","Aile","Masse","Annee"
"1","TAPI","HY",70,13.3,1
"2","TAPI","HY",72,12.4,1
"3","TAPI","HY",68,12.3,1
"4","TAPI","HY",70,12.5,1
"5","TAPI","HY",71,12.8,1
"6","TAPI","HY",70,12.5,1
"7","TAPI","HY",67,12.4,1
"8","TAPI","HY",72,13.3,1
"9","TAPI","HY",68,12,1
"10","TAPI","HY",73,12.7,1
"11","TAPI","HY",67,12.5,1
"12","TAPI","HY",71,12.1,1
"13","TAPI","HY",69,14.4,1
"14","TAPI","HY",70,13.4,1
"15","TAPI","HY",73,12.7,1
"16","TAPI","HY",73,11.9,1
"17","TAPI","HY",71,12.5,1
"18","TAPI","HY",70,12.7,1
"19","TAPI","HY",72,12.7,1
"20","TAPI","HY",68,14.4,1
"21","TAPI","HY",70,13.1,1
"22","TAPI","HY",71,11.5,1
"23","TAPI","HY",71,13.4,1
"24","TAPI","HY",69,12.2,1
"25","TAPI","HY",71,13,1
"26","TAPI","AHY",67,13.3,1
"27","TAPI","HY",68,10.4,1
"28","TAPI","HY",75,12.9,1
"29","TAPI","HY",71,13.6,1
"30","TAPI","HY",74,12.9,1
"31","TAPI","HY",68,13,1
"32","TAPI","HY",70,12.5,1
"33","TAPI","HY",NA,NA,1
"34","TAPI","HY",72,11.5,1
"35","TAPI","HY",69,12.3,1
"36","TAPI","HY",70,12.5,1
"37","TAPI","HY",69,12.1,1
"38","TAPI","HY",69,12.9,1
"39","TAPI","HY",73,13.4,1
"40","TAPI","HY",68,12.7,1
"41","TAPI","HY",72,12.7,1
"42","TAPI","HY",70,11.6,1
"43","TAPI","HY",71,13,1
"44","TAPI","AHY",72,11.8,1
"45","TAPI","HY",71,11.6,1
"46","TAPI","HY",71,12.7,1
"47","TAPI","HY",73,11.8,1
"48","TAPI","HY",72,13,1
"49","TAPI","HY",72,14.8,1
"50","TAPI","HY",72,14.9,1
"51","TAPI","HY",67,12.1,1
"52","TAPI","HY",72,12.2,1
"53","TAPI","HY",73,13,1
"54","TAPI","HY",72,12.4,1
"55","TAPI","HY",72,12.2,1
"56","TAPI","HY",72,NA,1
"57","TAPI","HY",73,10.7,1
"58","TAPI","HY",72,12.2,1
"59","TAPI","HY",68,11.6,1
"60","TAPI","HY",71,12.3,1
"61","TAPI","HY",69,11.5,1
"62","TAPI","HY",70,11.6,1
"63","TAPI","HY",68,11.6,1
"64","TAPI","HY",70,13.2,1
"65","TAPI","HY",69,12.9,1
"66","TAPI","HY",69,12.2,1
"67","TAPI","HY",72,13.3,1
"68","TAPI","HY",68,12.9,1
"69","TAPI","AHY",72,12.3,1
"70","TAPI","HY",73,12.1,1
"71","TAPI","HY",70,13.6,1
"72","TAPI","AHY",71,12.3,1
"73","TAPI","HY",73,11.9,1
"74","TAPI","HY",68,12.4,1
"75","TAPI","AHY",72,12.8,1
"76","TAPI","HY",67,11.1,1
"77","TAPI","HY",71,11.9,1
"78","TAPI","HY",73,13.1,1
"79","TAPI","HY",74,12.1,1
"80","TAPI","HY",68,13,1
"81","TAPI","HY",70,12.1,1
"82","TAPI","HY",73,12.4,1
"83","TAPI","HY",71,12.5,1
"84","TAPI","AHY",68,11.8,1
"85","TAPI","HY",69,12.8,1
"86","TAPI","HY",68,12.5,1
"87","TAPI","HY",72,13.5,1
"88","TAPI","HY",68,13,1
"89","TAPI","HY",72,11.8,1
"90","TAPI","HY",68,12.2,1
"91","TAPI","HY",67,NA,1
"92","TAPI","HY",70,12.8,1
"93","TAPI","HY",68,13,1
"94","TAPI","HY",68,12.2,1
"95","TAPI","HY",71,12.7,1
"96","TAPI","HY",69,13.5,1
"97","TAPI","HY",71,13.5,1
"98","TAPI","HY",68,13.4,1
"99","TAPI","AHY",70,14,1
"100","TAPI","HY",71,12.9,1
"101","TAPI","HY",70,11.4,1
"102","TAPI","AHY",71,13.6,1
"103","TAPI","HY",69,13.7,1
"104","TAPI","HY",70,12.7,1
"105","TAPI","HY",71,NA,1
"106","TAPI","HY",71,12.7,1
"107","TAPI","AHY",69,12.8,1
"108","TAPI","HY",70,12.8,1
"109","TAPI","HY",70,11.4,1
"110","TAPI","HY",67,12.3,1
"111","TAPI","HY",69,11.9,1
"112","TAPI","HY",66,12.4,1
"113","TAPI","HY",68,12.8,1
"114","TAPI","HY",70,12.7,1
"115","TAPI","HY",72,13.1,1
"116","TAPI","HY",68,11.8,1
"117","TAPI","HY",69,11.2,1
"118","TAPI","HY",70,12.6,1
"119","TAPI","HY",72,NA,1
"120","TAPI","HY",72,12.8,1
"121","TAPI","HY",68,11.9,1
"122","TAPI","HY",70,13,1
"123","TAPI","AHY",71,12.5,1
"124","TAPI","HY",67,12.3,1
"125","TAPI","HY",71,12.7,1
"126","TAPI","HY",69,13.5,1
"127","TAPI","HY",70,11.8,1
"128","TAPI","HY",68,12.7,1
"129","TAPI","HY",68,13.3,1
"130","TAPI","HY",68,12.1,1
"131","TAPI","HY",69,11.1,1
"132","TAPI","HY",69,13.7,1
"133","TAPI","HY",72,12.1,1
"134","TAPI","HY",70,12,1
"135","TAPI","HY",69,13.5,1
"136","TAPI","AHY",73,12.7,1
"137","TAPI","HY",70,12.7,1
"138","TAPI","HY",72,13.9,1
"139","TAPI","AHY",73,14.2,1
"140","TAPI","HY",72,12.5,1
"141","TAPI","HY",73,13.5,1
"142","TAPI","HY",71,12.7,1
"143","TAPI","HY",69,12.1,1
"144","TAPI","HY",72,12.8,1
"145","TAPI","AHY",70,13.5,1
"146","TAPI","HY",71,13.1,1
"147","TAPI","AHY",71,13.8,1
"148","TAPI","HY",64,11.6,1
"149","TAPI","HY",71,12.6,1
"150","TAPI","HY",70,12.7,1
"151","TAPI","HY",73,NA,1
"152","TAPI","HY",71,14,1
"153","TAPI","HY",69,12,1
"154","TAPI","HY",70,13.2,1
"155","TAPI","AHY",71,13.2,1
"156","TAPI","AHY",68,13,1
"157","TAPI","HY",70,12.2,1
"158","TAPI","HY",71,13,1
"159","TAPI","HY",71,13.1,1
"160","TAPI","HY",68,13.4,1
"161","TAPI","AHY",69,13.1,1
"162","TAPI","HY",70,11.4,1
"163","TAPI","AHY",69,13.3,1
"164","TAPI","HY",70,12.6,1
"165","TAPI","HY",74,12.8,1
"166","TAPI","AHY",74,13.1,1
"167","TAPI","HY",69,12.7,1
"168","DUSA","AHY",108,NA,1
"169","DUSA","AHY",112,46.6,1
"170","DUSA","HY",113,49.8,1
"171","DUSA","AHY",112,54.3,1
"172","DUSA","AHY",110,49.2,1
"173","DUSA","AHY",111,50.2,1
"174","DUSA","HY",104,48.5,1
"175","DUSA","AHY",111,54.7,1
"176","DUSA","AHY",108,47.5,1
"177","DUSA","AHY",108,44.1,1
"178","DUSA","AHY",107,49.3,1
"179","DUSA","AHY",111,53.8,1
"180","DUSA","AHY",113,54.2,1
"181","DUSA","AHY",118,57.6,1
"182","DUSA","HY",113,54.1,1
"183","DUSA","HY",111,48.5,1
"184","DUSA","HY",107,46.3,1
"185","DUSA","AHY",109,47.1,1
"186","DUSA","AHY",116,59,1
"187","DUSA","HY",110,44.9,1
"188","DUSA","HY",113,52.2,1
"189","DUSA","AHY",112,47,1
"190","DUSA","HY",114,48.4,1
"191","DUSA","AHY",110,49.8,1
"192","DUSA","AHY",112,56.2,1
"193","DUSA","HY",112,51.9,1
"194","DUSA","HY",114,58.6,1
"195","DUSA","HY",107,52.4,1
"196","DUSA","AHY",107,50.3,1
"197","DUSA","AHY",112,55.9,1
"198","DUSA","AHY",116,58.4,1
"199","DUSA","AHY",113,51.2,1
"200","DUSA","AHY",110,55.8,1
"201","DUSA","HY",112,60.9,1
"202","DUSA","HY",106,50.8,1
"203","DUSA","AHY",118,58.9,1
"204","DUSA","AHY",110,56.3,1
"205","DUSA","AHY",115,54.9,1
"206","DUSA","HY",113,54.5,1
"207","DUSA","AHY",115,52.2,1
"208","DUSA","HY",116,54.1,1
"209","DUSA","AHY",113,55.1,1
"210","DUSA","HY",108,49.3,1
"211","DUSA","HY",114,59.2,1
"212","DUSA","HY",111,57.4,1
"213","DUSA","AHY",110,49.4,1
"214","DUSA","AHY",114,59.7,1
"215","DUSA","HY",108,51.6,1
"216","DUSA","HY",112,44.6,1
"217","DUSA","AHY",115,51.3,1
"218","DUSA","HY",112,55,1
"219","DUSA","HY",113,52.5,1
"220","DUSA","HY",113,54.9,1
"221","DUSA","AHY",111,50.1,1
"222","DUSA","HY",115,54.8,1
"223","DUSA","HY",108,49,1
"224","DUSA","HY",111,56.5,1
"225","DUSA","AHY",112,61.8,1
"226","DUSA","AHY",106,50.8,1
"227","DUSA","HY",106,51.5,1
"228","DUSA","HY",109,51.5,1
"229","DUSA","HY",112,57.3,1
"230","DUSA","HY",111,52.5,1
"231","DUSA","AHY",118,59,1
"232","DUSA","HY",112,52.3,1
"233","DUSA","AHY",112,54,1
"234","JABO","AHY",114,60.1,1
"235","DUSA","HY",113,47.7,1
"236","DUSA","AHY",117,59.1,1
"237","DUSA","AHY",115,50.7,1
"238","DUSA","AHY",119,66.5,1
"239","DUSA","AHY",117,59.7,1
"240","DUSA","HY",117,50.4,1
"241","DUSA","AHY",111,52,1
"242","DUSA","AHY",114,49.8,1
"243","DUSA","HY",115,55.2,1
"244","JABO","HY",109,46.7,1
"245","DUSA","AHY",113,54.4,1
"246","DUSA","AHY",113,53.9,1
"247","DUSA","HY",110,48.1,1
"248","DUSA","HY",112,50.9,1
"249","DUSA","HY",110,51.1,1
"250","DUSA","HY",113,48.9,1
"251","DUSA","AHY",112,53.5,1
"252","JABO","HY",109,45.8,1
"253","JABO","HY",110,47.3,1
"254","JABO","AHY",115,51.4,1
"255","DUSA","AHY",110,52.9,1
"256","DUSA","AHY",114,65.3,1
"257","DUSA","AHY",110,49.8,1
"258","DUSA","HY",111,61.1,1
"259","DUSA","AHY",113,58.2,1
"260","DUSA","AHY",114,54.5,1
"261","DUSA","HY",107,56.3,1
"262","DUSA","HY",115,59.7,1
"263","JABO","HY",113,50.5,1
"264","DUSA","AHY",114,56.2,1
"265","DUSA","AHY",110,50.7,1
"266","DUSA","AHY",123,64.6,1
"267","DUSA","AHY",115,54,1
"268","DUSA","AHY",117,56,1
"269","DUSA","AHY",113,57.7,1
"270","DUSA","AHY",112,61,1
"271","DUSA","AHY",119,67.4,1
"272","DUSA","HY",114,58.3,1
"273","DUSA","HY",107,46.2,1
"274","DUSA","AHY",122,67.7,1
"275","DUSA","HY",108,52.7,1
"276","DUSA","AHY",111,47.2,1
"277","DUSA","HY",111,56.6,1
"278","JABO","AHY",114,47,1
"279","DUSA","AHY",115,54.1,1
"280","DUSA","HY",106,47.7,1
"281","DUSA","AHY",117,52.7,1
"282","DUSA","AHY",118,58.7,1
"283","DUSA","AHY",111,53.6,1
"284","DUSA","AHY",119,66,1
"285","DUSA","HY",113,45.5,1
"286","DUSA","HY",112,58.4,1
"287","DUSA","AHY",115,55.8,1
"288","DUSA","HY",108,48.4,1
"289","DUSA","AHY",116,55.3,1
"290","DUSA","AHY",109,59.1,1
"291","DUSA","AHY",114,52.2,1
"292","JABO","AHY",114,52.8,1
"293","DUSA","HY",117,57.5,1
"294","DUSA","AHY",109,51,1
"295","DUSA","AHY",112,59.9,1
"296","DUSA","AHY",117,56.3,1
"297","DUSA","HY",114,55.6,1
"298","DUSA","AHY",110,56.6,1
"299","JABO","AHY",114,51.9,1
"300","DUSA","HY",119,64,1
"301","DUSA","AHY",114,61.5,1
"302","DUSA","AHY",116,57.6,1
"303","DUSA","HY",109,54.5,1
"304","DUSA","HY",114,53.7,1
"305","DUSA","AHY",116,56.6,1
"306","DUSA","HY",107,58.4,1
"307","DUSA","HY",107,56,1
"308","DUSA","AHY",113,54.1,1
"309","TAPI","HY",68,12.5,1
"310","DUSA","HY",113,65.7,1
"311","DUSA","AHY",111,51.4,1
"312","JABO","AHY",109,48.3,1
"313","JABO","AHY",118,54.4,1
"314","DUSA","AHY",108,54.8,1
"315","DUSA","AHY",114,53,1
"316","DUSA","HY",112,50.4,1
"317","DUSA","HY",109,57,1
"318","DUSA","HY",112,55.7,1
"319","DUSA","HY",115,55.5,1
"320","DUSA","HY",114,64.5,1
"321","DUSA","AHY",118,60.8,1
"322","DUSA","HY",117,64.5,1
"323","DUSA","AHY",109,51.5,1
"324","DUSA","AHY",114,62.4,1
"325","DUSA","HY",115,56.7,1
"326","DUSA","AHY",118,63.5,1
"327","DUSA","AHY",114,54.2,1
"328","DUSA","AHY",109,48.9,1
"329","DUSA","HY",113,60,1
"330","DUSA","AHY",108,60.8,1
"331","DUSA","AHY",117,65.9,1
"332","DUSA","AHY",113,56.8,1
"333","DUSA","AHY",108,53.3,1
"334","DUSA","HY",118,60.7,1
"335","DUSA","AHY",115,60.4,1
"336","DUSA","AHY",112,54.4,1
"337","DUSA","HY",115,57.4,1
"338","JABO","HY",108,52.7,1
"339","JABO","AHY",104,49.9,1
"340","DUSA","AHY",112,53.9,1
"341","DUSA","AHY",113,53.6,1
"342","DUSA","HY",115,60.3,1
"343","DUSA","AHY",112,60.8,1
"344","DUSA","HY",111,54,1
"345","DUSA","AHY",114,54,1
"346","DUSA","AHY",116,60.1,1
"347","DUSA","AHY",112,55.6,1
"348","DUSA","HY",114,63,1
"349","DUSA","HY",116,61.2,1
"350","JABO","HY",113,47.6,1
"351","SIFL","HY",73,14,1
"352","SIFL","AHY",77,16.3,1
"353","DUSA","AHY",111,60.6,1
"354","DUSA","AHY",117,53.7,1
"355","DUSA","AHY",116,57.1,1
"356","DUSA","AHY",115,62.8,1
"357","DUSA","AHY",114,50.9,1
"358","DUSA","AHY",114,54.3,1
"359","DUSA","AHY",116,59.7,1
"360","DUSA","AHY",116,56.1,1
"361","DUSA","AHY",115,61.3,1
"362","DUSA","HY",116,54,1
"363","DUSA","HY",113,59.9,1
"364","DUSA","AHY",114,59.6,1
"365","DUSA","AHY",114,70.7,1
"366","DUSA","HY",116,60.5,1
"367","DUSA","HY",107,52.9,1
"368","DUSA","AHY",114,58.8,1
"369","SIFL","AHY",83,15.9,1
"370","SIFL","HY",74,13.5,1
"371","SIFL","AHY",73,12.7,1
"372","SIFL","HY",76,13.5,1
"373","SIFL","AHY",74,14.5,1
"374","SIFL","AHY",75,17.9,1
"375","SIFL","AHY",73,13.1,1
"376","SIFL","HY",69,14.1,1
"377","SIFL","AHY",72,12.8,1
"378","SIFL","AHY",71,12.8,1
"379","SIFL","AHY",74,14.4,1
"380","SIFL","AHY",77,16.3,1
"381","SIFL","HY",74,13.7,1
"382","SIFL","AHY",77,14.7,1
"383","SIFL","AHY",73,14.6,1
"384","DUSA","AHY",113,59.7,1
"385","DUSA","AHY",115,53.9,1
"386","DUSA","HY",112,54.7,1
"387","DUSA","AHY",113,54.7,1
"388","DUSA","AHY",105,49.1,1
"389","DUSA","AHY",114,57.3,1
"390","DUSA","AHY",113,61.6,1
"391","SIFL","AHY",78,17.8,1
"392","SIFL","AHY",76,14.3,1
"393","SIFL","AHY",79,18,1
"394","SIFL","AHY",69,13.6,1
"395","SIFL","AHY",67,11,1
"396","SIFL","HY",68,13.4,1
"397","SIFL","HY",73,11.7,1
"398","SIFL","HY",70,11.7,1
"399","SIFL","AHY",82,15.7,1
"400","TAPI","HY",70,12.9,1
"401","DUSA","HY",116,61.4,1
"402","DUSA","AHY",116,58.3,1
"403","SIFL","AHY",74,13.4,1
"404","SIFL","HY",77,13.9,1
"405","SIFL","AHY",74,13.9,1
"406","SIFL","HY",73,13,1
"407","SIFL","AHY",72,12.5,1
"408","SIFL","AHY",72,12,1
"409","SIFL","HY",71,11.4,1
"410","SIFL","AHY",72,13,1
"411","SIFL","AHY",73,13.2,1
"412","SIFL","AHY",73,14.8,1
"413","DUSA","HY",112,61.7,1
"414","DUSA","AHY",117,62,1
"415","DUSA","AHY",114,51.9,1
"416","DUSA","HY",112,69.3,1
"417","DUSA","AHY",122,66.1,1
"418","DUSA","AHY",114,61.5,1
"419","DUSA","AHY",120,62.7,1
"420","DUSA","AHY",115,56.3,1
"421","DUSA","AHY",113,57.9,1
"422","DUSA","AHY",118,71.8,1
"423","DUSA","AHY",117,66.9,1
"424","DUSA","AHY",114,49.6,1
"425","DUSA","HY",109,52.1,1
"426","DUSA","HY",113,59.8,1
"427","DUSA","HY",112,55.4,1
"428","DUSA","HY",115,58.2,1
"429","DUSA","HY",117,55.6,1
"430","DUSA","HY",114,54.4,1
"431","DUSA","HY",113,51.5,1
"432","DUSA","AHY",116,60.1,1
"433","DUSA","HY",114,58.5,1
"434","DUSA","AHY",113,56,1
"435","DUSA","HY",113,55,1
"436","SIFL","AHY",72,13.2,1
"437","SIFL","HY",73,12,1
"438","SIFL","HY",70,12.6,1
"439","SIFL","AHY",74,13.1,1
"440","SIFL","AHY",68,11.2,1
"441","SIFL","HY",75,17.5,1
"442","SIFL","HY",75,13.2,1
"443","SIFL","HY",69,11,1
"444","SIFL","AHY",77,13.9,1
"445","SIFL","AHY",74,14.1,1
"446","SIFL","HY",69,11,1
"447","SIFL","AHY",74,12.5,1
"448","SIFL","AHY",69,13.6,1
"449","SIFL","HY",70,13,1
"450","SIFL","AHY",72,NA,1
"451","SIFL","HY",62,11.8,1
"452","SIFL","AHY",70,12.6,1
"453","SIFL","AHY",74,13.3,1
"454","TAPI","HY",70,13.2,2
"455","TAPI","HY",70,13.5,2
"456","TAPI","HY",73,12.7,2
"457","TAPI","AHY",73,12.7,2
"458","TAPI","AHY",72,12.3,2
"459","TAPI","AHY",73,12.9,2
"460","TAPI","AHY",72,11.6,2
"461","TAPI","AHY",71,13.1,2
"462","TAPI","AHY",75,13,2
"463","TAPI","AHY",76,12.1,2
"464","TAPI","AHY",71,13.3,2
"465","TAPI","AHY",73,14.7,2
"466","TAPI","HY",75,13.7,2
"467","TAPI","AHY",73,13.2,2
"468","TAPI","HY",72,12.9,2
"469","TAPI","HY",70,11.5,2
"470","TAPI","AHY",75,13,2
"471","TAPI","AHY",75,12.7,2
"472","TAPI","AHY",73,12.7,2
"473","TAPI","AHY",71,13,2
"474","TAPI","AHY",74,12.1,2
"475","TAPI","AHY",75,13.7,2
"476","TAPI","HY",74,13.1,2
"477","TAPI","AHY",76,13.1,2
"478","TAPI","AHY",73,13.2,2
"479","TAPI","AHY",70,13.6,2
"480","TAPI","HY",71,13.7,2
"481","TAPI","HY",74,13.9,2
"482","TAPI","AHY",70,12.6,2
"483","TAPI","HY",70,12,2
"484","TAPI","AHY",73,12.4,2
"485","TAPI","HY",71,13.5,2
"486","TAPI","HY",70,12.6,2
"487","TAPI","HY",70,12.5,2
"488","TAPI","HY",75,12.3,2
"489","TAPI","HY",70,11.3,2
"490","TAPI","AHY",71,12.9,2
"491","TAPI","HY",70,13.1,2
"492","TAPI","AHY",73,11.6,2
"493","TAPI","AHY",70,12.7,2
"494","TAPI","AHY",74,13.6,2
"495","TAPI","AHY",71,13.8,2
"496","TAPI","HY",71,12.7,2
"497","TAPI","HY",72,12.5,2
"498","TAPI","HY",69,12.7,2
"499","TAPI","AHY",70,12.7,2
"500","TAPI","HY",71,12.7,2
"501","TAPI","AHY",73,13.9,2
"502","TAPI","AHY",73,12,2
"503","TAPI","AHY",70,12.6,2
"504","TAPI","AHY",74,12.8,2
"505","TAPI","AHY",71,12.4,2
"506","TAPI","AHY",72,12.7,2
"507","TAPI","HY",71,12.2,2
"508","TAPI","AHY",74,13,2
"509","TAPI","HY",72,15.1,2
"510","TAPI","HY",73,12.8,2
"511","TAPI","HY",72,13.3,2
"512","TAPI","HY",69,13.6,2
"513","TAPI","HY",68,12.5,2
"514","TAPI","AHY",75,12.7,2
"515","TAPI","AHY",70,12.1,2
"516","TAPI","HY",69,14.1,2
"517","TAPI","HY",72,13.8,2
"518","TAPI","AHY",72,14.1,2
"519","TAPI","AHY",69,14.1,2
"520","TAPI","AHY",70,13.5,2
"521","TAPI","HY",74,13.2,2
"522","TAPI","AHY",71,13.4,2
"523","TAPI","HY",69,12.8,2
"524","TAPI","AHY",68,12.6,2
"525","TAPI","HY",71,12.5,2
"526","TAPI","HY",72,14.1,2
"527","TAPI","HY",69,13.1,2
"528","TAPI","HY",67,12.1,2
"529","TAPI","HY",68,14,2
"530","TAPI","HY",72,12.4,2
"531","TAPI","HY",69,13.5,2
"532","TAPI","HY",69,12.2,2
"533","TAPI","HY",76,13.5,2
"534","TAPI","AHY",70,11.7,2
"535","TAPI","AHY",72,12.6,2
"536","TAPI","HY",72,13.2,2
"537","TAPI","HY",70,13.4,2
"538","TAPI","HY",71,12.6,2
"539","TAPI","HY",70,13,2
"540","TAPI","HY",70,13.1,2
"541","TAPI","HY",72,16.4,2
"542","TAPI","AHY",70,14.3,2
"543","TAPI","HY",71,13.2,2
"544","TAPI","AHY",74,12.7,2
"545","TAPI","HY",74,13.7,2
"546","TAPI","HY",73,14.6,2
"547","TAPI","AHY",76,14.2,2
"548","TAPI","AHY",69,12.1,2
"549","TAPI","AHY",74,13.6,2
"550","TAPI","HY",71,12.4,2
"551","TAPI","HY",71,13.8,2
"552","TAPI","HY",72,14,2
"553","TAPI","AHY",74,12.5,2
"554","TAPI","HY",70,13.5,2
"555","TAPI","HY",68,12.8,2
"556","TAPI","HY",75,13.1,2
"557","TAPI","HY",74,15.7,2
"558","TAPI","HY",72,NA,2
"559","TAPI","HY",74,13,2
"560","TAPI","AHY",74,12.5,2
"561","TAPI","HY",72,13.7,2
"562","TAPI","AHY",71,12.1,2
"563","TAPI","HY",70,13.1,2
"564","TAPI","AHY",71,12.4,2
"565","TAPI","AHY",76,15.4,2
"566","TAPI","HY",73,12.4,2
"567","TAPI","HY",71,13.1,2
"568","TAPI","AHY",71,14.2,2
"569","TAPI","HY",67,13.8,2
"570","TAPI","AHY",74,15.1,2
"571","TAPI","AHY",74,NA,2
"572","TAPI","AHY",70,11.7,2
"573","TAPI","AHY",72,11.6,2
"574","TAPI","HY",69,12.2,2
"575","TAPI","HY",69,14.2,2
"576","TAPI","HY",71,14.7,2
"577","TAPI","HY",71,12.5,2
"578","TAPI","HY",69,12.8,2
"579","TAPI","HY",68,12.3,2
"580","TAPI","HY",74,13,2
"581","TAPI","HY",73,11.9,2
"582","TAPI","HY",67,12.5,2
"583","TAPI","AHY",73,14.4,2
"584","TAPI","AHY",74,12.6,2
"585","TAPI","HY",71,13.9,2
"586","TAPI","HY",70,13.3,2
"587","TAPI","HY",71,13.1,2
"588","TAPI","HY",70,12.6,2
"589","TAPI","HY",69,11.1,2
"590","TAPI","AHY",74,13.4,2
"591","TAPI","AHY",71,14.1,2
"592","TAPI","AHY",72,13.4,2
"593","TAPI","HY",71,17.8,2
"594","TAPI","AHY",70,12,2
"595","TAPI","HY",68,11.6,2
"596","TAPI","HY",72,13.6,2
"597","TAPI","AHY",71,12.9,2
"598","TAPI","HY",70,13.1,2
"599","TAPI","HY",70,12.6,2
"600","TAPI","HY",72,13,2
"601","TAPI","AHY",70,13.9,2
"602","TAPI","AHY",72,12.9,2
"603","TAPI","AHY",76,12.6,2
"604","TAPI","AHY",72,14.8,2
"605","TAPI","HY",73,13.1,2
"606","TAPI","HY",71,13.6,2
"607","TAPI","AHY",74,14.9,2
"608","TAPI","AHY",70,13,2
"609","TAPI","AHY",71,13.1,2
"610","TAPI","AHY",73,13.2,2
"611","TAPI","AHY",68,12.8,2
"612","TAPI","AHY",76,16,2
"613","TAPI","AHY",74,13.8,2
"614","TAPI","HY",71,11.6,2
"615","TAPI","AHY",74,14.2,2
"616","TAPI","HY",71,13.3,2
"617","TAPI","HY",72,13,2
"618","TAPI","HY",68,12.1,2
"619","TAPI","AHY",73,13.6,2
"620","TAPI","AHY",71,13.5,2
"621","TAPI","HY",72,13.3,2
"622","TAPI","AHY",70,13.6,2
"623","TAPI","HY",70,NA,2
"624","TAPI","AHY",72,14.3,2
"625","TAPI","AHY",74,12.8,2
"626","TAPI","AHY",71,13.3,2
"627","TAPI","AHY",73,13.1,2
"628","TAPI","AHY",74,12.8,2
"629","TAPI","AHY",69,13.6,2
"630","TAPI","AHY",74,13.8,2
"631","TAPI","HY",67,12,2
"632","TAPI","AHY",69,13.1,2
"633","TAPI","AHY",71,14.5,2
"634","TAPI","AHY",72,14.4,2
"635","TAPI","AHY",73,12.8,2
"636","TAPI","HY",71,14.6,2
"637","TAPI","HY",75,12.9,2
"638","TAPI","AHY",75,13.1,2
"639","TAPI","AHY",75,13.4,2
"640","TAPI","AHY",75,13.8,2
"641","TAPI","HY",70,12,2
"642","TAPI","HY",70,12.2,2
"643","TAPI","HY",70,12.1,2
"644","TAPI","HY",72,11.8,2
"645","TAPI","HY",74,13.8,2
"646","TAPI","AHY",71,13.2,2
"647","TAPI","AHY",76,12.3,2
"648","TAPI","HY",72,12.4,2
"649","TAPI","HY",70,11.8,2
"650","TAPI","HY",70,12.4,2
"651","TAPI","HY",71,12.5,2
"652","TAPI","HY",71,13.5,2
"653","TAPI","HY",69,12.5,2
"654","TAPI","HY",70,13.1,2
"655","TAPI","HY",72,14.2,2
"656","TAPI","AHY",70,12.9,2
"657","TAPI","AHY",77,13.9,2
"658","TAPI","AHY",74,14.1,2
"659","TAPI","AHY",72,12.3,2
"660","TAPI","HY",71,13.3,2
"661","TAPI","AHY",71,13,2
"662","TAPI","HY",70,12.7,2
"663","TAPI","AHY",74,13.1,2
"664","TAPI","HY",71,13.1,2
"665","TAPI","AHY",72,14.4,2
"666","TAPI","HY",74,14.2,2
"667","TAPI","AHY",72,12.7,2
"668","TAPI","AHY",74,13.3,2
"669","TAPI","HY",70,13.7,2
"670","TAPI","HY",68,13.6,2
"671","TAPI","AHY",71,13.2,2
"672","TAPI","HY",72,14.1,2
"673","TAPI","AHY",71,12.7,2
"674","TAPI","HY",69,13.2,2
"675","TAPI","AHY",70,12.5,2
"676","TAPI","HY",72,13.5,2
"677","TAPI","HY",69,12.1,2
"678","TAPI","HY",71,12.9,2
"679","TAPI","AHY",74,13.3,2
"680","TAPI","AHY",71,13.3,2
"681","TAPI","AHY",74,14.1,2
"682","TAPI","AHY",75,13.2,2
"683","TAPI","HY",69,15.5,2
"684","TAPI","HY",74,13.9,2
"685","TAPI","AHY",69,12.7,2
"686","TAPI","HY",70,12.7,2
"687","TAPI","AHY",74,13.1,2
"688","TAPI","AHY",74,13.1,2
"689","TAPI","AHY",73,13.1,2
"690","TAPI","HY",69,13.3,2
"691","TAPI","AHY",71,12.5,2
"692","TAPI","AHY",70,14,2
"693","TAPI","AHY",72,13.4,2
"694","TAPI","AHY",74,12.4,2
"695","TAPI","HY",69,12.2,2
"696","TAPI","AHY",72,14.8,2
"697","TAPI","AHY",72,16.2,2
"698","TAPI","HY",67,12,2
"699","TAPI","AHY",73,12.9,2
"700","TAPI","AHY",74,13.2,2
"701","TAPI","AHY",76,15.5,2
"702","TAPI","HY",69,11.7,2
"703","TAPI","AHY",73,12.7,2
"704","TAPI","HY",72,13.1,2
"705","TAPI","AHY",73,13.9,2
"706","TAPI","HY",71,14.3,2
"707","TAPI","HY",71,12.6,2
"708","TAPI","HY",69,13,2
"709","TAPI","AHY",74,12.9,2
"710","TAPI","AHY",71,13.2,2
"711","TAPI","HY",73,12.3,2
"712","TAPI","HY",74,14,2
"713","TAPI","HY",73,14.8,2
"714","TAPI","HY",72,12.9,2
"715","TAPI","AHY",74,13.9,2
"716","TAPI","AHY",73,13.6,2
"717","TAPI","HY",69,11.8,2
"718","TAPI","HY",67,13.9,2
"719","TAPI","HY",71,13.3,2
"720","TAPI","HY",73,13.8,2
"721","TAPI","AHY",74,12.8,2
"722","TAPI","HY",74,14.7,2
"723","TAPI","HY",68,13.3,2
"724","TAPI","HY",71,12.9,2
"725","TAPI","AHY",72,14,2
"726","TAPI","AHY",68,11.9,2
"727","TAPI","AHY",73,13.7,2
"728","TAPI","AHY",72,12.3,2
"729","TAPI","HY",70,12.4,2
"730","TAPI","HY",71,13.2,2
"731","TAPI","AHY",73,14.4,2
"732","TAPI","HY",68,11.8,2
"733","TAPI","AHY",73,14.7,2
"734","TAPI","HY",74,13.6,2
"735","TAPI","HY",70,12.9,2
"736","TAPI","HY",68,13.7,2
"737","TAPI","AHY",72,NA,2
"738","TAPI","HY",74,14.6,2
"739","TAPI","HY",72,13.7,2
"740","TAPI","HY",72,13.8,2
"741","TAPI","HY",74,13.5,2
"742","TAPI","HY",74,12.6,2
"743","TAPI","AHY",73,13.6,2
"744","TAPI","HY",73,13.5,2
"745","TAPI","HY",70,13.5,2
"746","TAPI","HY",72,13.3,2
"747","TAPI","HY",70,13.4,2
"748","TAPI","HY",69,13.2,2
"749","TAPI","HY",69,13.7,2
"750","TAPI","AHY",70,14.5,2
"751","TAPI","HY",71,13.7,2
"752","TAPI","HY",70,12.4,2
"753","TAPI","AHY",69,12.8,2
"754","TAPI","AHY",76,13.5,2
"755","TAPI","HY",72,14.1,2
"756","TAPI","HY",70,13.7,2
"757","TAPI","AHY",73,12.9,2
"758","TAPI","AHY",76,12.5,2
"759","TAPI","HY",71,13.2,2
"760","TAPI","HY",69,13.6,2
"761","TAPI","AHY",71,13,2
"762","TAPI","HY",71,13,2
"763","TAPI","AHY",69,12.1,2
"764","TAPI","HY",69,12.2,2
"765","TAPI","AHY",69,13.3,2
"766","TAPI","AHY",69,12.5,2
"767","TAPI","AHY",69,12.8,2
"768","TAPI","HY",72,12.6,2
"769","TAPI","AHY",69,12.6,2
"770","TAPI","AHY",73,12.6,2
"771","TAPI","HY",73,12.1,2
"772","TAPI","AHY",69,14.1,2
"773","TAPI","HY",73,13.4,2
"774","TAPI","AHY",72,12.9,2
"775","TAPI","AHY",73,13.8,2
"776","TAPI","HY",69,13.4,2
"777","TAPI","AHY",75,13.1,2
"778","TAPI","AHY",76,15.4,2
"779","TAPI","HY",NA,NA,2
"780","TAPI","AHY",72,12.9,2
"781","TAPI","HY",67,12.9,2
"782","TAPI","HY",70,13.4,2
"783","TAPI","HY",72,13.6,2
"784","TAPI","AHY",70,11.3,2
"785","TAPI","HY",72,12.8,2
"786","TAPI","AHY",73,13.8,2
"787","TAPI","AHY",71,13.5,2
"788","TAPI","AHY",76,12.9,2
"789","TAPI","HY",72,13.4,2
"790","TAPI","AHY",69,12.8,2
"791","TAPI","AHY",73,12.9,2
"792","TAPI","AHY",74,12.6,2
"793","TAPI","AHY",68,12.8,2
"794","TAPI","HY",72,13.3,2
"795","TAPI","HY",72,13.8,2
"796","TAPI","HY",76,14.4,2
"797","TAPI","AHY",73,12.9,2
"798","TAPI","HY",73,13.3,2
"799","TAPI","HY",71,13.3,2
"800","SIFL","AHY",72,11.9,2
"801","TAPI","AHY",70,13.7,2
"802","TAPI","HY",73,13.6,2
"803","TAPI","HY",69,13.7,2
"804","TAPI","HY",68,13.3,2
"805","TAPI","AHY",73,12.3,2
"806","TAPI","AHY",72,12,2
"807","TAPI","AHY",73,12,2
"808","TAPI","HY",72,13.6,2
"809","TAPI","AHY",71,12.2,2
"810","TAPI","HY",74,13.1,2
"811","TAPI","AHY",71,12.5,2
"812","SIFL","AHY",76,13,2
"813","SIFL","HY",72,13.1,2
"814","SIFL","HY",68,10.9,2
"815","TAPI","AHY",72,13.7,2
"816","TAPI","HY",72,14.2,2
"817","TAPI","AHY",68,13.2,2
"818","TAPI","AHY",74,12.5,2
"819","TAPI","HY",74,12.9,2
"820","TAPI","HY",71,11.9,2
"821","TAPI","HY",70,12.7,2
"822","TAPI","HY",71,13.4,2
"823","TAPI","HY",70,13.2,2
"824","TAPI","AHY",71,13.4,2
"825","TAPI","HY",73,12.8,2
"826","SIFL","AHY",69,12.1,2
"827","TAPI","AHY",72,NA,2
"828","TAPI","AHY",72,13.5,2
"829","TAPI","HY",71,12.8,2
"830","TAPI","HY",71,12.6,2
"831","TAPI","HY",69,12.3,2
"832","TAPI","AHY",73,13.8,2
"833","TAPI","HY",72,13.2,2
"834","TAPI","HY",74,12.3,2
"835","TAPI","AHY",71,13.1,2
"836","TAPI","AHY",71,13.2,2
"837","TAPI","HY",72,12,2
"838","TAPI","HY",67,12.1,2
"839","TAPI","HY",74,13,2
"840","TAPI","HY",75,12.1,2
"841","TAPI","AHY",73,12.7,2
"842","TAPI","HY",69,13.6,2
"843","TAPI","HY",74,12.9,2
"844","TAPI","AHY",71,13.5,2
"845","TAPI","AHY",74,12.6,2
"846","TAPI","AHY",74,14.7,2
"847","TAPI","AHY",71,12.2,2
"848","TAPI","HY",74,13.3,2
"849","TAPI","HY",70,13.7,2
"850","TAPI","AHY",71,14.2,2
"851","TAPI","AHY",68,13,2
"852","TAPI","HY",71,12.7,2
"853","TAPI","HY",74,12.5,2
"854","TAPI","HY",68,12.4,2
"855","TAPI","HY",70,12.4,2
"856","TAPI","HY",69,12.5,2
"857","TAPI","HY",71,12,2
"858","TAPI","HY",73,13.2,2
"859","TAPI","AHY",72,13.3,2
"860","TAPI","HY",74,12.5,2
"861","TAPI","HY",70,12.3,2
"862","TAPI","AHY",72,13.5,2
"863","TAPI","HY",72,13.7,2
"864","TAPI","HY",71,14.4,2
"865","TAPI","HY",70,13.7,2
"866","TAPI","HY",73,13.1,2
"867","SIFL","HY",72,12,2
"868","SIFL","AHY",74,12.8,2
"869","TAPI","HY",71,12.4,2
"870","SIFL","AHY",79,15.7,2
"871","TAPI","AHY",75,13.1,2
"872","TAPI","AHY",74,13.1,2
"873","SIFL","AHY",72,13.6,2
"874","SIFL","AHY",72,14.8,2
"875","SIFL","AHY",73,12.5,2
"876","SIFL","HY",72,13.2,2
"877","SIFL","AHY",71,12.2,2
"878","SIFL","HY",71,12.8,2
"879","SIFL","AHY",75,12.4,2
"880","SIFL","HY",72,13.2,2
"881","SIFL","HY",73,13.6,2
"882","SIFL","HY",70,12.5,2
"883","SIFL","HY",71,13.4,2
"884","SIFL","HY",69,11.4,2
"885","SIFL","AHY",73,13.9,2
"886","SIFL","HY",73,13.4,2
"887","SIFL","HY",75,13.1,2
"888","SIFL","HY",70,11.5,2
"889","SIFL","AHY",72,12.6,2
"890","SIFL","AHY",75,15.4,2
"891","SIFL","HY",71,12.7,2
"892","SIFL","HY",72,12.5,2
"893","SIFL","HY",71,12.6,2
"894","SIFL","HY",72,12.3,2
"895","SIFL","HY",73,13.6,2
"896","SIFL","HY",75,13.7,2
"897","SIFL","HY",71,11.4,2
"898","SIFL","AHY",75,12.5,2
"899","SIFL","AHY",71,12,2
"900","SIFL","AHY",75,14.1,2
"901","SIFL","HY",71,13.6,2
"902","SIFL","AHY",73,13.5,2
"903","SIFL","HY",74,12.7,2
"904","SIFL","HY",71,12.3,2
"905","SIFL","HY",74,14.1,2
"906","SIFL","AHY",75,12.9,2
"907","SIFL","HY",73,13.8,2
"908","SIFL","HY",70,13,2
"909","SIFL","AHY",74,12.2,2
"910","SIFL","AHY",72,11.9,2
"911","DUSA","HY",111,61.4,2
"912","DUSA","AHY",110,55.8,2
"913","DUSA","HY",119,64.5,2
"914","DUSA","HY",104,50,2
"915","DUSA","AHY",115,63.5,2
"916","SIFL","HY",72,13.9,2
"917","SIFL","AHY",69,11.8,2
"918","SIFL","AHY",73,13.2,2
"919","SIFL","AHY",72,15.4,2
"920","SIFL","AHY",73,12.5,2
"921","SIFL","HY",73,13.7,2
"922","SIFL","AHY",75,12.3,2
"923","SIFL","HY",72,14.1,2
"924","SIFL","AHY",72,12.8,2
"925","SIFL","HY",72,13,2
"926","SIFL","AHY",76,14.6,2
"927","SIFL","HY",78,17.3,2
"928","SIFL","AHY",75,13.6,2
"929","SIFL","AHY",74,12.8,2
"930","SIFL","HY",73,13.5,2
"931","SIFL","AHY",74,13,2
"932","SIFL","HY",74,14.2,2
"933","SIFL","HY",71,13.3,2
"934","SIFL","HY",75,14.2,2
"935","SIFL","HY",70,14.1,2
"936","SIFL","HY",75,14,2
"937","SIFL","HY",71,11.4,2
"938","SIFL","HY",71,12.8,2
"939","SIFL","HY",74,13.6,2
"940","SIFL","HY",71,15.1,2
"941","SIFL","HY",69,12.5,2
"942","SIFL","HY",72,13.1,2
"943","SIFL","AHY",75,13.5,2
"944","SIFL","HY",75,13.5,2
"945","SIFL","HY",70,12.4,2
"946","SIFL","AHY",73,14.2,2
"947","SIFL","AHY",71,11.9,2
"948","SIFL","AHY",70,12.5,2
"949","SIFL","HY",71,12.8,2
"950","SIFL","HY",73,13,2
"951","SIFL","HY",70,13.7,2
"952","SIFL","AHY",71,14.5,2
"953","SIFL","AHY",73,12.9,2
"954","SIFL","AHY",72,13.5,2
"955","SIFL","AHY",72,12.6,2
"956","SIFL","HY",71,13.7,2
"957","SIFL","HY",70,12.2,2
"958","SIFL","AHY",73,13.6,2
"959","SIFL","AHY",72,13.1,2
"960","SIFL","AHY",75,15.6,2
"961","SIFL","HY",71,12,2
"962","SIFL","HY",70,13.3,2
"963","SIFL","AHY",74,13.3,2
"964","SIFL","HY",72,13.8,2
"965","JABO","HY",114,58.1,2
"966","SIFL","HY",72,12.3,2
"967","SIFL","HY",72,12.6,2
"968","SIFL","HY",69,12.5,2
"969","SIFL","AHY",76,13.3,2
"970","SIFL","AHY",74,12.8,2
"971","SIFL","HY",75,13.4,2
"972","SIFL","AHY",71,12.8,2
"973","SIFL","HY",70,11.9,2
"974","SIFL","AHY",72,12.1,2
"975","SIFL","AHY",74,12.9,2
"976","SIFL","HY",69,13,2
"977","SIFL","HY",75,NA,2
"978","SIFL","AHY",75,14.2,2
"979","SIFL","HY",70,11.9,2
"980","SIFL","AHY",75,14.2,2
"981","SIFL","HY",70,12.8,2
"982","SIFL","HY",71,11.5,2
"983","DUSA","HY",115,58.6,2
"984","DUSA","AHY",105,49.3,2
"985","DUSA","AHY",110,57.4,2
"986","DUSA","AHY",112,55.5,2
"987","DUSA","AHY",115,55.2,2
"988","DUSA","HY",111,46.1,2
"989","DUSA","HY",114,62,2
"990","DUSA","HY",108,54.4,2
"991","DUSA","HY",114,60.5,2
"992","DUSA","HY",113,60,2
"993","DUSA","HY",107,54.9,2
"994","JABO","AHY",116,60.7,2
"995","JABO","HY",112,54.8,2
"996","JABO","HY",115,51.4,2
"997","SIFL","AHY",75,12,2
"998","SIFL","AHY",74,13,2
"999","SIFL","HY",69,13.1,2
"1000","SIFL","AHY",74,13.4,2
"1001","SIFL","AHY",73,12.3,2
"1002","SIFL","AHY",75,13.1,2
"1003","SIFL","AHY",74,13.2,2
"1004","SIFL","AHY",71,13.6,2
"1005","SIFL","AHY",76,13,2
"1006","SIFL","HY",68,12,2
"1007","DUSA","HY",108,52.9,2
"1008","DUSA","AHY",116,54.9,2
"1009","DUSA","AHY",110,55.6,2
"1010","DUSA","AHY",116,60.8,2
"1011","DUSA","AHY",108,58.9,2
"1012","DUSA","HY",114,59.1,2
"1013","DUSA","HY",110,55.7,2
"1014","DUSA","AHY",109,56.6,2
"1015","DUSA","HY",106,51,2
"1016","DUSA","HY",104,51.2,2
"1017","DUSA","HY",113,58.4,2
"1018","DUSA","HY",102,49.4,2
"1019","DUSA","HY",107,57.7,2
"1020","DUSA","HY",109,53.3,2
"1021","DUSA","HY",113,54.3,2
"1022","DUSA","HY",109,54.2,2
"1023","DUSA","HY",108,54.3,2
"1024","DUSA","HY",109,57.2,2
"1025","DUSA","HY",113,54.4,2
"1026","DUSA","HY",110,54.1,2
"1027","DUSA","HY",113,57.1,2
"1028","DUSA","HY",112,54.4,2
"1029","DUSA","HY",112,58.5,2
"1030","DUSA","HY",110,52.7,2
"1031","DUSA","HY",111,52.6,2
"1032","DUSA","HY",109,53.9,2
"1033","DUSA","HY",110,55.1,2
"1034","DUSA","HY",107,48.7,2
"1035","DUSA","HY",112,57.1,2
"1036","JABO","HY",114,51.9,2
"1037","JABO","HY",108,55.4,2
"1038","JABO","HY",114,57.5,2
"1039","JABO","HY",112,55.6,2
"1040","JABO","AHY",110,47.2,2
"1041","JABO","AHY",116,54.1,2
"1042","JABO","HY",115,53.4,2
"1043","DUSA","HY",110,53.1,2
"1044","DUSA","HY",114,64.4,2
"1045","DUSA","HY",113,64.2,2
"1046","DUSA","HY",116,57.1,2
"1047","DUSA","HY",110,56.2,2
"1048","JABO","HY",112,51.6,2
"1049","JABO","HY",115,49.6,2
"1050","JABO","HY",114,51.1,2
"1051","JABO","HY",116,61,2
"1052","JABO","AHY",116,60.2,2
"1053","JABO","HY",112,58.3,2
"1054","JABO","HY",110,54.1,2
"1055","JABO","HY",116,54.3,2
"1056","JABO","AHY",113,53.2,2
"1057","JABO","HY",115,57.5,2
"1058","JABO","HY",114,58.6,2
"1059","JABO","AHY",114,59.3,2
"1060","JABO","HY",115,59.4,2
"1061","JABO","HY",112,53.2,2
"1062","JABO","HY",111,48.1,2
"1063","JABO","HY",115,57.5,2
"1064","JABO","HY",115,58,2
"1065","JABO","HY",115,56,2
"1066","JABO","HY",118,61,2
"1067","JABO","HY",112,48.4,2
"1068","DUSA","HY",114,60.1,2
"1069","DUSA","HY",106,51.5,2
"1070","DUSA","AHY",109,54.7,2
"1071","DUSA","HY",114,60,2
"1072","DUSA","HY",114,53.8,2
"1073","DUSA","HY",115,58.1,2
"1074","DUSA","HY",111,58.6,2
"1075","DUSA","HY",109,61.6,2
"1076","DUSA","HY",112,67.1,2
"1077","JABO","HY",112,59.6,2
"1078","JABO","HY",115,57.3,2
"1079","JABO","HY",113,52.5,2
"1080","JABO","HY",117,58.2,2
"1081","JABO","HY",110,56.6,2
"1082","JABO","HY",114,60.1,2
"1083","JABO","HY",120,58.9,2
"1084","JABO","HY",116,62,2
"1085","JABO","HY",109,57.2,2
"1086","DUSA","HY",111,51.7,2
"1087","DUSA","HY",114,55.8,2
"1088","DUSA","AHY",110,57.6,2
"1089","DUSA","HY",109,54.8,2
"1090","SIFL","HY",75,13.2,2
"1091","DUSA","AHY",116,57.4,2
"1092","DUSA","AHY",112,60.4,2
"1093","JABO","HY",114,60,2
"1094","JABO","HY",114,57.4,2
"1095","JABO","HY",119,55.9,2
"1096","JABO","HY",119,61.9,2
"1097","JABO","HY",108,50.5,2
"1098","JABO","HY",114,60.2,2
"1099","JABO","HY",113,61.8,2
"1100","JABO","HY",115,61.1,2
"1101","JABO","HY",118,60,2
"1102","JABO","HY",110,51.6,2
"1103","JABO","HY",116,57.8,2
"1104","JABO","HY",110,50.1,2
"1105","JABO","AHY",117,58.1,2
"1106","JABO","AHY",116,51.5,2
"1107","JABO","AHY",113,56.8,2
"1108","JABO","HY",117,54.3,2
"1109","JABO","HY",113,53.7,2
"1110","DUSA","AHY",122,58.8,2
"1111","DUSA","AHY",109,60.2,2
"1112","DUSA","HY",112,61.6,2
"1113","DUSA","AHY",114,65.1,2
"1114","DUSA","AHY",114,54.6,2
"1115","DUSA","AHY",116,65.5,2
"1116","DUSA","AHY",112,54.7,2
"1117","JABO","HY",114,60.1,2
"1118","JABO","AHY",115,60.4,2
"1119","DUSA","HY",116,57.4,2
"1120","DUSA","HY",112,58.3,2
"1121","JABO","HY",113,65.5,2
"1122","JABO","HY",110,60.3,2
"1123","JABO","HY",112,58.2,2
"1124","JABO","HY",113,55.9,2
"1125","JABO","HY",116,58.5,2
"1126","JABO","AHY",116,65.4,2
"1127","JABO","HY",114,62,2
"1128","JABO","AHY",115,63.9,2
"1129","JABO","AHY",112,61.1,2
"1130","JABO","HY",115,56.3,2
"1131","JABO","HY",115,58.2,2
"1132","JABO","HY",116,58.4,2
"1133","JABO","HY",114,61.4,2
"1134","JABO","HY",112,56.8,2
"1135","JABO","HY",111,60.1,2
"1136","DUSA","HY",110,56,2
"1137","JABO","HY",115,54.1,2
"1138","DUSA","AHY",116,59,2
"1139","TAPI","HY",72,13,3
"1140","TAPI","AHY",74,13.9,3
"1141","TAPI","AHY",71,12.1,3
"1142","TAPI","AHY",70,12.5,3
"1143","TAPI","AHY",71,12.3,3
"1144","TAPI","HY",75,12.6,3
"1145","TAPI","HY",69,12.8,3
"1146","TAPI","HY",74,12.7,3
"1147","TAPI","HY",69,12.9,3
"1148","TAPI","HY",70,13.7,3
"1149","TAPI","AHY",70,14.9,3
"1150","TAPI","AHY",73,13.4,3
"1151","TAPI","HY",69,13.9,3
"1152","TAPI","AHY",72,14.9,3
"1153","TAPI","HY",71,13.8,3
"1154","TAPI","HY",71,13,3
"1155","TAPI","AHY",72,14.6,3
"1156","TAPI","HY",72,13.3,3
"1157","TAPI","AHY",72,13,3
"1158","TAPI","HY",68,12.8,3
"1159","TAPI","HY",74,12.6,3
"1160","TAPI","AHY",72,14,3
"1161","TAPI","HY",71,13.8,3
"1162","TAPI","HY",70,11.9,3
"1163","TAPI","HY",73,13.7,3
"1164","TAPI","HY",70,13.2,3
"1165","TAPI","HY",71,13.5,3
"1166","TAPI","HY",71,12.7,3
"1167","TAPI","HY",72,13.3,3
"1168","TAPI","HY",68,12.8,3
"1169","TAPI","AHY",72,12.7,3
"1170","TAPI","HY",73,13,3
"1171","TAPI","HY",70,13.2,3
"1172","TAPI","AHY",74,15.3,3
"1173","TAPI","HY",71,13.2,3
"1174","TAPI","AHY",69,13.3,3
"1175","TAPI","AHY",73,13,3
"1176","TAPI","AHY",75,14,3
"1177","TAPI","AHY",73,13.7,3
"1178","TAPI","AHY",74,14.9,3
"1179","TAPI","HY",71,14.2,3
"1180","TAPI","HY",71,12.5,3
"1181","TAPI","HY",72,13,3
"1182","TAPI","AHY",74,14.3,3
"1183","TAPI","HY",70,11.8,3
"1184","TAPI","HY",75,13.9,3
"1185","TAPI","HY",73,13.2,3
"1186","TAPI","HY",69,12.3,3
"1187","TAPI","HY",70,13,3
"1188","TAPI","HY",74,14.1,3
"1189","TAPI","AHY",74,13.3,3
"1190","TAPI","HY",69,13.7,3
"1191","TAPI","AHY",76,14.4,3
"1192","TAPI","HY",73,15.2,3
"1193","TAPI","HY",74,14.9,3
"1194","TAPI","HY",75,14.1,3
"1195","TAPI","AHY",73,14,3
"1196","TAPI","HY",74,15.2,3
"1197","TAPI","AHY",71,13.2,3
"1198","TAPI","HY",72,13.2,3
"1199","TAPI","AHY",74,15.3,3
"1200","TAPI","HY",68,14.2,3
"1201","TAPI","HY",75,14,3
"1202","TAPI","HY",72,13.4,3
"1203","TAPI","HY",71,14.5,3
"1204","TAPI","HY",71,14,3
"1205","TAPI","AHY",73,13.7,3
"1206","TAPI","HY",74,14.7,3
"1207","TAPI","HY",65,12,3
"1208","TAPI","HY",72,13.6,3
"1209","TAPI","HY",73,14.6,3
"1210","TAPI","HY",70,13.7,3
"1211","TAPI","AHY",74,12.8,3
"1212","TAPI","HY",71,14.7,3
"1213","TAPI","HY",71,15.1,3
"1214","SIFL","AHY",71,12.1,3
"1215","SIFL","HY",71,12.6,3
"1216","SIFL","HY",70,12.3,3
"1217","TAPI","HY",73,14.9,3
"1218","TAPI","HY",72,13.9,3
"1219","TAPI","HY",74,14.8,3
"1220","TAPI","HY",69,13.5,3
"1221","TAPI","AHY",73,14,3
"1222","TAPI","AHY",75,14.7,3
"1223","TAPI","AHY",73,13.8,3
"1224","TAPI","AHY",71,14.9,3
"1225","TAPI","AHY",73,13.1,3
"1226","TAPI","AHY",71,13.5,3
"1227","SIFL","HY",72,13.1,3
"1228","SIFL","HY",71,12.8,3
"1229","TAPI","HY",68,12.8,3
"1230","TAPI","HY",70,13.6,3
"1231","TAPI","HY",71,14.8,3
"1232","TAPI","AHY",71,13.5,3
"1233","TAPI","AHY",72,15,3
"1234","TAPI","HY",74,14.8,3
"1235","TAPI","AHY",70,13.6,3
"1236","TAPI","HY",71,14.4,3
"1237","TAPI","AHY",73,16.6,3
"1238","TAPI","AHY",72,13.9,3
"1239","TAPI","HY",70,12.8,3
"1240","SIFL","HY",78,12.7,3
"1241","TAPI","AHY",74,13.7,3
"1242","TAPI","AHY",74,12.9,3
"1243","TAPI","HY",71,13.9,3
"1244","TAPI","AHY",68,13.9,3
"1245","TAPI","HY",71,12.9,3
"1246","TAPI","HY",71,14,3
"1247","TAPI","HY",70,14.1,3
"1248","TAPI","AHY",72,12,3
"1249","JABO","AHY",112,59.3,3
"1250","DUSA","HY",111,57.8,3
"1251","JABO","HY",116,63,3
"1252","JABO","AHY",115,59.7,3
"1253","JABO","HY",111,57.4,3
"1254","JABO","HY",115,58.9,3
"1255","JABO","AHY",112,57.3,3
"1256","JABO","HY",112,58.6,3
"1257","JABO","HY",115,56.4,3
"1258","JABO","HY",117,57.9,3
"1259","JABO","HY",111,62.3,3
"1260","JABO","HY",115,64.6,3
"1261","JABO","HY",113,53.3,3
"1262","SIFL","HY",71,13.8,3
"1263","SIFL","HY",70,12.3,3
"1264","SIFL","AHY",73,13.2,3
"1265","SIFL","AHY",75,12.8,3
"1266","SIFL","AHY",71,12.2,3
"1267","SIFL","AHY",71,13.8,3
"1268","SIFL","HY",72,13.5,3
"1269","SIFL","AHY",76,14.7,3
"1270","TAPI","AHY",73,13.7,3
"1271","TAPI","HY",69,13.1,3
"1272","TAPI","AHY",76,13.6,3
"1273","TAPI","HY",74,15,3
"1274","TAPI","AHY",71,14,3
"1275","TAPI","HY",73,14.1,3
"1276","TAPI","HY",71,15.1,3
"1277","TAPI","HY",71,13.7,3
"1278","TAPI","HY",70,12.9,3
"1279","TAPI","HY",73,13.7,3
"1280","TAPI","AHY",71,13.6,3
"1281","TAPI","AHY",75,13.8,3
"1282","TAPI","HY",70,14.6,3
"1283","TAPI","AHY",72,13.5,3
"1284","TAPI","AHY",72,14.2,3
"1285","TAPI","AHY",72,14.4,3
"1286","DUSA","HY",113,65.4,3
"1287","DUSA","AHY",117,60.3,3
"1288","DUSA","HY",112,61.7,3
"1289","DUSA","AHY",112,55.4,3
"1290","DUSA","HY",108,55,3
"1291","DUSA","HY",110,47.2,3
"1292","DUSA","HY",112,61,3
"1293","DUSA","AHY",113,61.8,3
"1294","DUSA","HY",109,63.6,3
"1295","DUSA","HY",108,64.3,3
"1296","DUSA","HY",112,61.8,3
"1297","TAPI","AHY",72,13.8,3
"1298","TAPI","HY",72,13.8,3
"1299","TAPI","AHY",74,14.1,3
"1300","TAPI","AHY",70,13.8,3
"1301","TAPI","AHY",74,13.3,3
"1302","TAPI","HY",71,15.6,3
"1303","TAPI","HY",72,13.4,3
"1304","TAPI","AHY",74,13.6,3
"1305","TAPI","AHY",73,13.2,3
"1306","TAPI","AHY",71,12.1,3
"1307","TAPI","HY",71,14.5,3
"1308","TAPI","HY",70,14.5,3
"1309","TAPI","HY",67,14.6,3
"1310","TAPI","AHY",72,14.3,3
"1311","TAPI","HY",76,13.6,3
"1312","TAPI","HY",71,13.1,3
"1313","TAPI","HY",69,13.5,3
"1314","TAPI","HY",71,12.9,3
"1315","TAPI","HY",72,14.1,3
"1316","TAPI","HY",71,13.9,3
"1317","TAPI","HY",73,13.1,3
"1318","TAPI","HY",70,13,3
"1319","TAPI","HY",72,15.4,3
"1320","TAPI","HY",73,14.6,3
"1321","TAPI","HY",71,13.1,3
"1322","TAPI","HY",73,14,3
"1323","TAPI","AHY",72,13.1,3
"1324","TAPI","HY",74,13.6,3
"1325","TAPI","HY",69,13,3
"1326","TAPI","HY",71,14,3
"1327","TAPI","HY",72,13,3
"1328","TAPI","HY",71,14.9,3
"1329","TAPI","HY",72,12.7,3
"1330","TAPI","AHY",73,14.3,3
"1331","TAPI","AHY",70,14.2,3
"1332","TAPI","AHY",70,13.8,3
"1333","TAPI","AHY",72,15.3,3
"1334","TAPI","AHY",72,12.6,3
"1335","TAPI","HY",70,13.1,3
"1336","TAPI","AHY",70,12,3
"1337","TAPI","AHY",72,14.4,3
"1338","TAPI","AHY",74,14.4,3
"1339","TAPI","AHY",73,13.3,3
"1340","TAPI","HY",73,14.6,3
"1341","TAPI","AHY",70,14.7,3
"1342","TAPI","AHY",73,15.9,3
"1343","TAPI","HY",71,13.1,3
"1344","JABO","HY",113,61.1,3
"1345","JABO","HY",110,55.4,3
"1346","JABO","HY",115,53.8,3
"1347","JABO","HY",112,54.4,3
"1348","JABO","HY",112,60.9,3
"1349","JABO","HY",111,65.8,3
"1350","JABO","HY",114,58.6,3
"1351","JABO","AHY",111,54.7,3
"1352","JABO","HY",112,64.4,3
"1353","JABO","HY",114,56.9,3
"1354","JABO","HY",112,59.5,3
"1355","JABO","HY",113,56.4,3
"1356","JABO","HY",113,55.5,3
"1357","JABO","HY",108,50.4,3
"1358","JABO","HY",115,66.9,3
"1359","DUSA","AHY",118,59.8,3
"1360","JABO","HY",113,60.4,3
"1361","JABO","HY",114,56,3
"1362","DUSA","HY",111,56.5,3
"1363","JABO","HY",112,51.6,3
"1364","JABO","HY",114,55.5,3
"1365","DUSA","HY",115,51.4,3
"1366","JABO","AHY",114,54.9,3
"1367","JABO","HY",113,57.4,3
"1368","DUSA","HY",112,61.1,3
"1369","DUSA","HY",115,59.6,3
"1370","JABO","HY",118,55.5,3
"1371","TAPI","HY",71,13.1,3
"1372","TAPI","AHY",73,13.8,3
"1373","TAPI","HY",70,14.6,3
"1374","TAPI","HY",72,14.6,3
"1375","TAPI","HY",73,12.6,3
"1376","TAPI","HY",70,11.9,3
"1377","TAPI","HY",74,13.7,3
"1378","TAPI","HY",69,12.8,3
"1379","TAPI","HY",71,13.8,3
"1380","TAPI","AHY",74,15,3
"1381","TAPI","HY",74,13.7,3
"1382","TAPI","AHY",70,12.7,3
"1383","TAPI","HY",72,13.4,3
"1384","TAPI","HY",75,15,3
"1385","TAPI","HY",69,11.8,3
"1386","TAPI","AHY",75,13.4,3
"1387","TAPI","AHY",73,13,3
"1388","TAPI","AHY",69,14,3
"1389","DUSA","HY",109,54.7,3
"1390","DUSA","AHY",114,64.4,3
"1391","DUSA","HY",112,71,3
"1392","DUSA","AHY",116,64.4,3
"1393","DUSA","HY",110,62.1,3
"1394","DUSA","HY",110,56.2,3
"1395","DUSA","HY",113,64.5,3
"1396","JABO","AHY",111,56.7,3
"1397","JABO","HY",108,50,3
"1398","JABO","AHY",112,50.7,3
"1399","JABO","HY",113,55.2,3
"1400","JABO","AHY",118,55.9,3
"1401","JABO","HY",116,60.2,3
"1402","JABO","HY",118,56.8,3
"1403","JABO","HY",110,51.5,3
"1404","JABO","HY",114,51.8,3
"1405","JABO","HY",115,55.7,3
"1406","JABO","HY",114,59.7,3
"1407","JABO","HY",119,56.5,3
"1408","DUSA","HY",111,61.7,3
"1409","DUSA","HY",107,53.1,3
"1410","DUSA","AHY",116,59.7,3
"1411","DUSA","AHY",115,56.3,3
"1412","DUSA","HY",111,62.9,3
"1413","DUSA","HY",115,64.2,3
"1414","DUSA","HY",111,58.8,3
"1415","JABO","AHY",111,55.5,3
"1416","JABO","HY",111,55,3
"1417","DUSA","HY",116,55.6,3
"1418","DUSA","HY",112,53.2,3
"1419","JABO","AHY",113,60.5,3
"1420","JABO","HY",117,58.8,3
"1421","JABO","HY",112,52.8,3
"1422","JABO","HY",110,51.5,3
"1423","JABO","HY",115,62.5,3
"1424","JABO","HY",113,55.9,3
"1425","TAPI","AHY",70,14.1,3
"1426","TAPI","AHY",73,14.1,3
"1427","TAPI","HY",70,15.1,3
"1428","TAPI","HY",71,14.4,3
"1429","TAPI","AHY",71,15.8,3
"1430","TAPI","HY",71,15.7,3
"1431","TAPI","AHY",75,14.2,3
"1432","TAPI","AHY",72,14.1,3
"1433","TAPI","HY",69,12.8,3
"1434","TAPI","HY",73,13.7,3
"1435","TAPI","AHY",72,12.9,3
"1436","TAPI","HY",70,13.8,3
"1437","TAPI","AHY",68,14.1,3
"1438","TAPI","AHY",72,14,3
"1439","TAPI","HY",71,15,3
"1440","DUSA","HY",114,54.1,3
"1441","DUSA","HY",112,61.4,3
"1442","DUSA","HY",114,61.8,3
"1443","DUSA","HY",113,64,3
"1444","DUSA","HY",111,55.8,3
"1445","DUSA","HY",113,59.2,3
"1446","DUSA","HY",106,59.1,3
"1447","TAPI","HY",71,15.4,3
"1448","TAPI","HY",73,14.6,3
"1449","TAPI","AHY",74,15.5,3
"1450","JABO","HY",117,54.4,3
"1451","JABO","HY",113,61.6,3
"1452","JABO","HY",110,47.4,3
"1453","JABO","HY",111,58.2,3
"1454","DUSA","HY",106,54.9,3
"1455","DUSA","AHY",110,53.8,3
"1456","DUSA","HY",109,56.1,3
"1457","DUSA","HY",108,66.7,3
"1458","DUSA","AHY",121,70.2,3
"1459","SIFL","HY",73,12.1,3
"1460","DUSA","HY",114,59.1,3
"1461","DUSA","HY",107,54.9,3
"1462","JABO","AHY",114,56.5,3
"1463","JABO","HY",109,52.3,3
"1464","DUSA","AHY",118,60.3,3
"1465","DUSA","AHY",115,55.6,3
"1466","TAPI","AHY",71,12.7,3
"1467","TAPI","HY",71,14.5,3
"1468","JABO","HY",115,60.9,3
"1469","JABO","HY",116,58.5,3
"1470","JABO","HY",111,61.4,3
"1471","JABO","HY",111,55.4,3
"1472","JABO","HY",118,68,3
"1473","JABO","HY",106,45.8,3
"1474","JABO","HY",117,56.6,3
"1475","JABO","HY",112,49.7,3
"1476","JABO","HY",110,51,3
"1477","JABO","HY",110,51.5,3
"1478","JABO","HY",113,57.6,3
"1479","JABO","HY",115,51.1,3
"1480","JABO","AHY",118,63.4,3
"1481","JABO","HY",110,48.6,3
"1482","JABO","HY",107,51.1,3
"1483","JABO","HY",108,48.5,3
"1484","JABO","HY",112,57.1,3
"1485","JABO","AHY",112,69.2,3
"1486","JABO","HY",115,56.3,3
"1487","TAPI","AHY",73,14.6,3
"1488","TAPI","HY",70,14.8,3
"1489","TAPI","AHY",73,14.8,3
"1490","TAPI","HY",69,13.2,3
"1491","TAPI","HY",70,14.5,3
"1492","TAPI","AHY",69,12.5,3
"1493","TAPI","HY",72,12.1,3
"1494","TAPI","AHY",73,13.5,3
"1495","TAPI","HY",68,12.5,3
"1496","TAPI","HY",69,13.2,3
"1497","TAPI","HY",70,13.6,3
"1498","TAPI","HY",73,14,3
"1499","TAPI","AHY",71,13.4,3
"1500","TAPI","AHY",75,13,3
"1501","TAPI","AHY",69,13.4,3
"1502","TAPI","HY",69,11.4,3
"1503","TAPI","HY",70,13.4,3
"1504","TAPI","HY",70,12.7,3
"1505","TAPI","AHY",69,13,3
"1506","TAPI","HY",69,14.3,3
"1507","TAPI","HY",68,14,3
"1508","TAPI","HY",72,13.7,3
"1509","TAPI","HY",72,14,3
"1510","TAPI","HY",73,14.1,3
"1511","TAPI","HY",70,13.2,3
"1512","TAPI","HY",75,12.9,3
"1513","TAPI","HY",74,14.5,3
"1514","TAPI","HY",71,12.9,3
"1515","TAPI","HY",72,13.8,3
"1516","DUSA","HY",116,51.4,3
"1517","DUSA","AHY",120,67.2,3
"1518","DUSA","HY",110,61.9,3
"1519","DUSA","HY",112,57.2,3
"1520","DUSA","HY",108,57.4,3
"1521","DUSA","HY",111,55.8,3
"1522","DUSA","HY",111,63.7,3
"1523","DUSA","HY",112,64.4,3
"1524","DUSA","HY",105,52.1,3
"1525","DUSA","HY",110,62.1,3
"1526","DUSA","HY",106,59.6,3
"1527","DUSA","HY",110,60.8,3
"1528","DUSA","HY",109,69.2,3
"1529","DUSA","HY",109,52.6,3
"1530","DUSA","AHY",111,57.2,3
"1531","DUSA","HY",112,64.4,3
"1532","DUSA","HY",109,62.1,3
"1533","DUSA","HY",115,61.7,3
"1534","DUSA","HY",111,60.8,3
"1535","DUSA","HY",115,54.1,3
"1536","DUSA","HY",113,58.1,3
"1537","DUSA","HY",114,63,3
"1538","DUSA","AHY",114,54.2,3
"1539","DUSA","HY",111,61.7,3
"1540","DUSA","AHY",111,55.5,3
"1541","DUSA","HY",114,63.7,3
"1542","DUSA","HY",111,57.3,3
"1543","SIFL","HY",75,13,3
"1544","DUSA","AHY",106,58,3
"1545","DUSA","HY",115,53.5,3
"1546","DUSA","HY",107,53.7,3
"1547","JABO","AHY",107,55.4,3
"1548","JABO","AHY",113,56.2,3
"1549","DUSA","HY",115,62.6,3
"1550","DUSA","HY",115,61.6,3
"1551","TAPI","HY",79,13.8,3
"1552","TAPI","HY",73,14.6,3
"1553","TAPI","HY",72,13.9,3
"1554","TAPI","HY",71,14.4,3
"1555","TAPI","AHY",69,12.9,3
"1556","TAPI","AHY",74,13.8,3
"1557","DUSA","HY",112,52.4,3
"1558","DUSA","HY",115,57.4,3
"1559","DUSA","HY",108,NA,3
"1560","DUSA","HY",107,56,3
"1561","DUSA","HY",112,61.6,3
"1562","DUSA","HY",107,52.2,3
"1563","DUSA","HY",113,57.5,3
"1564","DUSA","HY",108,55.2,3
"1565","DUSA","HY",113,61.3,3
"1566","JABO","HY",116,61.1,3
"1567","DUSA","HY",112,63.7,3
"1568","JABO","AHY",115,55.5,3
"1569","DUSA","HY",109,61.1,3
"1570","DUSA","HY",109,56.2,3
"1571","DUSA","HY",110,56.6,3
"1572","DUSA","AHY",115,57,3
"1573","DUSA","AHY",117,55.3,3
"1574","DUSA","AHY",114,60.7,3
"1575","DUSA","HY",113,NA,3
"1576","DUSA","HY",107,55.2,3
"1577","DUSA","HY",112,57,3
"1578","DUSA","HY",114,51,3
"1579","DUSA","AHY",115,62.8,3
"1580","TAPI","HY",75,13,3
"1581","TAPI","HY",71,14.8,3
"1582","TAPI","AHY",72,11.7,3
"1583","TAPI","AHY",75,13.9,3
"1584","TAPI","HY",70,12.7,3
"1585","TAPI","HY",69,13.1,3
"1586","TAPI","HY",73,13.9,3
"1587","TAPI","HY",69,13.1,3
"1588","TAPI","AHY",73,15.1,3
"1589","TAPI","HY",71,15.5,3
"1590","TAPI","HY",72,13.1,3
"1591","TAPI","HY",73,13.2,3
"1592","TAPI","AHY",73,13.6,4
"1593","TAPI","HY",71,13.4,4
"1594","TAPI","HY",70,14,4
"1595","TAPI","AHY",74,12.7,4
"1596","TAPI","HY",71,NA,4
"1597","TAPI","HY",69,NA,4
"1598","TAPI","HY",71,NA,4
"1599","TAPI","HY",71,NA,4
"1600","TAPI","AHY",72,NA,4
"1601","TAPI","HY",72,NA,4
"1602","TAPI","HY",73,NA,4
"1603","TAPI","HY",71,NA,4
"1604","TAPI","AHY",73,NA,4
"1605","TAPI","AHY",73,13.3,4
"1606","TAPI","HY",74,13.1,4
"1607","TAPI","HY",74,13.5,4
"1608","TAPI","HY",72,11.8,4
"1609","TAPI","HY",69,12.5,4
"1610","TAPI","AHY",67,13,4
"1611","TAPI","AHY",72,13.6,4
"1612","TAPI","AHY",74,12.1,4
"1613","TAPI","HY",71,NA,4
"1614","TAPI","AHY",69,NA,4
"1615","TAPI","HY",70,NA,4
"1616","TAPI","AHY",72,NA,4
"1617","TAPI","HY",70,NA,4
"1618","TAPI","HY",74,NA,4
"1619","TAPI","HY",73,NA,4
"1620","TAPI","HY",70,NA,4
"1621","TAPI","HY",72,NA,4
"1622","TAPI","HY",69,NA,4
"1623","TAPI","HY",69,NA,4
"1624","TAPI","HY",70,NA,4
"1625","TAPI","HY",72,NA,4
"1626","TAPI","HY",76,NA,4
"1627","TAPI","HY",69,NA,4
"1628","TAPI","HY",70,NA,4
"1629","TAPI","HY",73,NA,4
"1630","TAPI","HY",71,NA,4
"1631","TAPI","AHY",71,13,4
"1632","TAPI","AHY",72,14,4
"1633","TAPI","HY",NA,NA,4
"1634","TAPI","HY",NA,NA,4
"1635","TAPI","HY",NA,NA,4
"1636","TAPI","HY",NA,NA,4
"1637","TAPI","HY",NA,NA,4
"1638","TAPI","HY",NA,NA,4
"1639","TAPI","HY",71,13.7,4
"1640","TAPI","HY",71,NA,4
"1641","TAPI","HY",71,NA,4
"1642","TAPI","HY",74,NA,4
"1643","TAPI","AHY",73,NA,4
"1644","TAPI","AHY",73,NA,4
"1645","TAPI","HY",70,NA,4
"1646","TAPI","AHY",71,NA,4
"1647","TAPI","HY",70,NA,4
"1648","TAPI","HY",71,NA,4
"1649","TAPI","HY",71,NA,4
"1650","TAPI","AHY",74,NA,4
"1651","TAPI","HY",69,NA,4
"1652","TAPI","HY",71,NA,4
"1653","TAPI","HY",72,NA,4
"1654","TAPI","HY",71,NA,4
"1655","TAPI","AHY",72,NA,4
"1656","TAPI","HY",70,NA,4
"1657","TAPI","HY",73,NA,4
"1658","TAPI","HY",NA,NA,4
"1659","TAPI","HY",NA,NA,4
"1660","TAPI","HY",NA,NA,4
"1661","TAPI","HY",NA,NA,4
"1662","TAPI","HY",NA,NA,4
"1663","TAPI","HY",NA,NA,4
"1664","TAPI","HY",NA,NA,4
"1665","TAPI","HY",NA,NA,4
"1666","TAPI","AHY",NA,NA,4
"1667","TAPI","HY",NA,NA,4
"1668","TAPI","HY",NA,NA,4
"1669","TAPI","HY",72,NA,4
"1670","TAPI","HY",NA,NA,4
"1671","TAPI","HY",NA,NA,4
"1672","TAPI","HY",NA,NA,4
"1673","TAPI","HY",NA,NA,4
"1674","TAPI","HY",NA,NA,4
"1675","TAPI","HY",NA,NA,4
"1676","TAPI","HY",NA,NA,4
"1677","TAPI","HY",NA,NA,4
"1678","TAPI","HY",72,NA,4
"1679","TAPI","HY",71,NA,4
"1680","TAPI","HY",73,NA,4
"1681","TAPI","AHY",74,NA,4
"1682","TAPI","AHY",69,NA,4
"1683","TAPI","HY",68,NA,4
"1684","TAPI","HY",75,NA,4
"1685","TAPI","HY",72,NA,4
"1686","TAPI","HY",72,NA,4
"1687","TAPI","HY",NA,NA,4
"1688","TAPI","HY",71,NA,4
"1689","TAPI","HY",73,14.7,4
"1690","TAPI","HY",71,13.1,4
"1691","TAPI","AHY",73,13.8,4
"1692","TAPI","HY",68,12.5,4
"1693","TAPI","HY",73,NA,4
"1694","TAPI","AHY",72,13.2,4
"1695","TAPI","HY",74,13.2,4
"1696","TAPI","AHY",75,13.3,4
"1697","TAPI","AHY",71,12.8,4
"1698","TAPI","HY",71,13.5,4
"1699","TAPI","AHY",75,NA,4
"1700","TAPI","HY",71,12.8,4
"1701","TAPI","HY",73,12.4,4
"1702","TAPI","HY",NA,13,4
"1703","TAPI","HY",71,12.9,4
"1704","TAPI","HY",70,13.2,4
"1705","TAPI","HY",73,13.7,4
"1706","TAPI","HY",70,12.2,4
"1707","TAPI","HY",71,12.7,4
"1708","TAPI","AHY",73,13,4
"1709","TAPI","HY",70,12.8,4
"1710","TAPI","HY",69,13.3,4
"1711","TAPI","HY",70,12.3,4
"1712","TAPI","HY",72,13.3,4
"1713","TAPI","HY",70,13.4,4
"1714","TAPI","AHY",72,13.5,4
"1715","TAPI","AHY",71,13.5,4
"1716","TAPI","HY",69,12.7,4
"1717","TAPI","HY",73,12,4
"1718","TAPI","HY",67,10.8,4
"1719","TAPI","AHY",72,12.3,4
"1720","TAPI","HY",69,12.1,4
"1721","TAPI","AHY",73,12.5,4
"1722","TAPI","AHY",73,14,4
"1723","TAPI","HY",70,12.7,4
"1724","TAPI","HY",72,13.6,4
"1725","TAPI","HY",73,12.7,4
"1726","TAPI","AHY",73,12.9,4
"1727","TAPI","HY",69,11.5,4
"1728","TAPI","AHY",69,12.1,4
"1729","TAPI","HY",71,14.4,4
"1730","TAPI","HY",71,12.5,4
"1731","TAPI","HY",69,12.9,4
"1732","TAPI","HY",67,12.5,4
"1733","TAPI","HY",70,12.5,4
"1734","TAPI","AHY",74,12.9,4
"1735","TAPI","HY",69,12.3,4
"1736","TAPI","HY",73,13.4,4
"1737","TAPI","AHY",73,12.5,4
"1738","TAPI","HY",72,12.8,4
"1739","TAPI","AHY",69,13.3,4
"1740","TAPI","AHY",69,13.1,4
"1741","TAPI","HY",70,14.3,4
"1742","TAPI","AHY",74,13.9,4
"1743","TAPI","HY",71,13.9,4
"1744","TAPI","HY",70,13.2,4
"1745","SIFL","AHY",72,11.9,4
"1746","TAPI","HY",72,13,4
"1747","TAPI","HY",71,12.2,4
"1748","JABO","AHY",110,NA,4
"1749","JABO","AHY",114,NA,4
"1750","JABO","AHY",106,NA,4
"1751","JABO","HY",115,NA,4
"1752","JABO","AHY",106,NA,4
"1753","JABO","HY",114,NA,4
"1754","JABO","HY",115,NA,4
"1755","JABO","HY",110,NA,4
"1756","JABO","HY",115,NA,4
"1757","JABO","HY",116,NA,4
"1758","JABO","HY",117,NA,4
"1759","JABO","HY",116,NA,4
"1760","JABO","AHY",104,NA,4
"1761","JABO","AHY",114,NA,4
"1762","JABO","AHY",111,NA,4
"1763","TAPI","AHY",73,13.9,4
"1764","SIFL","HY",73,13.8,4
"1765","SIFL","HY",73,13.2,4
"1766","TAPI","HY",71,12.6,4
"1767","TAPI","AHY",74,12.4,4
"1768","TAPI","AHY",69,12.4,4
"1769","TAPI","HY",73,12.9,4
"1770","TAPI","HY",74,14.1,4
"1771","TAPI","HY",72,12.9,4
"1772","TAPI","HY",70,11.4,4
"1773","TAPI","HY",72,NA,4
"1774","TAPI","AHY",73,NA,4
"1775","TAPI","HY",73,NA,4
"1776","TAPI","HY",70,NA,4
"1777","TAPI","HY",72,NA,4
"1778","TAPI","AHY",70,NA,4
"1779","SIFL","AHY",75,NA,4
"1780","TAPI","AHY",74,NA,4
"1781","TAPI","HY",70,NA,4
"1782","TAPI","HY",72,NA,4
"1783","TAPI","HY",71,NA,4
"1784","TAPI","AHY",71,NA,4
"1785","TAPI","AHY",73,NA,4
"1786","TAPI","HY",73,NA,4
"1787","TAPI","AHY",74,NA,4
"1788","TAPI","AHY",70,NA,4
"1789","TAPI","AHY",72,NA,4
"1790","TAPI","AHY",69,NA,4
"1791","TAPI","HY",70,NA,4
"1792","TAPI","AHY",74,NA,4
"1793","TAPI","HY",71,NA,4
"1794","TAPI","AHY",72,NA,4
"1795","TAPI","HY",69,NA,4
"1796","TAPI","HY",69,NA,4
"1797","TAPI","HY",71,NA,4
"1798","TAPI","HY",71,NA,4
"1799","TAPI","HY",72,NA,4
"1800","TAPI","HY",71,NA,4
"1801","TAPI","HY",75,NA,4
"1802","TAPI","HY",72,NA,4
"1803","SIFL","AHY",72,NA,4
"1804","TAPI","AHY",69,NA,4
"1805","TAPI","HY",70,NA,4
"1806","TAPI","HY",73,NA,4
"1807","TAPI","AHY",74,NA,4
"1808","TAPI","AHY",69,NA,4
"1809","TAPI","HY",68,NA,4
"1810","TAPI","HY",72,NA,4
"1811","JABO","HY",110,53.1,4
"1812","JABO","AHY",110,50.2,4
"1813","JABO","HY",110,51.2,4
"1814","JABO","HY",111,45.1,4
"1815","TAPI","HY",72,13.7,4
"1816","TAPI","HY",74,14.6,4
"1817","TAPI","HY",74,14.8,4
"1818","TAPI","AHY",75,13,4
"1819","TAPI","HY",71,14.1,4
"1820","TAPI","HY",67,12.8,4
"1821","TAPI","HY",71,12.8,4
"1822","TAPI","HY",71,13.9,4
"1823","TAPI","HY",70,14.6,4
"1824","TAPI","HY",69,13.4,4
"1825","TAPI","AHY",73,14.8,4
"1826","TAPI","HY",73,13.1,4
"1827","TAPI","HY",74,14.2,4
"1828","TAPI","HY",69,14.5,4
"1829","TAPI","HY",70,13.3,4
"1830","TAPI","HY",70,13.3,4
"1831","TAPI","AHY",73,16.5,4
"1832","TAPI","HY",72,13.4,4
"1833","TAPI","HY",70,14.4,4
"1834","TAPI","HY",72,13.4,4
"1835","TAPI","HY",73,13.6,4
"1836","TAPI","AHY",72,14.2,4
"1837","TAPI","HY",73,15.6,4
"1838","TAPI","HY",69,13.8,4
"1839","TAPI","HY",68,12.1,4
"1840","TAPI","HY",73,13.1,4
"1841","TAPI","HY",71,13.6,4
"1842","SIFL","AHY",72,13.1,4
"1843","TAPI","HY",72,12.8,4
"1844","TAPI","HY",70,11.7,4
"1845","SIFL","HY",72,13.2,4
"1846","TAPI","HY",71,13.4,4
"1847","TAPI","AHY",NA,NA,4
"1848","TAPI","HY",NA,NA,4
"1849","TAPI","HY",NA,NA,4
"1850","TAPI","HY",74,13.4,4
"1851","TAPI","HY",69,13.3,4
"1852","TAPI","HY",73,15.8,4
"1853","TAPI","AHY",72,13.3,4
"1854","TAPI","HY",71,13.5,4
"1855","TAPI","HY",72,13.3,4
"1856","TAPI","HY",72,NA,4
"1857","TAPI","AHY",67,13,4
"1858","TAPI","HY",71,14.7,4
"1859","TAPI","HY",72,13.6,4
"1860","TAPI","AHY",72,13.1,4
"1861","TAPI","HY",69,13.4,4
"1862","TAPI","HY",75,13.8,4
"1863","TAPI","HY",70,13.7,4
"1864","TAPI","HY",73,14,4
"1865","TAPI","AHY",73,13.9,4
"1866","TAPI","HY",69,13,4
"1867","TAPI","HY",71,15,4
"1868","TAPI","HY",71,15.3,4
"1869","TAPI","HY",71,12.8,4
"1870","TAPI","AHY",74,NA,4
"1871","TAPI","HY",71,NA,4
"1872","TAPI","HY",69,NA,4
"1873","TAPI","HY",NA,NA,4
"1874","TAPI","AHY",71,NA,4
"1875","TAPI","HY",70,NA,4
"1876","TAPI","AHY",71,NA,4
"1877","TAPI","HY",NA,NA,4
"1878","TAPI","HY",73,NA,4
"1879","TAPI","AHY",72,NA,4
"1880","TAPI","HY",70,NA,4
"1881","TAPI","HY",69,NA,4
"1882","TAPI","HY",70,NA,4
"1883","SIFL","HY",74,NA,4
"1884","TAPI","HY",70,NA,4
"1885","TAPI","HY",73,NA,4
"1886","TAPI","HY",72,NA,4
"1887","TAPI","HY",70,NA,4
"1888","TAPI","HY",72,NA,4
"1889","TAPI","HY",74,NA,4
"1890","TAPI","AHY",73,NA,4
"1891","TAPI","HY",70,NA,4
"1892","TAPI","HY",71,NA,4
"1893","TAPI","HY",71,NA,4
"1894","TAPI","AHY",73,NA,4
"1895","TAPI","HY",71,NA,4
"1896","TAPI","HY",69,NA,4
"1897","TAPI","HY",70,NA,4
"1898","TAPI","HY",72,NA,4
"1899","TAPI","HY",74,NA,4
"1900","TAPI","HY",70,NA,4
"1901","TAPI","HY",71,NA,4
"1902","TAPI","HY",70,NA,4
"1903","TAPI","HY",70,NA,4
"1904","JABO","HY",111,47.2,4
"1905","JABO","HY",110,57.2,4
"1906","JABO","HY",118,53.2,4
"1907","TAPI","HY",73,13.1,4
"1908","TAPI","AHY",72,13.4,4
"1909","TAPI","HY",69,12.8,4
"1910","TAPI","HY",68,13.6,4
"1911","TAPI","AHY",69,12.9,4
"1912","TAPI","HY",69,12.4,4
"1913","TAPI","HY",73,13.7,4
"1914","TAPI","HY",73,13,4
"1915","TAPI","HY",71,14.1,4
"1916","TAPI","HY",74,14.1,4
"1917","TAPI","HY",74,13.5,4
"1918","TAPI","HY",77,13.3,4
"1919","TAPI","HY",73,13.9,4
"1920","TAPI","HY",70,14.3,4
"1921","TAPI","HY",69,12.8,4
"1922","TAPI","AHY",75,14.5,4
"1923","TAPI","AHY",73,12.6,4
"1924","TAPI","HY",71,13.3,4
"1925","TAPI","AHY",72,13.6,4
"1926","TAPI","AHY",72,12.9,4
"1927","TAPI","HY",72,14.6,4
"1928","TAPI","HY",72,13.2,4
"1929","TAPI","HY",73,13.2,4
"1930","TAPI","HY",71,13.5,4
"1931","TAPI","HY",68,12.3,4
"1932","TAPI","HY",72,13.5,4
"1933","TAPI","HY",70,13.5,4
"1934","TAPI","AHY",74,13.5,4
"1935","TAPI","HY",71,13.3,4
"1936","TAPI","HY",72,14.1,4
"1937","TAPI","HY",71,14.6,4
"1938","TAPI","HY",71,13.6,4
"1939","TAPI","AHY",71,13.7,4
"1940","TAPI","HY",71,12.8,4
"1941","TAPI","AHY",70,12.1,4
"1942","TAPI","AHY",75,13.3,4
"1943","TAPI","HY",72,12.5,4
"1944","TAPI","HY",72,12,4
"1945","TAPI","HY",72,14.1,4
"1946","TAPI","AHY",75,13.2,4
"1947","TAPI","AHY",71,14.3,4
"1948","JABO","AHY",105,49.5,4
"1949","JABO","AHY",108,49.2,4
"1950","JABO","AHY",115,56.4,4
"1951","JABO","HY",118,66.7,4
"1952","JABO","HY",113,44.2,4
"1953","JABO","HY",106,43.4,4
"1954","JABO","HY",111,53.6,4
"1955","JABO","AHY",105,49.8,4
"1956","JABO","HY",115,51.2,4
"1957","JABO","AHY",115,52.1,4
"1958","JABO","HY",116,53,4
"1959","JABO","AHY",116,52,4
"1960","JABO","AHY",109,53.1,4
"1961","JABO","HY",108,43.6,4
"1962","JABO","AHY",111,47.8,4
"1963","JABO","AHY",112,56,4
"1964","JABO","HY",119,55.3,4
"1965","JABO","HY",114,55.9,4
"1966","JABO","HY",112,52.2,4
"1967","JABO","AHY",103,49,4
"1968","JABO","AHY",114,54.6,4
"1969","JABO","AHY",105,51.5,4
"1970","JABO","AHY",110,57,4
"1971","JABO","HY",111,48.2,4
"1972","JABO","AHY",110,47.6,4
"1973","JABO","HY",110,49.4,4
"1974","JABO","AHY",115,57.5,4
"1975","JABO","HY",115,46.3,4
"1976","JABO","AHY",108,47,4
"1977","JABO","AHY",109,51.4,4
"1978","JABO","HY",112,53.1,4
"1979","SIFL","HY",71,12.4,4
"1980","JABO","AHY",100,49.3,4
"1981","JABO","AHY",109,55.4,4
"1982","JABO","HY",116,47.7,4
"1983","JABO","HY",109,45.4,4
"1984","SIFL","HY",72,13.5,4
"1985","SIFL","HY",71,14.3,4
"1986","SIFL","HY",76,12.6,4
"1987","SIFL","AHY",75,13.2,4
"1988","SIFL","AHY",71,12.3,4
"1989","SIFL","HY",75,12.3,4
"1990","TAPI","HY",72,12.4,4
"1991","TAPI","HY",71,13.8,4
"1992","TAPI","HY",75,13,4
"1993","TAPI","HY",70,13.5,4
"1994","SIFL","HY",68,11.3,4
"1995","JABO","HY",107,37.1,4
"1996","JABO","AHY",108,48.8,4
"1997","JABO","AHY",115,43.4,4
"1998","JABO","AHY",114,56.1,4
"1999","JABO","HY",108,53.5,4
"2000","TAPI","AHY",74,14.7,4
"2001","TAPI","HY",72,14.1,4
"2002","TAPI","HY",71,14.5,4
"2003","TAPI","AHY",73,12.6,4
"2004","TAPI","HY",69,13.9,4
"2005","TAPI","HY",72,13.9,4
"2006","JABO","AHY",114,54.5,4
"2007","JABO","AHY",116,51.2,4
"2008","JABO","AHY",113,49.7,4
"2009","JABO","HY",113,39.1,4
"2010","JABO","AHY",114,52.7,4
"2011","JABO","HY",115,53.8,4
"2012","JABO","AHY",107,40.8,4
"2013","JABO","AHY",114,52.4,4
"2014","SIFL","HY",76,13.1,4
"2015","SIFL","HY",75,11.9,4
"2016","JABO","AHY",104,44.2,4
"2017","JABO","AHY",113,51.4,4
"2018","DUSA","HY",112,58.2,4
"2019","JABO","AHY",111,50.1,4
"2020","JABO","HY",115,43,4
"2021","JABO","AHY",111,48,4
"2022","JABO","AHY",117,51.9,4
"2023","DUSA","HY",112,58.9,4
"2024","JABO","HY",112,68,4
"2025","JABO","AHY",112,60.9,4
"2026","JABO","HY",114,43.4,4
"2027","JABO","AHY",115,61.9,4
"2028","JABO","HY",111,60.4,4
"2029","JABO","HY",113,49.5,4
"2030","JABO","HY",111,63.3,4
"2031","JABO","AHY",114,56,4
"2032","JABO","HY",112,62.9,4
"2033","JABO","AHY",115,62.9,4
"2034","JABO","HY",117,52.1,4
"2035","JABO","HY",113,51.1,4
"2036","JABO","HY",113,49,4
"2037","JABO","HY",115,51.2,4
"2038","JABO","HY",113,50.3,4
"2039","JABO","HY",116,45.8,4
"2040","JABO","AHY",113,52,4
"2041","JABO","AHY",110,51.5,4
"2042","SIFL","HY",71,12.5,4
"2043","SIFL","HY",73,12.6,4
"2044","SIFL","HY",74,13.7,4
"2045","SIFL","HY",68,11.8,4
"2046","SIFL","HY",79,16,4
"2047","SIFL","HY",71,14.8,4
"2048","SIFL","HY",72,12.4,4
"2049","SIFL","HY",72,13.6,4
"2050","SIFL","HY",73,12.5,4
"2051","SIFL","HY",72,NA,4
"2052","SIFL","HY",68,NA,4
"2053","SIFL","HY",73,NA,4
"2054","SIFL","HY",77,12.7,4
"2055","SIFL","HY",71,NA,4
"2056","SIFL","HY",70,NA,4
"2057","SIFL","HY",71,NA,4
"2058","SIFL","HY",72,NA,4
"2059","SIFL","HY",76,NA,4
"2060","SIFL","HY",73,NA,4
"2061","SIFL","HY",70,NA,4
"2062","SIFL","HY",74,NA,4
"2063","SIFL","HY",73,NA,4
"2064","SIFL","HY",74,NA,4
"2065","SIFL","HY",72,NA,4
"2066","SIFL","HY",72,NA,4
"2067","SIFL","HY",69,NA,4
"2068","SIFL","HY",72,NA,4
"2069","SIFL","HY",69,NA,4
"2070","SIFL","HY",69,NA,4
"2071","SIFL","HY",72,NA,4
"2072","SIFL","HY",75,NA,4
"2073","SIFL","HY",73,NA,4
"2074","SIFL","HY",72,NA,4
"2075","SIFL","HY",73,NA,4
"2076","SIFL","HY",69,NA,4
"2077","SIFL","HY",73,NA,4
"2078","SIFL","HY",71,NA,4
"2079","SIFL","HY",72,NA,4
"2080","SIFL","HY",72,NA,4
"2081","SIFL","HY",74,NA,4
"2082","SIFL","HY",74,NA,4
"2083","SIFL","AHY",71,NA,4
"2084","SIFL","AHY",69,NA,4
"2085","SIFL","HY",72,NA,4
"2086","SIFL","HY",70,NA,4
"2087","SIFL","HY",74,NA,4
"2088","SIFL","HY",74,NA,4
"2089","SIFL","HY",71,NA,4
"2090","SIFL","HY",75,NA,4
"2091","SIFL","HY",74,NA,4
"2092","SIFL","AHY",74,NA,4
"2093","SIFL","HY",70,NA,4
"2094","SIFL","HY",71,NA,4
"2095","SIFL","HY",74,NA,4
"2096","SIFL","HY",74,NA,4
"2097","SIFL","HY",74,NA,4
"2098","SIFL","HY",69,NA,4
"2099","SIFL","HY",70,NA,4
"2100","SIFL","HY",71,NA,4
"2101","SIFL","HY",71,NA,4
"2102","SIFL","AHY",70,NA,4
"2103","SIFL","HY",74,13.9,4
"2104","SIFL","HY",74,13.7,4
"2105","SIFL","HY",71,15.4,4
"2106","SIFL","AHY",71,12.9,4
"2107","SIFL","HY",71,14.1,4
"2108","SIFL","HY",71,12.7,4
"2109","SIFL","HY",73,13.2,4
"2110","SIFL","HY",73,13.3,4
"2111","SIFL","HY",73,13.2,4
"2112","DUSA","HY",117,62.5,4
"2113","DUSA","AHY",114,59.6,4
"2114","DUSA","HY",119,62.2,4
"2115","DUSA","AHY",112,60.1,4
"2116","DUSA","HY",112,59.4,4
"2117","DUSA","HY",108,NA,4
"2118","DUSA","HY",114,65.9,4
"2119","DUSA","HY",110,59.8,4
"2120","DUSA","AHY",112,55.7,4
"2121","DUSA","HY",106,57.9,4
"2122","DUSA","HY",111,NA,4
"2123","DUSA","HY",113,55.7,4
"2124","DUSA","HY",114,67.5,4
"2125","DUSA","AHY",119,NA,4
"2126","DUSA","HY",109,66.2,4
"2127","DUSA","HY",108,56.3,4
"2128","DUSA","HY",109,58.4,4
"2129","DUSA","HY",110,63.6,4
"2130","SIFL","AHY",73,13.6,4
"2131","SIFL","HY",71,NA,4
"2132","SIFL","HY",76,NA,4
"2133","SIFL","HY",72,NA,4
"2134","SIFL","HY",71,NA,4
"2135","SIFL","HY",72,NA,4
"2136","SIFL","HY",71,NA,4
"2137","SIFL","HY",72,NA,4
"2138","SIFL","AHY",72,NA,4
"2139","SIFL","HY",73,NA,4
"2140","SIFL","HY",75,NA,4
"2141","SIFL","HY",73,NA,4
"2142","SIFL","HY",73,NA,4
"2143","SIFL","HY",73,NA,4
"2144","SIFL","HY",70,NA,4
"2145","SIFL","HY",70,NA,4
"2146","SIFL","AHY",72,NA,4
"2147","SIFL","HY",73,NA,4
"2148","SIFL","HY",73,NA,4
"2149","SIFL","HY",74,NA,4
"2150","SIFL","HY",72,NA,4
"2151","SIFL","AHY",73,NA,4
"2152","SIFL","HY",70,NA,4
"2153","SIFL","HY",70,NA,4
"2154","SIFL","HY",71,NA,4
"2155","SIFL","HY",68,NA,4
"2156","SIFL","HY",71,NA,4
"2157","SIFL","HY",71,NA,4
"2158","SIFL","HY",72,NA,4
"2159","SIFL","HY",74,NA,4
"2160","SIFL","HY",72,NA,4
"2161","SIFL","HY",73,NA,4
"2162","SIFL","HY",72,NA,4
"2163","SIFL","HY",71,NA,4
"2164","SIFL","HY",72,NA,4
"2165","SIFL","HY",71,NA,4
"2166","SIFL","AHY",75,NA,4
"2167","SIFL","HY",70,NA,4
"2168","SIFL","HY",73,13.1,4
"2169","SIFL","HY",72,12.5,4
"2170","SIFL","HY",71,13.9,4
"2171","SIFL","HY",71,14.1,4
"2172","SIFL","HY",71,12.5,4
"2173","SIFL","HY",73,12.4,4
"2174","SIFL","HY",68,NA,4
"2175","SIFL","HY",68,NA,4
"2176","SIFL","HY",73,NA,4
"2177","SIFL","HY",71,13.9,4
"2178","SIFL","HY",70,12.6,4
"2179","SIFL","AHY",71,NA,4
"2180","DUSA","AHY",115,62.1,4
"2181","JABO","AHY",107,47.7,4
"2182","JABO","AHY",112,57.8,4
"2183","JABO","AHY",111,56.2,4
"2184","JABO","AHY",116,55.3,4
"2185","JABO","AHY",115,50.7,4
"2186","JABO","AHY",113,55.9,4
"2187","JABO","HY",109,55.6,4
"2188","JABO","AHY",112,NA,4
"2189","DUSA","HY",115,65.1,4
"2190","DUSA","HY",111,61.2,4
"2191","DUSA","AHY",111,65.1,4
"2192","TAPI","AHY",70,13,5
"2193","TAPI","AHY",76,NA,5
"2194","TAPI","AHY",71,13,5
"2195","TAPI","HY",74,13.6,5
"2196","TAPI","HY",73,12,5
"2197","TAPI","HY",NA,12.9,5
"2198","TAPI","AHY",NA,12.1,5
"2199","TAPI","HY",NA,12.5,5
"2200","TAPI","AHY",NA,11.8,5
"2201","TAPI","HY",NA,12.3,5
"2202","TAPI","HY",NA,13.4,5
"2203","TAPI","AHY",NA,13.7,5
"2204","TAPI","AHY",NA,14.2,5
"2205","TAPI","HY",NA,12.3,5
"2206","TAPI","HY",NA,12.5,5
"2207","TAPI","HY",NA,12.4,5
"2208","TAPI","AHY",NA,12.6,5
"2209","TAPI","HY",NA,13.4,5
"2210","TAPI","HY",NA,11.6,5
"2211","TAPI","HY",NA,12,5
"2212","TAPI","HY",NA,13.4,5
"2213","TAPI","HY",NA,12.9,5
"2214","TAPI","HY",NA,13,5
"2215","TAPI","HY",NA,12.4,5
"2216","TAPI","HY",NA,12.7,5
"2217","TAPI","AHY",NA,12,5
"2218","TAPI","AHY",NA,11.9,5
"2219","TAPI","HY",NA,13.1,5
"2220","TAPI","HY",NA,12.1,5
"2221","TAPI","HY",NA,13.1,5
"2222","TAPI","AHY",NA,13.1,5
"2223","TAPI","AHY",NA,13.6,5
"2224","TAPI","HY",NA,12.9,5
"2225","TAPI","AHY",NA,13,5
"2226","TAPI","AHY",NA,12.5,5
"2227","TAPI","HY",NA,12.4,5
"2228","TAPI","HY",NA,13.1,5
"2229","TAPI","HY",NA,12.3,5
"2230","TAPI","HY",NA,11.8,5
"2231","TAPI","HY",NA,14.4,5
"2232","TAPI","HY",NA,12.7,5
"2233","TAPI","AHY",NA,13.5,5
"2234","TAPI","AHY",NA,12.7,5
"2235","TAPI","HY",NA,13.1,5
"2236","TAPI","HY",NA,13.2,5
"2237","TAPI","HY",NA,12.1,5
"2238","TAPI","AHY",NA,12.5,5
"2239","TAPI","HY",NA,12.1,5
"2240","TAPI","HY",NA,11.9,5
"2241","TAPI","HY",NA,11.8,5
"2242","TAPI","AHY",NA,12,5
"2243","TAPI","HY",NA,11.7,5
"2244","TAPI","AHY",NA,11.3,5
"2245","TAPI","HY",NA,11.6,5
"2246","TAPI","AHY",NA,15,5
"2247","TAPI","AHY",NA,13.2,5
"2248","TAPI","HY",NA,11.8,5
"2249","TAPI","AHY",NA,12.8,5
"2250","TAPI","HY",NA,13.7,5
"2251","TAPI","AHY",NA,11.7,5
"2252","TAPI","HY",NA,13.2,5
"2253","TAPI","AHY",NA,12.1,5
"2254","TAPI","HY",NA,12.9,5
"2255","TAPI","HY",NA,11.8,5
"2256","TAPI","AHY",NA,12.5,5
"2257","TAPI","HY",NA,13,5
"2258","TAPI","HY",NA,13.3,5
"2259","TAPI","HY",NA,11.7,5
"2260","TAPI","AHY",NA,11.3,5
"2261","TAPI","HY",NA,12.8,5
"2262","TAPI","AHY",NA,13.4,5
"2263","TAPI","HY",NA,12.5,5
"2264","TAPI","AHY",NA,12.4,5
"2265","TAPI","HY",NA,12.5,5
"2266","TAPI","AHY",NA,12.3,5
"2267","TAPI","HY",NA,12.5,5
"2268","TAPI","AHY",NA,12.1,5
"2269","TAPI","AHY",NA,12.4,5
"2270","TAPI","HY",NA,12.6,5
"2271","TAPI","AHY",NA,12.5,5
"2272","TAPI","AHY",NA,11.9,5
"2273","TAPI","AHY",NA,13.4,5
"2274","TAPI","HY",NA,12.5,5
"2275","TAPI","HY",NA,12.2,5
"2276","TAPI","HY",NA,12.4,5
"2277","TAPI","HY",NA,12,5
"2278","TAPI","HY",NA,12.6,5
"2279","TAPI","HY",NA,12,5
"2280","TAPI","HY",NA,12.4,5
"2281","TAPI","HY",NA,12,5
"2282","TAPI","AHY",NA,13.2,5
"2283","TAPI","AHY",NA,11.9,5
"2284","TAPI","AHY",NA,12.4,5
"2285","TAPI","HY",NA,13.1,5
"2286","TAPI","HY",NA,12.3,5
"2287","TAPI","AHY",NA,13.7,5
"2288","TAPI","HY",NA,11.7,5
"2289","TAPI","HY",NA,13.6,5
"2290","TAPI","HY",NA,NA,5
"2291","TAPI","AHY",NA,11.1,5
"2292","TAPI","AHY",NA,13.1,5
"2293","TAPI","HY",NA,12.2,5
"2294","TAPI","HY",NA,12.1,5
"2295","TAPI","HY",NA,12.4,5
"2296","TAPI","AHY",NA,12.8,5
"2297","TAPI","HY",NA,13.7,5
"2298","TAPI","HY",NA,13.5,5
"2299","TAPI","HY",NA,12.8,5
"2300","TAPI","AHY",NA,13.5,5
"2301","TAPI","AHY",NA,11.9,5
"2302","TAPI","AHY",NA,13.1,5
"2303","TAPI","AHY",NA,13.2,5
"2304","TAPI","HY",NA,13.2,5
"2305","TAPI","AHY",NA,13,5
"2306","TAPI","AHY",NA,12.9,5
"2307","TAPI","AHY",NA,12.3,5
"2308","TAPI","HY",NA,13.9,5
"2309","TAPI","AHY",NA,12.3,5
"2310","TAPI","AHY",NA,13.2,5
"2311","TAPI","AHY",NA,12.5,5
"2312","TAPI","AHY",NA,12.6,5
"2313","TAPI","HY",NA,12.7,5
"2314","TAPI","AHY",NA,11.3,5
"2315","TAPI","AHY",NA,12.6,5
"2316","TAPI","AHY",NA,11.8,5
"2317","TAPI","AHY",NA,13.4,5
"2318","TAPI","AHY",NA,12.8,5
"2319","TAPI","HY",NA,11.6,5
"2320","TAPI","HY",NA,12.6,5
"2321","TAPI","AHY",67,12.2,5
"2322","TAPI","AHY",70,13.2,5
"2323","TAPI","HY",69,12.1,5
"2324","TAPI","AHY",70,13.9,5
"2325","TAPI","HY",69,12.4,5
"2326","TAPI","HY",69,13.1,5
"2327","TAPI","AHY",70,NA,5
"2328","TAPI","HY",69,11.9,5
"2329","TAPI","HY",70,11.9,5
"2330","TAPI","HY",67,11.2,5
"2331","TAPI","HY",67,13.2,5
"2332","TAPI","HY",71,12,5
"2333","TAPI","HY",70,12.8,5
"2334","TAPI","AHY",68,11.6,5
"2335","TAPI","AHY",70,12.8,5
"2336","TAPI","AHY",69,12.9,5
"2337","TAPI","HY",70,11.6,5
"2338","TAPI","HY",69,12.4,5
"2339","TAPI","AHY",69,12.5,5
"2340","TAPI","AHY",70,11.7,5
"2341","TAPI","AHY",68,12.3,5
"2342","TAPI","HY",71,13.3,5
"2343","TAPI","AHY",71,12,5
"2344","TAPI","HY",71,11.9,5
"2345","TAPI","HY",69,13.8,5
"2346","TAPI","AHY",72,12.8,5
"2347","TAPI","HY",70,12.7,5
"2348","TAPI","HY",72,11.9,5
"2349","TAPI","AHY",72,13.4,5
"2350","TAPI","HY",69,12.9,5
"2351","TAPI","HY",68,11.8,5
"2352","TAPI","HY",72,14,5
"2353","TAPI","HY",69,11.9,5
"2354","TAPI","HY",72,12.1,5
"2355","TAPI","AHY",68,12,5
"2356","TAPI","AHY",72,12.5,5
"2357","TAPI","AHY",71,12.5,5
"2358","TAPI","AHY",67,12.8,5
"2359","TAPI","AHY",69,13.1,5
"2360","TAPI","HY",72,13.1,5
"2361","TAPI","HY",67,12.2,5
"2362","TAPI","HY",71,12.4,5
"2363","TAPI","HY",73,12.8,5
"2364","TAPI","HY",70,12.5,5
"2365","TAPI","AHY",72,12.3,5
"2366","TAPI","AHY",72,13.5,5
"2367","TAPI","HY",71,12.1,5
"2368","TAPI","HY",71,12.9,5
"2369","TAPI","HY",71,12.9,5
"2370","TAPI","AHY",72,13.9,5
"2371","TAPI","HY",71,12.8,5
"2372","TAPI","HY",69,13,5
"2373","TAPI","HY",71,12.8,5
"2374","TAPI","HY",71,12,5
"2375","TAPI","AHY",74,13.5,5
"2376","TAPI","HY",71,12.4,5
"2377","TAPI","AHY",70,12.9,5
"2378","TAPI","HY",68,12.4,5
"2379","TAPI","AHY",72,13.2,5
"2380","TAPI","AHY",69,12.2,5
"2381","TAPI","HY",71,12.9,5
"2382","TAPI","AHY",71,13.1,5
"2383","TAPI","HY",70,12.5,5
"2384","TAPI","HY",69,13.8,5
"2385","TAPI","HY",NA,13.2,5
"2386","TAPI","AHY",71,13.1,5
"2387","TAPI","AHY",75,13,5
"2388","TAPI","HY",71,13,5
"2389","TAPI","HY",70,13.1,5
"2390","TAPI","HY",71,13.2,5
"2391","TAPI","HY",69,12.9,5
"2392","TAPI","HY",72,13.4,5
"2393","TAPI","HY",71,12.5,5
"2394","TAPI","AHY",72,13.2,5
"2395","TAPI","AHY",72,12,5
"2396","TAPI","AHY",71,13.4,5
"2397","TAPI","AHY",70,13,5
"2398","TAPI","HY",72,13.1,5
"2399","TAPI","HY",72,13.2,5
"2400","TAPI","HY",71,13,5
"2401","TAPI","HY",70,12,5
"2402","TAPI","HY",67,12.6,5
"2403","TAPI","HY",72,12.1,5
"2404","TAPI","HY",71,12.6,5
"2405","TAPI","HY",71,13.5,5
"2406","TAPI","HY",70,11.4,5
"2407","TAPI","HY",71,13.2,5
"2408","TAPI","HY",73,13.1,5
"2409","TAPI","AHY",73,13.5,5
"2410","TAPI","HY",70,13.2,5
"2411","TAPI","AHY",72,13.7,5
"2412","TAPI","AHY",71,12.9,5
"2413","TAPI","AHY",73,14.3,5
"2414","TAPI","HY",69,12.8,5
"2415","TAPI","HY",71,12.8,5
"2416","TAPI","HY",71,12.8,5
"2417","TAPI","HY",69,13.1,5
"2418","TAPI","HY",75,12.6,5
"2419","TAPI","HY",72,13.5,5
"2420","TAPI","HY",72,11.7,5
"2421","TAPI","HY",71,14,5
"2422","TAPI","HY",74,13.5,5
"2423","TAPI","HY",69,13.5,5
"2424","TAPI","HY",73,12.3,5
"2425","TAPI","AHY",73,14.2,5
"2426","TAPI","HY",72,13.1,5
"2427","TAPI","HY",73,12.9,5
"2428","TAPI","HY",71,13.6,5
"2429","TAPI","HY",69,13.1,5
"2430","TAPI","HY",70,12.6,5
"2431","TAPI","HY",72,12.2,5
"2432","TAPI","HY",NA,12.9,5
"2433","TAPI","AHY",72,13.2,5
"2434","TAPI","HY",NA,13,5
"2435","TAPI","HY",70,11.9,5
"2436","TAPI","HY",71,13.1,5
"2437","TAPI","AHY",74,13.2,5
"2438","TAPI","HY",70,12.7,5
"2439","TAPI","AHY",73,12.4,5
"2440","TAPI","HY",72,12.1,5
"2441","TAPI","HY",72,13.5,5
"2442","TAPI","AHY",73,12.6,5
"2443","TAPI","HY",69,12.1,5
"2444","TAPI","HY",71,13.5,5
"2445","TAPI","HY",71,12.9,5
"2446","TAPI","AHY",69,12.7,5
"2447","TAPI","HY",71,11.8,5
"2448","TAPI","HY",71,13.6,5
"2449","TAPI","AHY",72,13.1,5
"2450","TAPI","HY",71,12.9,5
"2451","TAPI","HY",72,12.4,5
"2452","TAPI","HY",70,12.6,5
"2453","TAPI","HY",71,12.5,5
"2454","TAPI","HY",71,12.8,5
"2455","TAPI","HY",71,12.2,5
"2456","TAPI","AHY",72,13.4,5
"2457","TAPI","AHY",69,11.6,5
"2458","TAPI","HY",72,12.3,5
"2459","TAPI","HY",73,12.6,5
"2460","TAPI","HY",72,14,5
"2461","TAPI","HY",70,12.3,5
"2462","TAPI","AHY",71,13,5
"2463","TAPI","AHY",72,12.6,5
"2464","TAPI","AHY",73,12.8,5
"2465","TAPI","HY",70,NA,5
"2466","TAPI","HY",68,12.4,5
"2467","TAPI","HY",74,12.3,5
"2468","TAPI","AHY",72,13.7,5
"2469","TAPI","HY",74,13,5
"2470","TAPI","AHY",75,12.5,5
"2471","TAPI","HY",71,14.1,5
"2472","TAPI","HY",69,12,5
"2473","TAPI","HY",72,13.1,5
"2474","TAPI","HY",72,13.4,5
"2475","TAPI","AHY",73,13.8,5
"2476","TAPI","HY",70,12.3,5
"2477","TAPI","AHY",72,13,5
"2478","TAPI","HY",69,NA,5
"2479","TAPI","HY",71,13.2,5
"2480","TAPI","HY",72,14,5
"2481","TAPI","HY",NA,11.9,5
"2482","TAPI","HY",70,13.3,5
"2483","TAPI","HY",70,13.2,5
"2484","TAPI","AHY",73,12.7,5
"2485","TAPI","AHY",71,12.2,5
"2486","TAPI","HY",69,13.6,5
"2487","TAPI","HY",68,11.9,5
"2488","TAPI","HY",72,12.2,5
"2489","TAPI","HY",70,12.8,5
"2490","TAPI","AHY",72,12.8,5
"2491","TAPI","HY",72,14.6,5
"2492","TAPI","AHY",70,12.8,5
"2493","SIFL","HY",72,12.1,5
"2494","TAPI","HY",70,13.7,5
"2495","TAPI","AHY",73,12.9,5
"2496","TAPI","HY",71,13.5,5
"2497","TAPI","AHY",72,12.5,5
"2498","TAPI","HY",75,12.6,5
"2499","TAPI","HY",75,14.4,5
"2500","TAPI","HY",69,12.1,5
"2501","TAPI","HY",72,12.9,5
"2502","TAPI","HY",72,NA,5
"2503","SIFL","HY",73,12.1,5
"2504","SIFL","AHY",71,12.3,5
"2505","TAPI","AHY",74,13,5
"2506","TAPI","HY",70,13.2,5
"2507","TAPI","HY",72,12.9,5
"2508","TAPI","HY",69,13.4,5
"2509","TAPI","HY",72,13.3,5
"2510","TAPI","HY",71,12.6,5
"2511","TAPI","HY",74,13.8,5
"2512","TAPI","HY",75,13.1,5
"2513","TAPI","HY",73,14.1,5
"2514","TAPI","HY",72,13.4,5
"2515","TAPI","HY",74,14,5
"2516","TAPI","AHY",72,14.3,5
"2517","TAPI","HY",68,12.9,5
"2518","TAPI","HY",69,12.6,5
"2519","TAPI","HY",69,13.5,5
"2520","TAPI","AHY",69,13.5,5
"2521","TAPI","AHY",70,12.5,5
"2522","TAPI","HY",71,13.1,5
"2523","TAPI","HY",70,12.7,5
"2524","TAPI","HY",79,13.4,5
"2525","TAPI","AHY",74,13.3,5
"2526","TAPI","HY",70,12.3,5
"2527","TAPI","HY",71,12.7,5
"2528","TAPI","HY",71,12.7,5
"2529","TAPI","HY",71,13.1,5
"2530","TAPI","HY",72,13.5,5
"2531","TAPI","HY",72,12.4,5
"2532","TAPI","AHY",74,12.7,5
"2533","TAPI","HY",70,12.4,5
"2534","TAPI","HY",69,13.6,5
"2535","TAPI","HY",70,13.2,5
"2536","TAPI","HY",69,13,5
"2537","TAPI","AHY",NA,12.6,5
"2538","TAPI","AHY",70,12.8,5
"2539","TAPI","AHY",70,12.4,5
"2540","TAPI","HY",72,NA,5
"2541","TAPI","HY",72,13.2,5
"2542","TAPI","HY",68,13.2,5
"2543","TAPI","AHY",77,12.2,5
"2544","TAPI","HY",69,13.3,5
"2545","TAPI","HY",72,13.3,5
"2546","TAPI","HY",72,12.7,5
"2547","TAPI","AHY",74,13.6,5
"2548","TAPI","HY",69,12.8,5
"2549","TAPI","AHY",74,15.1,5
"2550","TAPI","HY",70,13.8,5
"2551","TAPI","HY",72,14.3,5
"2552","TAPI","HY",73,13.9,5
"2553","TAPI","HY",72,12.9,5
"2554","TAPI","HY",69,13.4,5
"2555","TAPI","HY",69,12.3,5
"2556","TAPI","AHY",70,13.6,5
"2557","TAPI","HY",74,14.4,5
"2558","TAPI","HY",69,12,5
"2559","TAPI","HY",71,11.9,5
"2560","TAPI","AHY",73,12.5,5
"2561","TAPI","HY",71,10.8,5
"2562","TAPI","HY",74,13.8,5
"2563","TAPI","HY",68,12.4,5
"2564","TAPI","HY",72,12.8,5
"2565","TAPI","HY",71,13.6,5
"2566","TAPI","HY",71,13.2,5
"2567","TAPI","HY",73,12.9,5
"2568","TAPI","HY",71,13.2,5
"2569","TAPI","HY",72,12.6,5
"2570","TAPI","HY",73,14.4,5
"2571","TAPI","HY",71,12.6,5
"2572","SIFL","HY",70,11.3,5
"2573","TAPI","HY",74,13.7,5
"2574","TAPI","HY",70,12.8,5
"2575","TAPI","HY",72,14.3,5
"2576","TAPI","HY",69,13.1,5
"2577","TAPI","HY",70,13.3,5
"2578","TAPI","HY",74,12.9,5
"2579","TAPI","HY",70,12.5,5
"2580","TAPI","HY",71,13.1,5
"2581","TAPI","HY",72,12.6,5
"2582","TAPI","HY",73,12.8,5
"2583","SIFL","HY",75,12.8,5
"2584","TAPI","AHY",76,12.4,5
"2585","TAPI","HY",70,11.3,5
"2586","TAPI","HY",70,11.9,5
"2587","TAPI","HY",70,12.2,5
"2588","TAPI","HY",70,12.9,5
"2589","TAPI","AHY",72,12.3,5
"2590","TAPI","HY",70,13.2,5
"2591","TAPI","AHY",74,12.5,5
"2592","TAPI","AHY",73,12.9,5
"2593","TAPI","HY",74,13.4,5
"2594","TAPI","HY",70,13.6,5
"2595","TAPI","AHY",72,13.1,5
"2596","TAPI","HY",74,14.6,5
"2597","TAPI","HY",71,12.6,5
"2598","TAPI","AHY",74,12.2,5
"2599","TAPI","AHY",73,13.5,5
"2600","TAPI","HY",72,12.5,5
"2601","SIFL","AHY",70,11.4,5
"2602","TAPI","AHY",71,12.7,5
"2603","TAPI","HY",71,13.4,5
"2604","TAPI","HY",73,13.6,5
"2605","TAPI","HY",72,13.5,5
"2606","TAPI","HY",73,13.2,5
"2607","TAPI","HY",70,12.3,5
"2608","TAPI","HY",72,13.4,5
"2609","TAPI","HY",74,12.9,5
"2610","TAPI","HY",69,12.9,5
"2611","TAPI","HY",67,11.9,5
"2612","TAPI","HY",69,11.7,5
"2613","TAPI","HY",72,13.1,5
"2614","TAPI","AHY",73,12.7,5
"2615","TAPI","HY",72,12.9,5
"2616","TAPI","AHY",70,13.1,5
"2617","TAPI","HY",71,12.6,5
"2618","TAPI","HY",72,13.5,5
"2619","TAPI","HY",72,13.2,5
"2620","TAPI","HY",70,13.9,5
"2621","TAPI","HY",70,13.3,5
"2622","TAPI","HY",73,12.9,5
"2623","TAPI","HY",73,13.2,5
"2624","TAPI","HY",NA,13,5
"2625","SIFL","AHY",74,12.1,5
"2626","TAPI","HY",72,12.3,5
"2627","TAPI","HY",67,11.9,5
"2628","TAPI","HY",70,13.6,5
"2629","TAPI","HY",70,12.4,5
"2630","TAPI","HY",71,12.7,5
"2631","TAPI","AHY",73,14.1,5
"2632","TAPI","HY",72,12,5
"2633","TAPI","AHY",70,13.1,5
"2634","TAPI","AHY",69,12.7,5
"2635","TAPI","HY",72,13.1,5
"2636","TAPI","HY",71,12.4,5
"2637","TAPI","HY",71,13,5
"2638","TAPI","HY",68,12.6,5
"2639","TAPI","HY",72,13.1,5
"2640","TAPI","AHY",71,13,5
"2641","TAPI","AHY",73,12.5,5
"2642","TAPI","HY",69,12.4,5
"2643","TAPI","HY",69,11.7,5
"2644","TAPI","HY",70,12.4,5
"2645","TAPI","HY",73,13.3,5
"2646","TAPI","HY",71,12.6,5
"2647","TAPI","HY",69,13.3,5
"2648","TAPI","HY",69,12.4,5
"2649","TAPI","HY",73,12.6,5
"2650","TAPI","HY",69,11.5,5
"2651","TAPI","AHY",71,13.5,5
"2652","TAPI","AHY",NA,12.1,5
"2653","TAPI","HY",69,13.5,5
"2654","TAPI","HY",72,11.7,5
"2655","TAPI","HY",71,12.2,5
"2656","TAPI","HY",72,12.1,5
"2657","TAPI","HY",72,12.9,5
"2658","TAPI","HY",72,12.9,5
"2659","TAPI","AHY",72,12.6,5
"2660","TAPI","HY",70,12.8,5
"2661","TAPI","HY",71,13,5
"2662","TAPI","HY",71,12.5,5
"2663","TAPI","HY",70,12.8,5
"2664","TAPI","HY",67,11.3,5
"2665","TAPI","HY",69,12.8,5
"2666","TAPI","HY",70,12.3,5
"2667","TAPI","HY",70,11.2,5
"2668","TAPI","HY",69,11.3,5
"2669","TAPI","HY",69,12.9,5
"2670","TAPI","HY",71,13,5
"2671","TAPI","AHY",73,13.4,5
"2672","TAPI","HY",69,11.8,5
"2673","TAPI","HY",71,13.8,5
"2674","TAPI","HY",73,13.5,5
"2675","TAPI","HY",72,13.6,5
"2676","TAPI","HY",69,13,5
"2677","TAPI","AHY",72,12.9,5
"2678","TAPI","HY",71,12.4,5
"2679","TAPI","HY",72,12.4,5
"2680","TAPI","HY",72,12.1,5
"2681","TAPI","HY",71,13.2,5
"2682","TAPI","HY",72,11.3,5
"2683","TAPI","HY",69,10.9,5
"2684","TAPI","HY",71,13.1,5
"2685","TAPI","HY",70,11.4,5
"2686","TAPI","HY",68,12.5,5
"2687","TAPI","HY",73,11.7,5
"2688","TAPI","HY",71,13.2,5
"2689","TAPI","HY",NA,12.9,5
"2690","TAPI","HY",70,12.7,5
"2691","TAPI","HY",68,12.9,5
"2692","TAPI","HY",72,13.4,5
"2693","TAPI","HY",68,12,5
"2694","TAPI","HY",71,12.6,5
"2695","TAPI","HY",71,12.2,5
"2696","TAPI","HY",72,13,5
"2697","TAPI","HY",68,13.1,5
"2698","TAPI","HY",70,12.5,5
"2699","TAPI","HY",72,11.6,5
"2700","TAPI","AHY",69,11.4,5
"2701","TAPI","HY",NA,12.6,5
"2702","TAPI","AHY",73,13.1,5
"2703","TAPI","HY",72,12.2,5
"2704","TAPI","HY",72,12.8,5
"2705","TAPI","HY",NA,12.2,5
"2706","TAPI","HY",72,13.8,5
"2707","TAPI","AHY",73,11.7,5
"2708","TAPI","HY",72,12.8,5
"2709","TAPI","HY",NA,12.9,5
"2710","TAPI","HY",71,11.7,5
"2711","TAPI","HY",70,11.9,5
"2712","TAPI","HY",70,12.6,5
"2713","TAPI","AHY",77,14.2,5
"2714","TAPI","HY",71,12.1,5
"2715","TAPI","HY",69,12.6,5
"2716","TAPI","AHY",67,11.6,5
"2717","TAPI","HY",72,13.7,5
"2718","TAPI","HY",73,12.4,5
"2719","TAPI","HY",70,11,5
"2720","TAPI","AHY",71,13.4,5
"2721","TAPI","AHY",71,13.1,5
"2722","TAPI","HY",NA,13.2,5
"2723","TAPI","HY",71,11.5,5
"2724","TAPI","HY",71,13,5
"2725","TAPI","HY",71,13,5
"2726","TAPI","HY",71,13.3,5
"2727","TAPI","HY",72,12.9,5
"2728","TAPI","HY",70,12.3,5
"2729","TAPI","HY",70,11.5,5
"2730","TAPI","AHY",NA,12,5
"2731","TAPI","HY",72,12.4,5
"2732","TAPI","AHY",69,11.5,5
"2733","TAPI","HY",69,12.9,5
"2734","TAPI","HY",70,12.6,5
"2735","TAPI","HY",71,12.8,5
"2736","TAPI","HY",73,14.4,5
"2737","TAPI","HY",72,12.3,5
"2738","TAPI","HY",69,11.8,5
"2739","TAPI","HY",74,13,5
"2740","TAPI","HY",72,12.5,5
"2741","TAPI","HY",72,13.3,5
"2742","TAPI","HY",69,13.1,5
"2743","TAPI","HY",72,13.6,5
"2744","TAPI","HY",71,12.4,5
"2745","TAPI","HY",71,12.5,5
"2746","TAPI","HY",71,13.5,5
"2747","TAPI","HY",70,12.8,5
"2748","TAPI","HY",69,12.6,5
"2749","TAPI","HY",71,12.5,5
"2750","TAPI","AHY",71,13.9,5
"2751","TAPI","AHY",69,13.6,5
"2752","TAPI","HY",69,13.4,5
"2753","TAPI","AHY",71,13.5,5
"2754","TAPI","HY",68,12.7,5
"2755","TAPI","HY",72,13.3,5
"2756","TAPI","HY",71,12.7,5
"2757","TAPI","HY",69,11.8,5
"2758","TAPI","HY",70,12.5,5
"2759","TAPI","HY",71,12.9,5
"2760","TAPI","HY",70,11.3,5
"2761","TAPI","HY",70,12.6,5
"2762","TAPI","HY",70,12,5
"2763","TAPI","HY",72,13,5
"2764","TAPI","HY",71,12.3,5
"2765","TAPI","HY",69,12.1,5
"2766","TAPI","HY",70,13.9,5
"2767","TAPI","HY",70,13.5,5
"2768","TAPI","HY",71,13.7,5
"2769","TAPI","HY",71,12.8,5
"2770","TAPI","HY",73,13.6,5
"2771","TAPI","HY",70,11.9,5
"2772","TAPI","HY",68,12.7,5
"2773","TAPI","HY",68,12.4,5
"2774","TAPI","AHY",70,12.6,5
"2775","TAPI","AHY",71,12.9,5
"2776","TAPI","HY",72,11.8,5
"2777","TAPI","HY",69,12.9,5
"2778","TAPI","HY",72,12.3,5
"2779","TAPI","HY",72,13.5,5
"2780","TAPI","HY",72,12.6,5
"2781","TAPI","AHY",72,12.3,5
"2782","TAPI","AHY",73,13.3,5
"2783","TAPI","AHY",72,11.7,5
"2784","TAPI","HY",75,12.6,5
"2785","TAPI","HY",71,12.4,5
"2786","TAPI","HY",71,13.1,5
"2787","TAPI","HY",71,12.8,5
"2788","TAPI","HY",71,11.5,5
"2789","TAPI","HY",71,12,5
"2790","TAPI","HY",71,12.3,5
"2791","TAPI","HY",71,12,5
"2792","TAPI","HY",73,12.6,5
"2793","TAPI","HY",71,13.8,5
"2794","TAPI","HY",73,13.2,5
"2795","TAPI","HY",71,12.6,5
"2796","TAPI","HY",69,12.6,5
"2797","TAPI","AHY",74,14,5
"2798","TAPI","HY",67,11.7,5
"2799","TAPI","HY",72,12.2,5
"2800","TAPI","HY",71,12.2,5
"2801","TAPI","HY",69,12.4,5
"2802","TAPI","HY",71,12.4,5
"2803","TAPI","AHY",71,12.1,5
"2804","TAPI","HY",71,12.3,5
"2805","TAPI","HY",70,13.3,5
"2806","TAPI","HY",69,12.1,5
"2807","TAPI","HY",72,13.2,5
"2808","TAPI","HY",72,12.3,5
"2809","TAPI","AHY",70,12,5
"2810","TAPI","HY",73,12.5,5
"2811","TAPI","HY",73,13.9,5
"2812","TAPI","HY",72,12.1,5
"2813","TAPI","HY",72,13.4,5
"2814","TAPI","HY",72,12.7,5
"2815","TAPI","HY",71,12.7,5
"2816","TAPI","HY",71,10.9,5
"2817","TAPI","HY",72,12.8,5
"2818","TAPI","HY",77,12.1,5
"2819","TAPI","HY",71,13.5,5
"2820","TAPI","HY",72,12.6,5
"2821","TAPI","HY",70,12.1,5
"2822","TAPI","HY",72,13,5
"2823","TAPI","HY",74,12.9,5
"2824","TAPI","AHY",68,13.3,5
"2825","TAPI","AHY",75,13,5
"2826","TAPI","HY",76,12.9,5
"2827","TAPI","HY",78,12.3,5
"2828","TAPI","HY",70,12.3,5
"2829","TAPI","HY",71,13.1,5
"2830","TAPI","HY",73,12.8,5
"2831","TAPI","HY",74,13.7,5
"2832","TAPI","HY",71,11.8,5
"2833","TAPI","HY",72,11.7,5
"2834","TAPI","HY",70,13,5
"2835","TAPI","HY",72,12.7,5
"2836","TAPI","HY",71,11.8,5
"2837","TAPI","HY",68,12.9,5
"2838","TAPI","HY",71,12.3,5
"2839","TAPI","HY",69,13.3,5
"2840","TAPI","AHY",73,12.9,5
"2841","TAPI","AHY",73,13.5,5
"2842","TAPI","HY",69,12.6,5
"2843","TAPI","HY",68,11.7,5
"2844","TAPI","HY",72,13.3,5
"2845","TAPI","HY",72,12.3,5
"2846","TAPI","HY",70,12.5,5
"2847","TAPI","AHY",70,NA,5
"2848","TAPI","HY",NA,12.1,5
"2849","TAPI","HY",70,11.9,5
"2850","TAPI","HY",72,13.6,5
"2851","TAPI","HY",72,13.2,5
"2852","TAPI","HY",69,13.1,5
"2853","TAPI","HY",70,12.8,5
"2854","TAPI","HY",70,12,5
"2855","TAPI","AHY",70,12.6,5
"2856","TAPI","HY",72,12.5,5
"2857","TAPI","HY",68,11.8,5
"2858","TAPI","HY",70,11,5
"2859","TAPI","HY",69,12.2,5
"2860","TAPI","HY",71,12.6,5
"2861","TAPI","HY",72,12.6,5
"2862","TAPI","HY",71,12.5,5
"2863","TAPI","HY",NA,13.7,5
"2864","TAPI","HY",71,13.1,5
"2865","TAPI","AHY",71,12.8,5
"2866","TAPI","HY",70,13,5
"2867","TAPI","AHY",72,12.2,5
"2868","TAPI","HY",70,12.2,5
"2869","TAPI","HY",70,12.4,5
"2870","TAPI","AHY",70,14.4,5
"2871","TAPI","HY",68,11.7,5
"2872","TAPI","HY",71,12.3,5
"2873","TAPI","HY",69,11.5,5
"2874","TAPI","HY",72,12.6,5
"2875","TAPI","HY",70,11.8,5
"2876","TAPI","HY",68,13.4,5
"2877","TAPI","HY",73,13.6,5
"2878","TAPI","HY",70,14.2,5
"2879","TAPI","HY",73,11.9,5
"2880","TAPI","AHY",73,11.9,5
"2881","TAPI","HY",69,12.6,5
"2882","TAPI","HY",73,12.9,5
"2883","TAPI","HY",73,15.8,5
"2884","TAPI","HY",71,14.2,5
"2885","TAPI","HY",72,12.4,5
"2886","TAPI","HY",71,14,5
"2887","TAPI","AHY",71,12.7,5
"2888","TAPI","HY",72,13.6,5
"2889","TAPI","HY",73,13.4,5
"2890","TAPI","HY",69,13.7,5
"2891","TAPI","HY",NA,13.1,5
"2892","TAPI","HY",71,11.6,5
"2893","TAPI","HY",73,12.6,5
"2894","TAPI","AHY",72,12.9,5
"2895","TAPI","HY",70,12.8,5
"2896","TAPI","AHY",70,13.2,5
"2897","TAPI","HY",73,13.7,5
"2898","TAPI","HY",70,13.4,5
"2899","TAPI","HY",68,13,5
"2900","TAPI","HY",70,12.4,5
"2901","TAPI","HY",72,12.1,5
"2902","TAPI","HY",71,12.6,5
"2903","TAPI","HY",71,12.6,5
"2904","TAPI","HY",73,12.6,5
"2905","TAPI","HY",71,13.1,5
"2906","TAPI","HY",69,12.5,5
"2907","TAPI","AHY",73,12.6,5
"2908","TAPI","HY",71,11.4,5
"2909","TAPI","HY",69,13.6,5
"2910","TAPI","HY",68,10.7,5
"2911","TAPI","HY",71,13,5
"2912","TAPI","HY",69,13.5,5
"2913","TAPI","HY",69,12.2,5
"2914","TAPI","HY",73,13.2,5
"2915","TAPI","HY",68,12.4,5
"2916","TAPI","HY",68,12.9,5
"2917","TAPI","HY",70,13.3,5
"2918","TAPI","HY",68,14.2,5
"2919","TAPI","HY",69,12.3,5
"2920","TAPI","AHY",71,12,5
"2921","TAPI","HY",73,13.1,5
"2922","TAPI","HY",71,12.7,5
"2923","TAPI","HY",72,12.4,5
"2924","TAPI","HY",71,12.1,5
"2925","TAPI","HY",68,11.8,5
"2926","TAPI","HY",71,12.7,5
"2927","TAPI","HY",71,12.4,5
"2928","TAPI","HY",72,13.1,5
"2929","TAPI","HY",71,12.6,5
"2930","TAPI","HY",71,13,5
"2931","TAPI","HY",72,12.3,5
"2932","TAPI","HY",69,13.1,5
"2933","TAPI","HY",70,12.21,5
"2934","TAPI","HY",71,11.3,5
"2935","TAPI","HY",71,12.5,5
"2936","TAPI","HY",71,NA,5
"2937","TAPI","HY",71,14.4,5
"2938","TAPI","AHY",72,13.3,5
"2939","TAPI","HY",71,12.1,5
"2940","TAPI","HY",69,12.3,5
"2941","TAPI","HY",68,12.2,5
"2942","TAPI","HY",70,11.5,5
"2943","TAPI","HY",69,11.6,5
"2944","TAPI","AHY",70,14.2,5
"2945","TAPI","HY",71,11.8,5
"2946","TAPI","HY",69,13.3,5
"2947","TAPI","HY",71,12.1,5
"2948","TAPI","HY",70,12.9,5
"2949","TAPI","HY",71,13.2,5
"2950","TAPI","HY",70,11.9,5
"2951","TAPI","AHY",71,12.9,5
"2952","TAPI","HY",70,13.6,5
"2953","TAPI","HY",69,12.7,5
"2954","TAPI","AHY",70,13.6,5
"2955","TAPI","HY",70,12.1,5
"2956","TAPI","AHY",74,14.7,5
"2957","TAPI","HY",72,15.1,5
"2958","TAPI","HY",70,13.6,5
"2959","TAPI","AHY",70,12.3,5
"2960","TAPI","HY",71,12.6,5
"2961","TAPI","HY",70,12.6,5
"2962","TAPI","HY",71,11.8,5
"2963","TAPI","HY",71,11.9,5
"2964","TAPI","AHY",73,13.3,5
"2965","TAPI","AHY",70,13.4,5
"2966","TAPI","HY",73,13.5,5
"2967","TAPI","HY",72,12.2,5
"2968","TAPI","HY",68,11.6,5
"2969","TAPI","HY",71,13.7,5
"2970","TAPI","AHY",72,14.2,5
"2971","TAPI","AHY",72,12.7,5
"2972","TAPI","HY",70,13.4,5
"2973","TAPI","HY",70,13.3,5
"2974","TAPI","HY",71,12.7,5
"2975","TAPI","HY",72,13.1,5
"2976","TAPI","HY",71,13.3,5
"2977","TAPI","AHY",72,12,5
"2978","TAPI","HY",68,13,5
"2979","TAPI","HY",71,12.8,5
"2980","TAPI","HY",71,11.6,5
"2981","TAPI","AHY",69,13.3,5
"2982","TAPI","AHY",70,14.8,5
"2983","TAPI","AHY",74,13.9,5
"2984","TAPI","HY",70,12.5,5
"2985","TAPI","AHY",73,13.7,5
"2986","TAPI","HY",74,13.1,5
"2987","TAPI","HY",72,12.7,5
"2988","TAPI","HY",70,12.1,5
"2989","TAPI","AHY",69,12.1,5
"2990","TAPI","AHY",68,11.2,5
"2991","TAPI","HY",71,12.6,5
"2992","TAPI","HY",72,13.5,5
"2993","TAPI","HY",72,13.2,5
"2994","TAPI","HY",68,13.3,5
"2995","TAPI","AHY",72,13.3,5
"2996","TAPI","HY",72,13.4,5
"2997","TAPI","HY",71,13.2,5
"2998","TAPI","HY",68,12.8,5
"2999","TAPI","HY",71,12.5,5
"3000","TAPI","HY",69,13.1,5
"3001","TAPI","HY",73,12.3,5
"3002","TAPI","HY",69,12,5
"3003","TAPI","AHY",76,13.1,5
"3004","TAPI","AHY",73,NA,5
"3005","TAPI","HY",70,13.3,5
"3006","TAPI","AHY",72,13.2,5
"3007","TAPI","HY",68,13.1,5
"3008","TAPI","HY",73,13.6,5
"3009","TAPI","HY",70,12.7,5
"3010","TAPI","HY",68,12.3,5
"3011","TAPI","HY",72,13.6,5
"3012","TAPI","HY",72,13.1,5
"3013","TAPI","HY",72,11.8,5
"3014","TAPI","HY",72,12.2,5
"3015","TAPI","HY",69,12.5,5
"3016","TAPI","HY",75,13.6,5
"3017","TAPI","HY",71,12.7,5
"3018","TAPI","HY",72,12.3,5
"3019","TAPI","HY",71,12.5,5
"3020","TAPI","HY",74,13.5,5
"3021","TAPI","AHY",73,13.2,5
"3022","TAPI","HY",70,12.8,5
"3023","TAPI","AHY",76,13.4,5
"3024","TAPI","HY",70,12.2,5
"3025","TAPI","HY",74,11.6,5
"3026","TAPI","HY",74,13.6,5
"3027","TAPI","HY",71,12.9,5
"3028","TAPI","HY",71,NA,5
"3029","TAPI","HY",70,11.7,5
"3030","TAPI","HY",71,13.2,5
"3031","TAPI","HY",69,11.5,5
"3032","TAPI","HY",71,12.8,5
"3033","TAPI","HY",71,12.4,5
"3034","TAPI","HY",NA,13.3,5
"3035","TAPI","HY",73,13,5
"3036","TAPI","HY",74,14.4,5
"3037","TAPI","HY",70,13,5
"3038","TAPI","HY",72,12.5,5
"3039","TAPI","HY",71,12.1,5
"3040","TAPI","HY",67,12,5
"3041","TAPI","HY",69,11.8,5
"3042","TAPI","HY",70,13.8,5
"3043","TAPI","HY",74,12.6,5
"3044","TAPI","HY",68,13,5
"3045","TAPI","HY",72,12.2,5
"3046","TAPI","HY",73,13.6,5
"3047","TAPI","HY",65,11,5
"3048","TAPI","HY",69,11.8,5
"3049","TAPI","HY",70,13.1,5
"3050","TAPI","AHY",73,13.6,5
"3051","TAPI","HY",71,12.7,5
"3052","TAPI","HY",71,12.2,5
"3053","TAPI","HY",73,13.3,5
"3054","TAPI","HY",74,12.2,5
"3055","TAPI","HY",72,13.6,5
"3056","TAPI","HY",71,13.2,5
"3057","TAPI","HY",73,13.2,5
"3058","TAPI","AHY",75,13,5
"3059","TAPI","HY",69,13.6,5
"3060","TAPI","HY",69,12.6,5
"3061","TAPI","HY",70,12.9,5
"3062","TAPI","HY",71,12.9,5
"3063","TAPI","AHY",72,13.2,5
"3064","TAPI","AHY",72,12.6,5
"3065","TAPI","HY",70,11.4,5
"3066","TAPI","HY",74,12.8,5
"3067","TAPI","HY",73,12.3,5
"3068","TAPI","HY",71,12.3,5
"3069","TAPI","HY",76,13.1,5
"3070","TAPI","HY",72,12.8,5
"3071","TAPI","HY",74,11.9,5
"3072","TAPI","AHY",73,13.1,5
"3073","TAPI","HY",72,13.8,5
"3074","TAPI","AHY",68,12.9,5
"3075","TAPI","HY",73,11.7,5
"3076","TAPI","HY",72,14.4,5
"3077","TAPI","HY",73,13,5
"3078","TAPI","HY",72,12.6,5
"3079","TAPI","HY",72,12.7,5
"3080","TAPI","HY",71,13.1,5
"3081","TAPI","HY",69,11.8,5
"3082","TAPI","AHY",72,12.9,5
"3083","TAPI","HY",71,11.4,5
"3084","TAPI","AHY",72,13.6,5
"3085","TAPI","HY",73,11.5,5
"3086","SIFL","AHY",73,12.8,5
"3087","TAPI","HY",72,11.7,5
"3088","TAPI","AHY",72,12.7,5
"3089","TAPI","HY",69,12.1,5
"3090","TAPI","AHY",71,13,5
"3091","TAPI","HY",72,14.1,5
"3092","TAPI","HY",69,12.8,5
"3093","TAPI","HY",70,12,5
"3094","TAPI","HY",69,14.1,5
"3095","TAPI","AHY",69,13.4,5
"3096","TAPI","HY",73,13.3,5
"3097","TAPI","HY",69,14.1,5
"3098","TAPI","HY",72,13,5
"3099","TAPI","HY",69,13.1,5
"3100","TAPI","HY",71,12.9,5
"3101","TAPI","HY",68,NA,5
"3102","TAPI","AHY",71,12.3,5
"3103","TAPI","HY",70,11.6,5
"3104","TAPI","HY",73,12.6,5
"3105","TAPI","HY",71,13,5
"3106","TAPI","HY",72,12,5
"3107","TAPI","HY",71,11.1,5
"3108","TAPI","HY",75,NA,5
"3109","TAPI","HY",71,13.2,5
"3110","TAPI","HY",74,13.3,5
"3111","TAPI","HY",73,14.9,5
"3112","TAPI","HY",71,12.7,5
"3113","TAPI","HY",71,11.1,5
"3114","TAPI","HY",71,12.6,5
"3115","TAPI","AHY",70,12.3,5
"3116","TAPI","HY",72,12.4,5
"3117","TAPI","AHY",70,13.5,5
"3118","TAPI","HY",72,13.4,5
"3119","SIFL","HY",71,11.2,5
"3120","TAPI","HY",72,13,5
"3121","SIFL","AHY",75,13.6,5
"3122","TAPI","HY",68,11.3,5
"3123","TAPI","HY",70,12,5
"3124","TAPI","AHY",69,11,5
"3125","TAPI","HY",73,12.7,5
"3126","TAPI","HY",73,12.8,5
"3127","TAPI","HY",71,12.5,5
"3128","TAPI","HY",70,12,5
"3129","TAPI","AHY",73,13.7,5
"3130","TAPI","HY",72,14.3,5
"3131","TAPI","HY",71,14.3,5
"3132","TAPI","HY",72,13.1,5
"3133","TAPI","AHY",74,13.7,5
"3134","TAPI","HY",73,12.9,5
"3135","TAPI","AHY",75,13.2,5
"3136","TAPI","HY",72,12.7,5
"3137","TAPI","HY",74,13.3,5
"3138","TAPI","AHY",70,13.1,5
"3139","TAPI","HY",72,13.2,5
"3140","TAPI","HY",70,13,5
"3141","TAPI","HY",74,13,5
"3142","TAPI","HY",72,13.4,5
"3143","TAPI","HY",73,12.5,5
"3144","TAPI","HY",72,12.6,5
"3145","TAPI","HY",71,12,5
"3146","TAPI","HY",70,13.9,5
"3147","TAPI","HY",72,12.6,5
"3148","SIFL","AHY",73,12.4,5
"3149","TAPI","HY",74,14.5,5
"3150","TAPI","AHY",74,13.7,5
"3151","TAPI","HY",74,12.1,5
"3152","TAPI","HY",71,12,5
"3153","TAPI","HY",72,12.3,5
"3154","TAPI","AHY",71,13.9,5
"3155","SIFL","AHY",70,10.9,5
"3156","SIFL","HY",72,12.8,5
"3157","SIFL","HY",70,10.8,5
"3158","SIFL","HY",73,10.8,5
"3159","SIFL","HY",69,11.9,5
"3160","SIFL","AHY",75,13.7,5
"3161","SIFL","HY",73,12.5,5
"3162","SIFL","HY",72,11.7,5
"3163","SIFL","AHY",76,13.6,5
"3164","SIFL","AHY",73,14.7,5
"3165","DUSA","HY",108,54.6,5
"3166","DUSA","AHY",112,59,5
"3167","DUSA","HY",110,62.8,5
"3168","DUSA","AHY",110,57.7,5
"3169","SIFL","AHY",70,11.3,5
"3170","SIFL","HY",69,12.1,5
"3171","SIFL","HY",NA,12.5,5
"3172","SIFL","HY",73,10.9,5
"3173","DUSA","AHY",112,59.5,5
"3174","DUSA","AHY",115,59.5,5
"3175","SIFL","AHY",NA,12.1,5
"3176","SIFL","AHY",74,13.5,5
"3177","SIFL","HY",74,13.5,5
"3178","SIFL","HY",70,12.2,5
"3179","SIFL","HY",74,12.1,5
"3180","SIFL","AHY",74,13.8,5
"3181","SIFL","HY",72,11,5
"3182","SIFL","AHY",75,13.8,5
"3183","SIFL","AHY",76,13.1,5
"3184","SIFL","HY",75,13.6,5
"3185","SIFL","HY",68,11.2,5
"3186","SIFL","HY",68,12.8,5
"3187","SIFL","HY",68,12.1,5
"3188","SIFL","AHY",72,12.1,5
"3189","SIFL","HY",72,14.2,5
"3190","SIFL","AHY",70,12.3,5
"3191","SIFL","HY",72,13.1,5
"3192","SIFL","HY",73,13.1,5
"3193","SIFL","HY",71,12.2,5
"3194","SIFL","AHY",72,11.6,5
"3195","SIFL","AHY",70,11.8,5
"3196","SIFL","AHY",73,12.8,5
"3197","SIFL","HY",73,12.9,5
"3198","SIFL","AHY",72,12.6,5
"3199","SIFL","HY",73,13.4,5
"3200","SIFL","HY",72,12.9,5
"3201","SIFL","AHY",74,11.9,5
"3202","SIFL","AHY",72,11.7,5
"3203","SIFL","HY",74,13.1,5
"3204","SIFL","HY",73,12.9,5
"3205","SIFL","AHY",74,15.1,5
"3206","SIFL","AHY",75,14.7,5
"3207","SIFL","AHY",76,12.9,5
"3208","SIFL","HY",74,12.7,5
"3209","SIFL","HY",71,13.2,5
"3210","SIFL","HY",71,14,5
"3211","SIFL","HY",72,13.6,5
"3212","SIFL","AHY",72,13.5,5
"3213","SIFL","AHY",71,13.1,5
"3214","SIFL","HY",71,11.9,5
"3215","SIFL","AHY",73,12.2,5
"3216","SIFL","HY",72,12.5,5
"3217","SIFL","AHY",70,12.7,5
"3218","SIFL","HY",72,12.9,5
"3219","TAPI","HY",72,12.6,5
"3220","TAPI","HY",68,12.5,5
"3221","SIFL","HY",67,10.7,5
"3222","SIFL","HY",68,11.9,5
"3223","SIFL","AHY",72,12.4,5
"3224","SIFL","HY",72,14.2,5
"3225","SIFL","HY",72,12.7,5
"3226","SIFL","AHY",70,12,5
"3227","SIFL","HY",74,13.9,5
"3228","SIFL","HY",71,15.2,5
"3229","SIFL","AHY",72,12.7,5
"3230","SIFL","HY",71,NA,5
"3231","SIFL","HY",73,13.4,5
"3232","SIFL","HY",69,11.5,5
"3233","SIFL","AHY",71,12.2,5
"3234","SIFL","AHY",78,16.8,5
"3235","SIFL","AHY",72,13,5
"3236","SIFL","HY",74,14.8,5
"3237","SIFL","HY",72,12.5,5
"3238","SIFL","AHY",73,13.2,5
"3239","SIFL","AHY",77,14.2,5
"3240","SIFL","AHY",74,13.3,5
"3241","SIFL","HY",68,11.5,5
"3242","SIFL","AHY",74,NA,5
"3243","SIFL","HY",71,12,5
"3244","SIFL","HY",72,13.8,5
"3245","SIFL","HY",72,13.1,5
"3246","SIFL","AHY",72,13.5,5
"3247","SIFL","HY",73,14.1,5
"3248","SIFL","AHY",73,13.4,5
"3249","SIFL","HY",71,13.7,5
"3250","SIFL","HY",73,13,5
"3251","SIFL","AHY",75,14.6,5
"3252","SIFL","AHY",69,13.6,5
"3253","SIFL","AHY",80,20.1,5
"3254","SIFL","HY",70,12.1,5
"3255","SIFL","AHY",74,13,5
"3256","SIFL","HY",73,12.3,5
"3257","SIFL","AHY",71,13,5
"3258","SIFL","AHY",71,12.5,5
"3259","SIFL","AHY",74,12.2,5
"3260","SIFL","HY",69,10.6,5
"3261","SIFL","AHY",73,13.1,5
"3262","SIFL","HY",73,12.6,5
"3263","SIFL","HY",70,11.4,5
"3264","SIFL","AHY",72,11.9,5
"3265","SIFL","AHY",75,13.2,5
"3266","SIFL","HY",75,12.8,5
"3267","SIFL","HY",77,15,5
"3268","SIFL","HY",72,13.6,5
"3269","SIFL","HY",70,12.2,5
"3270","SIFL","AHY",70,11.9,5
"3271","SIFL","AHY",72,14.7,5
"3272","SIFL","HY",70,12.8,5
"3273","SIFL","AHY",76,12.4,5
"3274","SIFL","HY",71,12.9,5
"3275","SIFL","AHY",71,12.9,5
"3276","SIFL","AHY",72,13.4,5
"3277","SIFL","AHY",73,12,5
"3278","SIFL","AHY",73,13.4,5
"3279","SIFL","HY",71,11.9,5
"3280","SIFL","HY",72,13.2,5
"3281","SIFL","AHY",74,13.8,5
"3282","SIFL","AHY",72,12.8,5
"3283","SIFL","HY",69,11.5,5
"3284","SIFL","HY",74,12.3,5
"3285","SIFL","HY",71,NA,5
"3286","SIFL","HY",79,15.1,5
"3287","SIFL","HY",70,12.3,5
"3288","SIFL","AHY",72,13.2,5
"3289","SIFL","AHY",75,13.2,5
"3290","SIFL","AHY",73,13.3,5
"3291","SIFL","HY",74,13.6,5
"3292","SIFL","AHY",72,11.7,5
"3293","SIFL","AHY",71,13.9,5
"3294","SIFL","HY",73,12.9,5
"3295","SIFL","AHY",73,12,5
"3296","SIFL","HY",72,13.7,5
"3297","SIFL","HY",70,12.3,5
"3298","SIFL","HY",69,12,5
"3299","SIFL","AHY",70,12.8,5
"3300","SIFL","AHY",74,12.2,5
"3301","SIFL","AHY",74,12.3,5
"3302","SIFL","HY",72,12.1,5
"3303","SIFL","HY",72,11.7,5
"3304","SIFL","HY",NA,12.7,5
"3305","SIFL","AHY",68,12,5
"3306","SIFL","AHY",75,12.4,5
"3307","SIFL","AHY",72,13.6,5
"3308","SIFL","HY",74,12.7,5
"3309","SIFL","HY",72,12.6,5
"3310","SIFL","AHY",77,12.9,5
"3311","SIFL","HY",70,12.2,5
"3312","SIFL","HY",71,12.2,5
"3313","SIFL","HY",68,11.6,5
"3314","SIFL","HY",72,NA,5
"3315","SIFL","HY",70,12.8,5
"3316","SIFL","HY",73,12.4,5
"3317","SIFL","HY",68,13.5,5
"3318","SIFL","HY",71,12.6,5
"3319","SIFL","AHY",75,14.2,5
"3320","SIFL","AHY",69,12,5
"3321","SIFL","HY",70,12.5,5
"3322","SIFL","AHY",72,12.2,5
"3323","SIFL","HY",71,13.1,5
"3324","SIFL","HY",72,12,5
"3325","SIFL","HY",72,12.3,5
"3326","SIFL","AHY",73,12.9,5
"3327","SIFL","HY",74,14,5
"3328","SIFL","AHY",71,12.5,5
"3329","SIFL","AHY",73,11.8,5
"3330","SIFL","HY",73,14.7,5
"3331","SIFL","AHY",72,13.4,5
"3332","SIFL","HY",75,13.2,5
"3333","SIFL","HY",72,12.6,5
"3334","SIFL","HY",71,11.6,5
"3335","SIFL","AHY",74,13.3,5
"3336","SIFL","HY",73,13.9,5
"3337","SIFL","HY",73,12.7,5
"3338","SIFL","HY",72,14.2,5
"3339","SIFL","HY",70,NA,5
"3340","SIFL","AHY",72,12.3,5
"3341","SIFL","HY",70,12.7,5
"3342","SIFL","HY",72,11.5,5
"3343","SIFL","HY",70,12.4,5
"3344","SIFL","AHY",71,12.3,5
"3345","SIFL","HY",73,12.8,5
"3346","SIFL","AHY",68,11.8,5
"3347","SIFL","HY",72,11.6,5
"3348","SIFL","HY",69,11.9,5
"3349","SIFL","AHY",72,12.1,5
"3350","SIFL","HY",71,12.7,5
"3351","SIFL","AHY",75,12.7,5
"3352","SIFL","AHY",72,12.8,5
"3353","SIFL","HY",71,13.3,5
"3354","SIFL","AHY",71,12.3,5
"3355","SIFL","AHY",74,12.8,5
"3356","SIFL","AHY",74,13.2,5
"3357","SIFL","HY",74,11.5,5
"3358","SIFL","HY",70,12.3,5
"3359","SIFL","AHY",NA,12,5
"3360","SIFL","HY",71,12.9,5
"3361","SIFL","HY",75,12.9,5
"3362","SIFL","HY",73,12.9,5
"3363","SIFL","AHY",73,12.8,5
"3364","SIFL","HY",71,12.9,5
"3365","SIFL","AHY",72,13.6,5
"3366","SIFL","HY",71,12.7,5
"3367","SIFL","HY",74,12.6,5
"3368","SIFL","HY",73,12.6,5
"3369","SIFL","AHY",73,14.6,5
"3370","SIFL","HY",70,10.9,5
"3371","SIFL","AHY",72,11.7,5
"3372","SIFL","HY",73,12.1,5
"3373","SIFL","HY",72,12.6,5
"3374","SIFL","HY",69,11.2,5
"3375","SIFL","HY",72,13.1,5
"3376","SIFL","AHY",71,12.3,5
"3377","SIFL","HY",69,12.2,5
"3378","SIFL","AHY",72,12.8,5
"3379","SIFL","HY",71,12.7,5
"3380","SIFL","AHY",73,12.6,5
"3381","SIFL","AHY",74,13.9,5
"3382","SIFL","HY",71,11.9,5
"3383","SIFL","HY",70,11.4,5
"3384","SIFL","AHY",72,11.8,5
"3385","SIFL","HY",80,16.3,5
"3386","SIFL","AHY",74,14.3,5
"3387","SIFL","HY",70,12.5,5
"3388","SIFL","HY",73,12.6,5
"3389","SIFL","HY",70,11.7,5
"3390","SIFL","AHY",77,13.9,5
"3391","SIFL","HY",71,12.5,5
"3392","SIFL","HY",72,11.3,5
"3393","SIFL","HY",74,12.7,5
"3394","SIFL","AHY",72,13.4,5
"3395","SIFL","HY",69,12.4,5
"3396","SIFL","HY",74,11.5,5
"3397","SIFL","HY",75,12.4,5
"3398","SIFL","AHY",70,12.6,5
"3399","SIFL","HY",74,12.9,5
"3400","SIFL","HY",71,12.3,5
"3401","SIFL","HY",72,12,5
"3402","SIFL","AHY",75,13.4,5
"3403","SIFL","AHY",70,12,5
"3404","SIFL","HY",73,12.2,5
"3405","SIFL","AHY",72,13.4,5
"3406","SIFL","HY",71,12.3,5
"3407","SIFL","AHY",73,12.6,5
"3408","SIFL","AHY",71,13.3,5
"3409","SIFL","HY",72,12.9,5
"3410","SIFL","AHY",73,13.2,5
"3411","SIFL","HY",70,11.7,5
"3412","SIFL","HY",71,12.9,5
"3413","SIFL","HY",73,12.2,5
"3414","SIFL","HY",72,13.1,5
"3415","SIFL","AHY",73,13.3,5
"3416","SIFL","AHY",72,12.2,5
"3417","SIFL","AHY",73,12.7,5
"3418","SIFL","HY",71,12.9,5
"3419","SIFL","HY",73,12.7,5
"3420","SIFL","AHY",74,12.8,5
"3421","SIFL","HY",71,12.3,5
"3422","SIFL","HY",74,13,5
"3423","SIFL","AHY",69,12.3,5
"3424","SIFL","HY",73,12,5
"3425","SIFL","HY",72,13.2,5
"3426","SIFL","HY",73,11.8,5
"3427","SIFL","AHY",74,12.9,5
"3428","SIFL","HY",72,11.6,5
"3429","SIFL","HY",70,12,5
"3430","SIFL","AHY",74,11.8,5
"3431","SIFL","AHY",71,11.6,5
"3432","SIFL","AHY",76,12.7,5
"3433","SIFL","AHY",74,12.1,5
"3434","SIFL","AHY",74,12.8,5
"3435","SIFL","HY",69,10.3,5
"3436","SIFL","HY",69,11.7,5
"3437","SIFL","HY",69,12.3,5
"3438","SIFL","AHY",72,12.7,5
"3439","SIFL","HY",73,12.5,5
"3440","SIFL","HY",71,12,5
"3441","SIFL","HY",78,15.5,5
"3442","SIFL","HY",74,12.3,5
"3443","SIFL","HY",71,12.4,5
"3444","SIFL","HY",71,12.3,5
"3445","SIFL","AHY",74,13.5,5
"3446","TAPI","HY",69,12.6,5
"3447","SIFL","HY",72,12.9,5
"3448","SIFL","AHY",77,10.2,5
"3449","SIFL","HY",70,11.7,5
"3450","SIFL","HY",72,12.5,5
"3451","SIFL","HY",68,12.5,5
"3452","SIFL","HY",74,14.1,5
"3453","TAPI","AHY",73,12.5,5
"3454","SIFL","HY",73,12.6,5
"3455","SIFL","HY",75,16.1,5
"3456","SIFL","AHY",72,13.7,5
"3457","SIFL","HY",71,12.1,5
"3458","SIFL","HY",72,12.9,5
"3459","SIFL","HY",73,14.5,5
"3460","SIFL","HY",75,13.6,5
"3461","SIFL","HY",69,13.1,5
"3462","SIFL","HY",68,11.5,5
"3463","SIFL","HY",75,13,5
"3464","SIFL","HY",73,14.5,5
"3465","SIFL","HY",70,13.1,5
"3466","SIFL","AHY",67,11.5,5
"3467","SIFL","HY",74,12.3,5
"3468","SIFL","HY",71,11.7,5
"3469","SIFL","HY",74,13.1,5
"3470","SIFL","HY",69,11.5,5
"3471","SIFL","HY",72,11.6,5
"3472","SIFL","HY",71,13.2,5
"3473","SIFL","HY",76,15.5,5
"3474","SIFL","HY",71,13.8,5
"3475","SIFL","AHY",75,12.9,5
"3476","SIFL","HY",69,12.8,5
"3477","SIFL","HY",68,12.9,5
"3478","SIFL","AHY",72,12.6,5
"3479","SIFL","HY",79,16.1,5
"3480","SIFL","HY",68,11.5,5
"3481","SIFL","AHY",72,12.6,5
"3482","SIFL","HY",69,NA,5
"3483","SIFL","HY",69,11.5,5
"3484","SIFL","HY",71,12.4,5
"3485","SIFL","HY",76,14.5,5
"3486","SIFL","HY",80,17.2,5
"3487","SIFL","AHY",71,13.5,5
"3488","SIFL","HY",72,12.6,5
"3489","SIFL","HY",69,11.7,5
"3490","SIFL","HY",71,14.3,5
"3491","SIFL","AHY",75,14.4,5
"3492","SIFL","HY",72,12.3,5
"3493","SIFL","HY",71,11.3,5
"3494","SIFL","HY",72,12.4,5
"3495","SIFL","HY",71,12,5
"3496","SIFL","AHY",69,12,5
"3497","TAPI","AHY",71,13.4,5
"3498","SIFL","AHY",74,12.3,5
"3499","SIFL","HY",71,12.3,5
"3500","SIFL","HY",69,13.6,5
"3501","SIFL","AHY",72,13,5
"3502","SIFL","HY",72,11.4,5
"3503","SIFL","HY",68,13,5
"3504","SIFL","HY",76,13.6,5
"3505","SIFL","HY",69,11,5
"3506","SIFL","HY",72,12.1,5
"3507","SIFL","AHY",73,13.2,5
"3508","SIFL","HY",70,11.5,5
"3509","SIFL","HY",76,14.2,5
"3510","SIFL","HY",72,13.4,5
"3511","SIFL","HY",77,15.5,5
"3512","SIFL","HY",72,15,5
"3513","SIFL","HY",73,12.8,5
"3514","SIFL","AHY",70,11.5,5
"3515","SIFL","HY",69,12.4,5
"3516","SIFL","AHY",75,12.7,5
"3517","SIFL","AHY",70,12.2,5
"3518","SIFL","HY",73,12.9,5
"3519","SIFL","HY",73,12.3,5
"3520","SIFL","AHY",74,12.1,5
"3521","TAPI","AHY",70,13.5,5
"3522","SIFL","HY",69,13.3,5
"3523","SIFL","HY",71,13,5
"3524","SIFL","AHY",73,12.3,5
"3525","SIFL","HY",77,12.9,5
"3526","SIFL","HY",71,11.8,5
"3527","SIFL","HY",70,12.3,5
"3528","SIFL","AHY",74,11.2,5
"3529","SIFL","HY",69,11.4,5
"3530","SIFL","HY",70,13.4,5
"3531","SIFL","AHY",72,13.1,5
"3532","SIFL","AHY",71,12.6,5
"3533","SIFL","AHY",72,12.5,5
"3534","SIFL","HY",73,12.5,5
"3535","SIFL","HY",72,12.2,5
"3536","SIFL","HY",75,14,5
"3537","SIFL","HY",71,13.1,5
"3538","SIFL","AHY",71,NA,5
"3539","SIFL","AHY",70,11.7,5
"3540","SIFL","AHY",70,11.2,5
"3541","SIFL","AHY",68,10,5
"3542","SIFL","AHY",73,13.1,5
"3543","SIFL","HY",71,12.1,5
"3544","SIFL","AHY",69,13.7,5
"3545","SIFL","HY",71,11.8,5
"3546","SIFL","HY",70,11.3,5
"3547","SIFL","HY",71,10.9,5
"3548","SIFL","HY",72,12.6,5
"3549","SIFL","HY",74,14.9,5
"3550","SIFL","HY",70,10.5,5
"3551","SIFL","HY",73,12,5
"3552","SIFL","AHY",73,12.3,5
"3553","SIFL","HY",70,12.4,5
"3554","SIFL","HY",71,11.9,5
"3555","SIFL","HY",67,11.2,5
"3556","SIFL","HY",72,12.5,5
"3557","SIFL","HY",67,11.2,5
"3558","SIFL","HY",72,12.6,5
"3559","SIFL","HY",68,10.7,5
"3560","SIFL","HY",71,12.8,5
"3561","SIFL","HY",72,13.6,5
"3562","SIFL","HY",77,16.1,5
"3563","SIFL","HY",76,18.3,5
"3564","SIFL","HY",76,17.5,5
"3565","SIFL","HY",72,13,5
"3566","SIFL","HY",72,12.5,5
"3567","TAPI","HY",72,12.7,6
"3568","TAPI","HY",75,12.7,6
"3569","TAPI","HY",NA,11.5,6
"3570","TAPI","HY",NA,11.7,6
"3571","TAPI","HY",NA,12.7,6
"3572","TAPI","HY",73,13.4,6
"3573","TAPI","HY",71,11.2,6
"3574","TAPI","HY",70,12.5,6
"3575","TAPI","HY",73,14.1,6
"3576","TAPI","HY",71,12.8,6
"3577","TAPI","HY",69,11.9,6
"3578","TAPI","HY",70,13.2,6
"3579","TAPI","HY",70,12.2,6
"3580","TAPI","HY",69,12.5,6
"3581","TAPI","HY",71,14.2,6
"3582","TAPI","HY",70,12.8,6
"3583","TAPI","HY",69,12,6
"3584","TAPI","HY",71,13.1,6
"3585","TAPI","HY",69,12.2,6
"3586","TAPI","HY",71,NA,6
"3587","TAPI","HY",NA,12.7,6
"3588","TAPI","HY",71,12.6,6
"3589","TAPI","HY",NA,15.1,6
"3590","TAPI","HY",NA,13.2,6
"3591","TAPI","HY",68,12.7,6
"3592","TAPI","HY",69,13.9,6
"3593","TAPI","HY",72,12,6
"3594","TAPI","HY",NA,10.9,6
"3595","TAPI","HY",NA,11.7,6
"3596","TAPI","HY",NA,12.4,6
"3597","TAPI","HY",69,13.9,6
"3598","TAPI","HY",69,13.3,6
"3599","TAPI","HY",NA,13,6
"3600","TAPI","HY",NA,13.4,6
"3601","TAPI","HY",NA,12.2,6
"3602","TAPI","HY",NA,14.8,6
"3603","TAPI","HY",NA,12.5,6
"3604","TAPI","HY",NA,11.9,6
"3605","TAPI","HY",NA,12.7,6
"3606","TAPI","HY",NA,12.3,6
"3607","TAPI","HY",72,12.8,6
"3608","TAPI","HY",72,13.3,6
"3609","TAPI","HY",68,12.8,6
"3610","TAPI","HY",71,11.9,6
"3611","TAPI","HY",70,14.5,6
"3612","TAPI","HY",NA,13.3,6
"3613","TAPI","HY",NA,11.9,6
"3614","TAPI","HY",NA,11.5,6
"3615","TAPI","HY",NA,13.5,6
"3616","TAPI","HY",71,11.9,6
"3617","TAPI","AHY",72,12.5,6
"3618","TAPI","HY",69,13,6
"3619","TAPI","HY",71,11.9,6
"3620","TAPI","HY",70,13.7,6
"3621","TAPI","HY",69,11.4,6
"3622","TAPI","HY",74,12.7,6
"3623","TAPI","HY",NA,NA,6
"3624","JABO","AHY",108,56.2,6
"3625","JABO","HY",111,51.6,6
"3626","JABO","HY",117,63.3,6
"3627","DUSA","AHY",115,53.7,6
"3628","JABO","AHY",113,53.1,6
"3629","JABO","AHY",114,47.2,6
"3630","JABO","HY",106,46.8,6
"3631","JABO","HY",116,50.5,6
"3632","JABO","HY",114,50,6
"3633","JABO","AHY",112,45.8,6
"3634","JABO","AHY",107,48.7,6
"3635","SIFL","HY",71,12.6,6
"3636","DUSA","AHY",117,59.8,6
"3637","DUSA","HY",115,50,6
"3638","JABO","HY",116,45.6,6
"3639","DUSA","HY",109,53.5,6
"3640","DUSA","HY",109,52.8,6
"3641","DUSA","HY",NA,50.3,6
"3642","DUSA","HY",115,58.4,6
"3643","DUSA","HY",108,52.6,6
"3644","DUSA","AHY",NA,62,6
"3645","DUSA","HY",119,58.1,6
"3646","DUSA","HY",117,56.6,6
"3647","DUSA","AHY",112,57,6
"3648","DUSA","HY",106,55.1,6
"3649","DUSA","AHY",113,61.2,6
"3650","DUSA","HY",116,50.6,6
"3651","DUSA","AHY",115,62.3,6
"3652","JABO","HY",116,50.5,6
"3653","DUSA","AHY",115,58.8,6
"3654","DUSA","AHY",115,56.8,6
"3655","JABO","AHY",103,42,6
"3656","JABO","HY",114,55,6
"3657","DUSA","AHY",114,58.4,6
"3658","JABO","HY",111,51.4,6
"3659","DUSA","AHY",113,45.4,6
"3660","DUSA","AHY",110,62.7,6
"3661","JABO","HY",113,50,6
"3662","JABO","HY",118,46.1,6
"3663","JABO","AHY",116,51.5,6
"3664","DUSA","HY",115,59,6
"3665","TAPI","AHY",75,13.6,6
"3666","SIFL","AHY",72,12.6,6
"3667","SIFL","HY",74,12.1,6
"3668","TAPI","AHY",67,12,6
"3669","SIFL","AHY",74,14.4,6
"3670","TAPI","HY",70,13.2,6
"3671","TAPI","AHY",73,12.9,6
"3672","TAPI","HY",71,12.9,6
"3673","TAPI","AHY",69,12.7,6
"3674","SIFL","HY",72,11.7,6
"3675","SIFL","AHY",77,12.4,6
"3676","TAPI","HY",68,NA,6
"3677","SIFL","AHY",77,11.4,6
"3678","SIFL","HY",70,12.4,6
"3679","JABO","AHY",113,NA,6
"3680","DUSA","HY",110,NA,6
"3681","JABO","AHY",109,NA,6
"3682","JABO","HY",112,NA,6
"3683","JABO","HY",116,NA,6
"3684","JABO","AHY",113,NA,6
"3685","JABO","AHY",112,NA,6
"3686","JABO","AHY",109,NA,6
"3687","JABO","HY",116,NA,6
"3688","DUSA","AHY",118,NA,6
"3689","DUSA","AHY",117,NA,6
"3690","DUSA","AHY",117,NA,6
"3691","DUSA","AHY",115,NA,6
"3692","DUSA","AHY",115,NA,6
"3693","DUSA","HY",113,NA,6
"3694","DUSA","HY",106,NA,6
"3695","DUSA","HY",111,NA,6
"3696","DUSA","AHY",113,NA,6
"3697","DUSA","AHY",112,NA,6
"3698","DUSA","AHY",110,NA,6
"3699","DUSA","AHY",108,NA,6
"3700","DUSA","AHY",106,NA,6
"3701","DUSA","HY",112,NA,6
"3702","DUSA","HY",NA,NA,6
"3703","DUSA","AHY",106,NA,6
"3704","DUSA","AHY",107,NA,6
"3705","DUSA","AHY",112,NA,6
"3706","DUSA","AHY",110,NA,6
"3707","DUSA","HY",107,NA,6
"3708","DUSA","AHY",NA,NA,6
"3709","DUSA","HY",111,NA,6
"3710","DUSA","AHY",114,NA,6
"3711","DUSA","HY",115,NA,6
"3712","DUSA","HY",109,NA,6
"3713","DUSA","AHY",117,NA,6
"3714","DUSA","AHY",113,NA,6
"3715","DUSA","HY",111,NA,6
"3716","DUSA","AHY",118,NA,6
"3717","DUSA","AHY",119,NA,6
"3718","DUSA","HY",112,NA,6
"3719","DUSA","HY",115,NA,6
"3720","DUSA","AHY",120,NA,6
"3721","DUSA","HY",NA,NA,6
"3722","DUSA","AHY",114,NA,6
"3723","JABO","AHY",112,NA,6
"3724","JABO","HY",111,NA,6
"3725","JABO","AHY",113,NA,6
"3726","JABO","HY",109,NA,6
"3727","JABO","AHY",117,NA,6
"3728","DUSA","HY",115,NA,6
"3729","DUSA","AHY",120,NA,6
"3730","DUSA","AHY",117,NA,6
"3731","DUSA","AHY",114,NA,6
"3732","DUSA","HY",109,NA,6
"3733","DUSA","AHY",118,NA,6
"3734","DUSA","AHY",113,NA,6
"3735","DUSA","HY",111,NA,6
"3736","DUSA","AHY",115,NA,6
"3737","DUSA","AHY",117,NA,6
"3738","DUSA","HY",NA,NA,6
"3739","DUSA","HY",109,NA,6
"3740","DUSA","HY",108,NA,6
"3741","DUSA","AHY",116,NA,6
"3742","DUSA","AHY",110,NA,6
"3743","DUSA","HY",111,NA,6
"3744","SIFL","AHY",NA,NA,6
"3745","SIFL","AHY",NA,NA,6
"3746","SIFL","HY",NA,NA,6
"3747","SIFL","AHY",NA,NA,6
"3748","SIFL","AHY",NA,NA,6
"3749","SIFL","AHY",73,NA,6
"3750","SIFL","HY",79,NA,6
"3751","SIFL","HY",74,NA,6
"3752","SIFL","AHY",NA,NA,6
"3753","SIFL","AHY",NA,NA,6
"3754","SIFL","HY",NA,NA,6
"3755","SIFL","HY",NA,NA,6
"3756","SIFL","HY",NA,NA,6
"3757","SIFL","HY",NA,NA,6
"3758","SIFL","AHY",NA,NA,6
"3759","SIFL","HY",NA,NA,6
"3760","SIFL","HY",NA,NA,6
"3761","SIFL","AHY",NA,NA,6
"3762","SIFL","HY",NA,NA,6
"3763","SIFL","AHY",NA,NA,6
"3764","SIFL","HY",79,NA,6
"3765","SIFL","HY",72,NA,6
"3766","SIFL","HY",70,NA,6
"3767","SIFL","HY",76,NA,6
"3768","SIFL","HY",74,NA,6
"3769","SIFL","AHY",NA,NA,6
"3770","TAPI","HY",NA,NA,6
"3771","TAPI","HY",NA,NA,6
"3772","SIFL","HY",NA,NA,6
"3773","SIFL","HY",NA,NA,6
"3774","SIFL","HY",NA,NA,6
"3775","SIFL","HY",NA,NA,6
"3776","SIFL","AHY",78,NA,6
"3777","SIFL","AHY",79,NA,6
"3778","SIFL","HY",NA,NA,6
"3779","SIFL","AHY",72,NA,6
"3780","SIFL","HY",74,NA,6
"3781","SIFL","HY",70,NA,6
"3782","SIFL","AHY",80,NA,6
"3783","SIFL","AHY",72,NA,6
"3784","SIFL","AHY",73,NA,6
"3785","SIFL","HY",70,NA,6
"3786","SIFL","HY",NA,NA,6
"3787","SIFL","AHY",71,NA,6
"3788","DUSA","HY",109.5,46,6
"3789","DUSA","HY",116,62.2,6
"3790","DUSA","HY",117,53,6
"3791","DUSA","AHY",117,58.9,6
"3792","JABO","HY",112,50.5,6
"3793","DUSA","AHY",109,55.1,6
"3794","DUSA","AHY",114,62.8,6
"3795","DUSA","HY",114,60.4,6
"3796","JABO","AHY",112,41.7,6
"3797","SIFL","HY",70,10.5,6
"3798","DUSA","HY",114,60.3,6
"3799","DUSA","AHY",113,63.5,6
"3800","DUSA","HY",107,45.2,6
"3801","DUSA","HY",105,48.3,6
"3802","DUSA","AHY",106,47.3,6
"3803","DUSA","HY",112,60.2,6
"3804","DUSA","AHY",115,55.4,6
"3805","DUSA","AHY",116,65.2,6
"3806","DUSA","AHY",123,57.6,6
"3807","DUSA","HY",111,55,6
"3808","JABO","AHY",112,50.5,6
"3809","DUSA","HY",115,58.6,6
"3810","DUSA","HY",111,52.1,6
"3811","DUSA","AHY",115,55.5,6
"3812","DUSA","HY",113,54.9,6
"3813","JABO","AHY",111,53.1,6
"3814","DUSA","HY",111,54.6,6
"3815","DUSA","AHY",118,61,6
"3816","DUSA","AHY",113,59.3,6
"3817","DUSA","HY",117,59.6,6
"3818","DUSA","HY",115,58.8,6
"3819","DUSA","HY",109,52.2,6
"3820","SIFL","HY",73,13.8,6
"3821","SIFL","AHY",79,15,6
"3822","SIFL","AHY",71,12.8,6
"3823","SIFL","HY",74,12.5,6
"3824","SIFL","AHY",72,11.9,6
"3825","SIFL","HY",70,11.5,6
"3826","SIFL","AHY",NA,12.3,6
"3827","SIFL","HY",74,12.4,6
"3828","SIFL","AHY",74,12.3,6
"3829","SIFL","AHY",76,11.4,6
"3830","SIFL","HY",72,13.3,6
"3831","SIFL","HY",73,12.8,6
"3832","SIFL","AHY",73,11.5,6
"3833","TAPI","HY",68,12.3,6
"3834","TAPI","HY",71,12.9,6
"3835","TAPI","HY",69,12.4,6
"3836","SIFL","HY",73,12.5,6
"3837","SIFL","AHY",75,12.1,6
"3838","SIFL","AHY",74,14.4,6
"3839","SIFL","HY",73,11.1,6
"3840","SIFL","HY",72,11.7,6
"3841","TAPI","AHY",70,11.9,6
"3842","SIFL","AHY",71,14.3,6
"3843","TAPI","HY",70,11.7,6
"3844","DUSA","HY",112,49.2,6
"3845","DUSA","HY",107,48.7,6
"3846","DUSA","HY",111,54.8,6
"3847","DUSA","AHY",115,56.6,6
"3848","DUSA","HY",111.5,53.3,6
"3849","DUSA","AHY",114,62,6
"3850","JABO","HY",113,41.3,6
"3851","JABO","AHY",114,53.2,6
"3852","DUSA","AHY",108,51.5,6
"3853","DUSA","AHY",110,52,6
"3854","DUSA","HY",111,54.6,6
"3855","DUSA","AHY",113,52.6,6
"3856","DUSA","AHY",114,55.8,6
"3857","DUSA","HY",112,50.5,6
"3858","JABO","AHY",113,50.6,6
"3859","DUSA","HY",114,52.2,6
"3860","DUSA","AHY",118,57.1,6
"3861","DUSA","HY",113,47.8,6
"3862","JABO","HY",113,48.4,6
"3863","DUSA","AHY",116,55.5,6
"3864","DUSA","HY",111,58.5,6
"3865","DUSA","HY",113,61.3,6
"3866","DUSA","HY",112,58.6,6
"3867","SIFL","HY",72,11.1,6
"3868","SIFL","AHY",74,11.4,6
"3869","SIFL","AHY",74,11.8,6
"3870","SIFL","HY",71,12.2,6
"3871","SIFL","HY",73,13.3,6
"3872","SIFL","HY",70,12.1,6
"3873","SIFL","AHY",79,15.2,6
"3874","DUSA","HY",NA,47.3,6
"3875","DUSA","AHY",121,59.3,6
"3876","DUSA","AHY",114,50.4,6
"3877","DUSA","AHY",118,60,6
"3878","DUSA","HY",113,65.9,6
"3879","DUSA","HY",107,53.5,6
"3880","DUSA","HY",116,47.9,6
"3881","DUSA","AHY",117,55.4,6
"3882","DUSA","AHY",109,53,6
"3883","DUSA","HY",106,53.2,6
"3884","DUSA","AHY",111,54.7,6
"3885","DUSA","AHY",113,58.4,6
"3886","DUSA","AHY",120,61.9,6
"3887","DUSA","HY",111,58.4,6
"3888","DUSA","HY",114,56.6,6
"3889","DUSA","HY",110,51.3,6
"3890","DUSA","AHY",111,55.1,6
"3891","DUSA","HY",111,56.1,6
"3892","DUSA","AHY",113,55.9,6
"3893","DUSA","HY",107,54.3,6
"3894","DUSA","HY",118,60.1,6
"3895","DUSA","AHY",112,58.6,6
"3896","DUSA","HY",111,50.5,6
"3897","DUSA","AHY",108,50.7,6
"3898","DUSA","HY",109,55.2,6
"3899","DUSA","AHY",112,57.2,6
"3900","SIFL","AHY",72,12,6
"3901","SIFL","AHY",72,13.4,6
"3902","DUSA","HY",115,52.6,6
"3903","DUSA","HY",115,65.2,6
"3904","SIFL","AHY",74,12.9,6
"3905","SIFL","HY",73,12.5,6
"3906","SIFL","AHY",73,12.1,6
"3907","SIFL","AHY",78,15.4,6
"3908","SIFL","AHY",71,13.5,6
"3909","SIFL","AHY",76,13.9,6
"3910","SIFL","AHY",71,11,6
"3911","SIFL","HY",77,14.4,6
"3912","SIFL","AHY",76,14.5,6
"3913","SIFL","HY",73,13.2,6
"3914","SIFL","HY",70,11.9,6
"3915","SIFL","AHY",72,11.9,6
"3916","SIFL","HY",72,11.6,6
"3917","SIFL","HY",74,11.4,6
"3918","SIFL","HY",71,13.6,6
"3919","SIFL","AHY",72,12.3,6
"3920","SIFL","HY",74,12.2,6
"3921","SIFL","AHY",69,12.7,6
"3922","SIFL","AHY",NA,12,6
"3923","SIFL","HY",70,11.5,6
"3924","SIFL","HY",73,14.3,6
"3925","SIFL","HY",72,12.4,6
"3926","SIFL","AHY",75,13.2,6
"3927","SIFL","HY",72,12.7,6
"3928","SIFL","HY",71,12,6
"3929","SIFL","AHY",71,12.7,6
"3930","SIFL","HY",70,12,6
"3931","SIFL","AHY",72,13.3,6
"3932","DUSA","HY",111,NA,6
"3933","DUSA","HY",113,NA,6
"3934","DUSA","AHY",108,NA,6
"3935","DUSA","AHY",109,NA,6
"3936","DUSA","HY",112,NA,6
"3937","DUSA","HY",113,NA,6
"3938","DUSA","HY",112,NA,6
"3939","DUSA","HY",109,NA,6
"3940","DUSA","HY",111,NA,6
"3941","DUSA","AHY",119,NA,6
"3942","DUSA","HY",116,NA,6
"3943","DUSA","AHY",113,NA,6
"3944","DUSA","HY",116,NA,6
"3945","DUSA","HY",112,NA,6
"3946","DUSA","HY",113,NA,6
"3947","DUSA","HY",112,NA,6
"3948","DUSA","HY",114,NA,6
"3949","DUSA","AHY",114,NA,6
"3950","SIFL","HY",70,NA,6
"3951","SIFL","HY",70,NA,6
"3952","SIFL","HY",74,NA,6
"3953","SIFL","HY",72,NA,6
"3954","SIFL","AHY",72,NA,6
"3955","SIFL","AHY",74,NA,6
"3956","SIFL","AHY",72,NA,6
"3957","SIFL","AHY",73,NA,6
"3958","SIFL","AHY",72,NA,6
"3959","SIFL","HY",71,NA,6
"3960","SIFL","AHY",71,NA,6
"3961","SIFL","AHY",72,NA,6
"3962","SIFL","HY",70,NA,6
"3963","SIFL","HY",72,NA,6
"3964","SIFL","AHY",71,NA,6
"3965","SIFL","AHY",72,NA,6
"3966","SIFL","AHY",70,NA,6
"3967","SIFL","HY",70,NA,6
"3968","SIFL","AHY",74,NA,6
"3969","SIFL","AHY",72,NA,6
"3970","SIFL","HY",72,NA,6
"3971","SIFL","AHY",73,NA,6
"3972","SIFL","HY",73,NA,6
"3973","SIFL","HY",71,NA,6
"3974","SIFL","AHY",70,NA,6
"3975","SIFL","HY",69,NA,6
"3976","SIFL","HY",66,NA,6
"3977","SIFL","AHY",NA,NA,6
"3978","SIFL","AHY",74,NA,6
"3979","SIFL","AHY",73,NA,6
"3980","SIFL","AHY",74,NA,6
"3981","SIFL","HY",68,NA,6
"3982","SIFL","AHY",74,NA,6
"3983","SIFL","AHY",71,NA,6
"3984","SIFL","HY",68,NA,6
"3985","SIFL","AHY",72,NA,6
"3986","SIFL","HY",71,NA,6
"3987","SIFL","HY",70,NA,6
"3988","SIFL","HY",72,NA,6
"3989","SIFL","AHY",72,NA,6
"3990","SIFL","AHY",71,NA,6
"3991","SIFL","AHY",73,NA,6
"3992","SIFL","HY",68,NA,6
"3993","SIFL","HY",70,NA,6
"3994","SIFL","HY",76,NA,6
"3995","SIFL","HY",70,NA,6
"3996","SIFL","HY",71,NA,6
"3997","SIFL","HY",69,NA,6
"3998","SIFL","AHY",72,NA,6
"3999","SIFL","HY",71,NA,6
"4000","SIFL","HY",69,NA,6
"4001","SIFL","AHY",71,NA,6
"4002","SIFL","HY",75,NA,6
"4003","SIFL","AHY",72,NA,6
"4004","SIFL","AHY",74,NA,6
"4005","SIFL","AHY",74,NA,6
"4006","SIFL","AHY",70,NA,6
"4007","SIFL","HY",73,NA,6
"4008","SIFL","HY",72,NA,6
"4009","SIFL","HY",70,NA,6
"4010","SIFL","AHY",71,NA,6
"4011","SIFL","AHY",68,NA,6
"4012","SIFL","AHY",75,NA,6
"4013","SIFL","AHY",76,NA,6
"4014","SIFL","HY",71,NA,6
"4015","SIFL","AHY",73,NA,6
"4016","SIFL","HY",74,NA,6
"4017","SIFL","AHY",74,NA,6
"4018","TAPI","HY",72,NA,6
"4019","SIFL","HY",68,NA,6
"4020","SIFL","AHY",73,NA,6
"4021","SIFL","HY",72,NA,6
"4022","SIFL","HY",69,NA,6
"4023","SIFL","AHY",71,NA,6
"4024","SIFL","HY",66,NA,6
"4025","SIFL","AHY",72,NA,6
"4026","SIFL","HY",71,NA,6
"4027","TAPI","HY",71,NA,6
"4028","SIFL","HY",74,NA,6
"4029","TAPI","HY",68,NA,6
"4030","SIFL","HY",69,NA,6
"4031","SIFL","AHY",72,NA,6
"4032","SIFL","HY",70,NA,6
"4033","SIFL","HY",71,NA,6
"4034","TAPI","HY",71,NA,6
"4035","SIFL","HY",69,NA,6
"4036","SIFL","AHY",71,NA,6
"4037","SIFL","AHY",77,NA,6
"4038","SIFL","HY",72,NA,6
"4039","SIFL","HY",72,NA,6
"4040","SIFL","HY",79,NA,6
"4041","SIFL","AHY",73,NA,6
"4042","SIFL","AHY",73,NA,6
"4043","SIFL","HY",75,NA,6
"4044","SIFL","HY",71,NA,6
"4045","SIFL","HY",68,NA,6
"4046","SIFL","HY",69,NA,6
"4047","SIFL","HY",73,NA,6
"4048","SIFL","AHY",70,NA,6
"4049","SIFL","HY",69,NA,6
"4050","SIFL","AHY",72,NA,6
"4051","SIFL","AHY",72,NA,6
"4052","SIFL","AHY",71,NA,6
"4053","SIFL","HY",69,NA,6
"4054","SIFL","AHY",74,NA,6
"4055","SIFL","AHY",77,NA,6
"4056","SIFL","AHY",71,NA,6
"4057","SIFL","AHY",70,NA,6
"4058","SIFL","AHY",68,NA,6
"4059","SIFL","AHY",76,NA,6
"4060","SIFL","HY",69,NA,6
"4061","SIFL","HY",73,NA,6
"4062","SIFL","AHY",79,NA,6
"4063","SIFL","AHY",74,NA,6
"4064","SIFL","AHY",73,NA,6
"4065","SIFL","AHY",74,NA,6
"4066","SIFL","HY",73,NA,6
"4067","SIFL","HY",69,NA,6
"4068","SIFL","AHY",73,NA,6
"4069","SIFL","AHY",77,NA,6
"4070","SIFL","AHY",72,NA,6
"4071","SIFL","HY",70,NA,6
"4072","SIFL","AHY",70,NA,6
"4073","SIFL","HY",72,NA,6
"4074","TAPI","HY",66,NA,6
"4075","SIFL","HY",70,NA,6
"4076","SIFL","AHY",72,NA,6
"4077","DUSA","HY",111,NA,6
"4078","DUSA","HY",113,NA,6
"4079","DUSA","AHY",116,NA,6
"4080","DUSA","HY",110,NA,6
"4081","DUSA","AHY",115,NA,6
"4082","DUSA","HY",108,NA,6
"4083","DUSA","HY",114,NA,6
"4084","DUSA","AHY",116,NA,6
"4085","DUSA","AHY",119,NA,6
"4086","DUSA","HY",109,NA,6
"4087","DUSA","AHY",115,NA,6
"4088","DUSA","HY",112,NA,6
"4089","DUSA","HY",113,NA,6
"4090","DUSA","HY",NA,NA,6
"4091","DUSA","HY",114,NA,6
"4092","DUSA","AHY",115,NA,6
"4093","DUSA","HY",109,NA,6
"4094","DUSA","AHY",111,NA,6
"4095","DUSA","HY",111,NA,6
"4096","DUSA","AHY",114,NA,6
"4097","DUSA","HY",114,NA,6
"4098","DUSA","AHY",117,NA,6
"4099","DUSA","HY",112,NA,6
"4100","DUSA","HY",106,NA,6
"4101","DUSA","HY",112,NA,6
"4102","DUSA","AHY",113,NA,6
"4103","DUSA","HY",110,NA,6
"4104","DUSA","AHY",115,NA,6
"4105","DUSA","HY",116,NA,6
"4106","DUSA","HY",110,NA,6
"4107","DUSA","AHY",112,NA,6
"4108","DUSA","HY",112,NA,6
"4109","DUSA","HY",109,NA,6
"4110","DUSA","AHY",116,NA,6
"4111","DUSA","AHY",114,NA,6
"4112","DUSA","AHY",112,NA,6
"4113","DUSA","AHY",113,NA,6
"4114","DUSA","AHY",116,NA,6
"4115","DUSA","HY",111,NA,6
"4116","DUSA","AHY",113,NA,6
"4117","DUSA","HY",112,NA,6
"4118","DUSA","HY",109,NA,6
"4119","DUSA","AHY",113,NA,6
"4120","DUSA","AHY",112,NA,6
"4121","DUSA","HY",109,NA,6
"4122","DUSA","AHY",112,NA,6
"4123","DUSA","HY",112,NA,6
"4124","DUSA","AHY",108,NA,6
"4125","DUSA","HY",114,NA,6
"4126","DUSA","HY",116,NA,6
"4127","DUSA","HY",110,NA,6
"4128","DUSA","HY",114,NA,6
"4129","DUSA","HY",111,NA,6
"4130","DUSA","AHY",113,NA,6
"4131","DUSA","AHY",111,NA,6
"4132","DUSA","AHY",113,NA,6
"4133","DUSA","AHY",111,NA,6
"4134","DUSA","AHY",109,NA,6
"4135","DUSA","AHY",113,NA,6
"4136","DUSA","HY",110,NA,6
"4137","DUSA","AHY",116,NA,6
"4138","DUSA","HY",109,NA,6
"4139","DUSA","HY",110,NA,6
"4140","DUSA","HY",113,NA,6
"4141","DUSA","HY",114,NA,6
"4142","DUSA","HY",111,NA,6
"4143","DUSA","HY",113,NA,6
"4144","DUSA","HY",112,NA,6
"4145","DUSA","AHY",112,NA,6
"4146","DUSA","AHY",113,NA,6
"4147","DUSA","AHY",114,NA,6
"4148","DUSA","HY",112,NA,6
"4149","DUSA","HY",113,NA,6
"4150","DUSA","HY",113,NA,6
"4151","DUSA","HY",110,NA,6
"4152","DUSA","HY",110,NA,6
"4153","DUSA","AHY",109,NA,6
"4154","DUSA","HY",112,NA,6
"4155","DUSA","AHY",112,NA,6
"4156","DUSA","HY",111,NA,6
"4157","DUSA","HY",112,NA,6
"4158","DUSA","AHY",109,NA,6
"4159","DUSA","HY",114,NA,6
"4160","DUSA","AHY",NA,NA,6
"4161","DUSA","AHY",114,NA,6
"4162","DUSA","AHY",111,NA,6
"4163","DUSA","HY",116,NA,6
"4164","SIFL","HY",72,NA,6
"4165","SIFL","AHY",71,NA,6
"4166","SIFL","HY",72,NA,6
"4167","SIFL","AHY",73,NA,6
"4168","SIFL","AHY",73,NA,6
"4169","SIFL","HY",72.5,NA,6
"4170","SIFL","AHY",73,NA,6
"4171","SIFL","HY",72,NA,6
"4172","TAPI","HY",69,NA,6
"4173","SIFL","AHY",74,NA,6
"4174","SIFL","HY",71,NA,6
"4175","SIFL","HY",71,NA,6
"4176","SIFL","AHY",75,NA,6
"4177","SIFL","HY",72,NA,6
"4178","SIFL","HY",72,NA,6
"4179","SIFL","HY",71,NA,6
"4180","SIFL","HY",71,NA,6
"4181","SIFL","HY",68,NA,6
"4182","SIFL","AHY",72,NA,6
"4183","SIFL","AHY",69,NA,6
"4184","SIFL","HY",73,NA,6
"4185","SIFL","AHY",71,NA,6
"4186","SIFL","AHY",73,NA,6
"4187","SIFL","HY",72,NA,6
"4188","SIFL","AHY",72,NA,6
"4189","SIFL","AHY",70,NA,6
"4190","SIFL","HY",71,NA,6
"4191","SIFL","HY",72,NA,6
"4192","SIFL","AHY",69,NA,6
"4193","SIFL","AHY",70,NA,6
"4194","SIFL","HY",71,NA,6
"4195","SIFL","AHY",73,NA,6
"4196","SIFL","AHY",71,NA,6
"4197","SIFL","AHY",71,NA,6
"4198","SIFL","HY",69,NA,6
"4199","SIFL","AHY",71,NA,6
"4200","SIFL","HY",68,NA,6
"4201","SIFL","AHY",76,NA,6
"4202","SIFL","HY",68,NA,6
"4203","SIFL","HY",71,NA,6
"4204","SIFL","AHY",72,NA,6
"4205","SIFL","HY",72,NA,6
"4206","SIFL","HY",72,NA,6
"4207","SIFL","HY",71,NA,6
"4208","SIFL","HY",NA,NA,6
"4209","SIFL","AHY",73,NA,6
"4210","SIFL","AHY",70,NA,6
"4211","SIFL","AHY",69,NA,6
"4212","SIFL","HY",71,NA,6
"4213","SIFL","AHY",71,NA,6
"4214","SIFL","HY",70,NA,6
"4215","SIFL","AHY",73,NA,6
"4216","SIFL","HY",71,NA,6
"4217","SIFL","AHY",72,NA,6
"4218","SIFL","AHY",72,NA,6
"4219","SIFL","AHY",75,NA,6
"4220","SIFL","HY",70,NA,6
"4221","SIFL","AHY",73,NA,6
"4222","SIFL","HY",73,NA,6
"4223","SIFL","HY",71,NA,6
"4224","SIFL","AHY",74,NA,6
"4225","SIFL","AHY",72,NA,6
"4226","SIFL","AHY",71,NA,6
"4227","SIFL","AHY",73,NA,6
"4228","SIFL","HY",73,NA,6
"4229","SIFL","AHY",69,NA,6
"4230","SIFL","HY",71,NA,6
"4231","SIFL","HY",69,NA,6
"4232","SIFL","AHY",74,NA,6
"4233","SIFL","HY",71,NA,6
"4234","SIFL","AHY",72,NA,6
"4235","SIFL","HY",70,NA,6
"4236","SIFL","AHY",72,NA,6
"4237","SIFL","HY",70,NA,6
"4238","SIFL","HY",68,NA,6
"4239","SIFL","AHY",69,NA,6
"4240","SIFL","HY",71,NA,6
"4241","SIFL","AHY",72,NA,6
"4242","SIFL","AHY",72,NA,6
"4243","SIFL","HY",71,NA,6
"4244","SIFL","HY",69,NA,6
"4245","SIFL","HY",75,NA,6
"4246","SIFL","HY",69,NA,6
"4247","SIFL","HY",71,NA,6
"4248","SIFL","HY",70,NA,6
"4249","SIFL","HY",69,NA,6
"4250","SIFL","HY",68,NA,6
"4251","SIFL","HY",72,NA,6
"4252","SIFL","HY",78,NA,6
"4253","SIFL","HY",74,NA,6
"4254","SIFL","AHY",71,NA,6
"4255","SIFL","AHY",72,NA,6
"4256","SIFL","HY",71,NA,6
"4257","SIFL","AHY",72,NA,6
"4258","SIFL","HY",68,NA,6
"4259","SIFL","AHY",73,NA,6
"4260","SIFL","HY",NA,NA,6
"4261","SIFL","HY",71,NA,6
"4262","SIFL","HY",73,NA,6
"4263","SIFL","AHY",74,NA,6
"4264","SIFL","AHY",75,NA,6
"4265","SIFL","HY",69,NA,6
"4266","SIFL","HY",69,NA,6
"4267","SIFL","AHY",73,NA,6
"4268","SIFL","AHY",71,NA,6
"4269","SIFL","HY",75,NA,6
"4270","SIFL","HY",71,NA,6
"4271","SIFL","HY",71,NA,6
"4272","SIFL","AHY",71,NA,6
"4273","SIFL","AHY",73,NA,6
"4274","SIFL","HY",68,NA,6
"4275","SIFL","AHY",71,NA,6
"4276","SIFL","HY",72,NA,6
"4277","SIFL","AHY",68,NA,6
"4278","SIFL","AHY",73,NA,6
"4279","SIFL","HY",71,NA,6
"4280","SIFL","HY",71,NA,6
"4281","SIFL","HY",71,NA,6
"4282","SIFL","HY",72,NA,6
"4283","SIFL","AHY",71,NA,6
"4284","SIFL","AHY",73,NA,6
"4285","SIFL","AHY",70,NA,6
"4286","SIFL","HY",72,NA,6
"4287","SIFL","AHY",75,NA,6
"4288","SIFL","AHY",70,NA,6
"4289","SIFL","HY",71,NA,6
"4290","SIFL","HY",68,NA,6
"4291","SIFL","HY",68,NA,6
"4292","SIFL","HY",69,NA,6
"4293","SIFL","HY",67,NA,6
"4294","SIFL","AHY",71,NA,6
"4295","SIFL","AHY",73,NA,6
"4296","SIFL","HY",73,NA,6
"4297","SIFL","HY",75,NA,6
"4298","SIFL","AHY",69,NA,6
"4299","SIFL","HY",69,NA,6
"4300","SIFL","AHY",72,NA,6
"4301","SIFL","HY",74,NA,6
"4302","SIFL","HY",72,NA,6
"4303","SIFL","HY",71,NA,6
"4304","SIFL","HY",69,NA,6
"4305","SIFL","HY",75,NA,6
"4306","SIFL","HY",72,NA,6
"4307","SIFL","HY",72,NA,6
"4308","SIFL","HY",74,NA,6
"4309","SIFL","HY",66,NA,6
"4310","SIFL","HY",74,NA,6
"4311","SIFL","HY",68,NA,6
"4312","SIFL","AHY",73,NA,6
"4313","SIFL","AHY",74,NA,6
"4314","SIFL","HY",70,NA,6
"4315","SIFL","HY",69,NA,6
"4316","SIFL","AHY",75,NA,6
"4317","SIFL","AHY",74,NA,6
"4318","SIFL","HY",69,NA,6
"4319","SIFL","AHY",73,NA,6
"4320","SIFL","AHY",74,NA,6
"4321","SIFL","AHY",71,NA,6
"4322","SIFL","AHY",73,NA,6
"4323","SIFL","HY",70,NA,6
"4324","SIFL","HY",71,NA,6
"4325","SIFL","HY",76,NA,6
"4326","SIFL","AHY",73,NA,6
"4327","SIFL","HY",66,NA,6
"4328","SIFL","HY",73,NA,6
"4329","SIFL","AHY",76,NA,6
"4330","SIFL","AHY",70,NA,6
"4331","SIFL","AHY",70,NA,6
"4332","SIFL","HY",70,NA,6
"4333","SIFL","HY",78,NA,6
"4334","SIFL","AHY",73,NA,6
"4335","SIFL","HY",72,NA,6
"4336","SIFL","HY",73,NA,6
"4337","SIFL","HY",72,NA,6
"4338","SIFL","HY",66,NA,6
"4339","SIFL","AHY",69,NA,6
"4340","SIFL","HY",73,NA,6
"4341","SIFL","HY",70,NA,6
"4342","SIFL","HY",69,NA,6
"4343","SIFL","HY",69,NA,6
"4344","SIFL","HY",73,NA,6
"4345","SIFL","HY",73,NA,6
"4346","SIFL","AHY",70,NA,6
"4347","SIFL","AHY",76,NA,6
"4348","SIFL","HY",68,NA,6
"4349","SIFL","AHY",70,NA,6
"4350","SIFL","AHY",74,NA,6
"4351","SIFL","AHY",72,NA,6
"4352","SIFL","HY",71,NA,6
"4353","SIFL","AHY",74,NA,6
"4354","SIFL","AHY",75,NA,6
"4355","SIFL","HY",73,NA,6
"4356","SIFL","HY",70,NA,6
"4357","SIFL","AHY",75,NA,6
"4358","SIFL","AHY",69,NA,6
"4359","SIFL","AHY",75,NA,6
"4360","SIFL","AHY",69,NA,6
"4361","SIFL","AHY",72,NA,6
"4362","SIFL","AHY",72,NA,6
"4363","SIFL","HY",70,NA,6
"4364","SIFL","AHY",71,NA,6
"4365","SIFL","HY",73,NA,6
"4366","SIFL","HY",69,NA,6
"4367","SIFL","AHY",67,NA,6
"4368","SIFL","HY",75,NA,6
"4369","SIFL","AHY",69,NA,6
"4370","SIFL","HY",66,NA,6
"4371","SIFL","AHY",72,NA,6
"4372","SIFL","HY",70,NA,6
"4373","SIFL","HY",70,NA,6
"4374","SIFL","HY",78,NA,6
"4375","SIFL","AHY",70,NA,6
"4376","SIFL","AHY",73,NA,6
"4377","SIFL","HY",71,NA,6
"4378","TAPI","HY",68,NA,6
"4379","SIFL","HY",73,NA,6
"4380","SIFL","AHY",72,NA,6
"4381","SIFL","AHY",76,NA,6
"4382","SIFL","HY",71,NA,6
"4383","DUSA","HY",110,NA,6
"4384","DUSA","AHY",105,NA,6
"4385","DUSA","HY",112,NA,6
"4386","DUSA","HY",108,NA,6
"4387","SIFL","AHY",72,NA,6
"4388","SIFL","HY",74,NA,6
"4389","SIFL","AHY",80,NA,6
"4390","SIFL","AHY",75,NA,6
"4391","SIFL","HY",72,NA,6
"4392","SIFL","HY",76,NA,6
"4393","SIFL","AHY",72,NA,6
"4394","SIFL","HY",69,NA,6
"4395","SIFL","HY",73,NA,6
"4396","SIFL","HY",74,NA,6
"4397","SIFL","HY",70,NA,6
"4398","SIFL","AHY",75,NA,6
"4399","SIFL","HY",68,NA,6
"4400","SIFL","HY",71,NA,6
"4401","SIFL","HY",70,NA,6
"4402","SIFL","HY",71,NA,6
"4403","SIFL","HY",72,NA,6
"4404","SIFL","HY",72,NA,6
"4405","SIFL","AHY",70,NA,6
"4406","SIFL","HY",68,NA,6
"4407","SIFL","AHY",72,NA,6
"4408","SIFL","HY",71,NA,6
"4409","SIFL","AHY",71,NA,6
"4410","SIFL","HY",69,NA,6
"4411","SIFL","HY",70,NA,6
"4412","SIFL","HY",71,NA,6
"4413","SIFL","AHY",73,NA,6
"4414","SIFL","HY",71,NA,6
"4415","SIFL","HY",73,NA,6
"4416","SIFL","AHY",75,NA,6
"4417","SIFL","AHY",73,NA,6
"4418","SIFL","HY",71,NA,6
"4419","SIFL","HY",70,NA,6
"4420","SIFL","AHY",74,NA,6
"4421","SIFL","AHY",73,NA,6
"4422","SIFL","AHY",74,NA,6
"4423","SIFL","HY",72,NA,6
"4424","SIFL","HY",70,NA,6
"4425","SIFL","AHY",NA,NA,6
"4426","SIFL","HY",72,NA,6
"4427","SIFL","HY",71,NA,6
"4428","SIFL","HY",79,NA,6
"4429","SIFL","HY",72,NA,6
"4430","SIFL","HY",72,NA,6
"4431","SIFL","HY",76,NA,6
"4432","SIFL","AHY",74,NA,6
"4433","SIFL","HY",72,NA,6
"4434","SIFL","AHY",73,NA,6
"4435","SIFL","HY",70,NA,6
"4436","SIFL","HY",72,NA,6
"4437","SIFL","HY",70,NA,6
"4438","SIFL","HY",74,NA,6
"4439","SIFL","HY",NA,NA,6
"4440","SIFL","HY",70,NA,6
"4441","SIFL","HY",69,NA,6
"4442","SIFL","AHY",NA,NA,6
"4443","SIFL","HY",73,NA,6
"4444","SIFL","AHY",71,NA,6
"4445","SIFL","AHY",71,NA,6
"4446","SIFL","AHY",78,NA,6
"4447","SIFL","HY",70,NA,6
"4448","SIFL","HY",70,NA,6
"4449","SIFL","AHY",72,NA,6
"4450","SIFL","HY",71,NA,6
"4451","SIFL","HY",72,NA,6
"4452","SIFL","HY",71,NA,6
"4453","SIFL","HY",72,NA,6
"4454","SIFL","HY",69,NA,6
"4455","SIFL","AHY",74,NA,6
"4456","SIFL","HY",69,NA,6
"4457","SIFL","HY",73,NA,6
"4458","SIFL","AHY",72,NA,6
"4459","SIFL","AHY",73,NA,6
"4460","SIFL","AHY",70,NA,6
"4461","SIFL","AHY",73,NA,6
"4462","SIFL","AHY",73,NA,6
"4463","SIFL","HY",70,NA,6
"4464","SIFL","HY",68,NA,6
"4465","SIFL","AHY",70,NA,6
"4466","SIFL","AHY",74,NA,6
"4467","SIFL","HY",73,NA,6
"4468","SIFL","HY",70,NA,6
"4469","SIFL","HY",73,NA,6
"4470","SIFL","HY",62,NA,6
"4471","SIFL","AHY",73,NA,6
"4472","SIFL","HY",68,NA,6
"4473","SIFL","AHY",79,NA,6
"4474","SIFL","HY",71,NA,6
"4475","SIFL","HY",73,NA,6
"4476","SIFL","HY",69,NA,6
"4477","SIFL","AHY",71,NA,6
"4478","SIFL","AHY",74,NA,6
"4479","SIFL","AHY",NA,NA,6
"4480","SIFL","AHY",74,NA,6
"4481","SIFL","HY",70,NA,6
"4482","DUSA","HY",115,58.2,7
"4483","DUSA","HY",112,57.8,7
"4484","DUSA","AHY",114,57.3,7
"4485","DUSA","HY",112,60.8,7
"4486","DUSA","HY",109,51,7
"4487","JABO","AHY",115,49.2,7
"4488","JABO","HY",113,49.3,7
"4489","JABO","HY",113,55.8,7
"4490","JABO","HY",114,53.9,7
"4491","JABO","AHY",115,50,7
"4492","JABO","HY",111,50.5,7
"4493","JABO","HY",112,52.8,7
"4494","JABO","HY",115,56.6,7
"4495","DUSA","HY",109,58.8,7
"4496","DUSA","HY",116,59.9,7
"4497","DUSA","HY",113,63.9,7
"4498","DUSA","AHY",114,58.8,7
"4499","DUSA","AHY",118,59.5,7
"4500","DUSA","HY",113,49.9,7
"4501","DUSA","AHY",116,54.8,7
"4502","DUSA","HY",113,60.5,7
"4503","DUSA","HY",107,60.5,7
"4504","DUSA","HY",107,52.3,7
"4505","JABO","HY",109,59.2,7
"4506","JABO","HY",119,59.7,7
"4507","JABO","HY",113,54,7
"4508","JABO","HY",109,51.2,7
"4509","JABO","HY",117,57.1,7
"4510","JABO","HY",113,57.2,7
"4511","DUSA","HY",116,57.2,7
"4512","DUSA","HY",113,50.9,7
"4513","DUSA","HY",119,61.2,7
"4514","JABO","HY",114,44.7,7
"4515","JABO","HY",117,58.3,7
"4516","JABO","HY",116,56,7
"4517","JABO","HY",116,48.6,7
"4518","JABO","HY",115,54.2,7
"4519","JABO","HY",114,52.4,7
"4520","JABO","HY",118,60.7,7
"4521","JABO","HY",113,54.6,7
"4522","JABO","HY",117,56.5,7
"4523","JABO","HY",114,48.9,7
"4524","JABO","HY",110,51.8,7
"4525","DUSA","HY",111,57.8,7
"4526","DUSA","AHY",114,57.8,7
"4527","DUSA","HY",118,61.6,7
"4528","DUSA","HY",109,52.9,7
"4529","DUSA","HY",111,52.7,7
"4530","DUSA","AHY",119,61,7
"4531","DUSA","AHY",121,60.3,7
"4532","DUSA","HY",117,58.2,7
"4533","DUSA","HY",109,52.6,7
"4534","DUSA","AHY",120,58.6,7
"4535","DUSA","HY",114,53.6,7
"4536","DUSA","AHY",118,55.5,7
"4537","DUSA","HY",110,51.9,7
"4538","DUSA","AHY",112,50,7
"4539","JABO","HY",112,54.1,7
"4540","JABO","HY",114,51.5,7
"4541","JABO","HY",115,48.5,7
"4542","JABO","HY",113,55.5,7
"4543","JABO","HY",114,48.6,7
"4544","JABO","HY",110,55.5,7
"4545","DUSA","HY",112,49.6,7
"4546","DUSA","HY",109,51.7,7
"4547","DUSA","HY",111,58.6,7
"4548","DUSA","HY",112,52.7,7
"4549","DUSA","HY",114,59.4,7
"4550","DUSA","HY",113,57.5,7
"4551","DUSA","HY",108,50.6,7
"4552","DUSA","HY",112,53.1,7
"4553","DUSA","HY",117,61.5,7
"4554","DUSA","HY",116,61.2,7
"4555","DUSA","HY",114,62.9,7
"4556","DUSA","HY",110,53.8,7
"4557","DUSA","AHY",116,58.4,7
"4558","DUSA","AHY",107,57.4,7
"4559","DUSA","HY",113,61.9,7
"4560","DUSA","HY",114,58.4,7
"4561","DUSA","AHY",113,53.8,7
"4562","DUSA","HY",107,47.3,7
"4563","DUSA","HY",112,56.3,7
"4564","DUSA","HY",113,56.3,7
"4565","DUSA","AHY",117,60.6,7
"4566","DUSA","AHY",113,56.5,7
"4567","DUSA","AHY",114,61.4,7
"4568","DUSA","AHY",114,52.6,7
"4569","DUSA","AHY",120,58.4,7
"4570","DUSA","HY",113,54.1,7
"4571","DUSA","HY",110,53.8,7
"4572","DUSA","HY",114,56.2,7
"4573","DUSA","HY",111,56,7
"4574","DUSA","HY",113,57.3,7
"4575","DUSA","HY",116,56.8,7
"4576","DUSA","HY",117,56.6,7
"4577","DUSA","AHY",115,53.6,7
"4578","DUSA","HY",114,61.2,7
"4579","DUSA","HY",112,58.8,7
"4580","DUSA","HY",114,52.3,7
"4581","DUSA","HY",115,60.6,7
"4582","DUSA","HY",111,54.6,7
"4583","DUSA","AHY",119,58.8,7
"4584","DUSA","HY",107,56.2,7
"4585","DUSA","HY",113,57.1,7
"4586","DUSA","AHY",113,61.8,7
"4587","DUSA","HY",113,61,7
"4588","DUSA","HY",107,68,7
"4589","DUSA","AHY",114,68.2,7
"4590","DUSA","HY",113,67.5,7
"4591","DUSA","HY",110,52.4,7
"4592","DUSA","HY",119,69.2,7
"4593","DUSA","AHY",115,53.8,7
"4594","DUSA","HY",109,56,7
"4595","DUSA","HY",117,60.1,7
"4596","DUSA","HY",116,61.3,7
"4597","DUSA","HY",111,51.7,7
"4598","DUSA","AHY",114,59.4,7
"4599","DUSA","AHY",118,56.7,7
"4600","DUSA","HY",110,57.9,7
"4601","DUSA","AHY",118,53.4,7
"4602","DUSA","AHY",114,58.7,7
"4603","DUSA","AHY",111,56.4,7
"4604","DUSA","AHY",109,51.3,7
"4605","DUSA","AHY",113,56.2,7
"4606","DUSA","AHY",111,50.4,7
"4607","DUSA","AHY",114,62.3,7
"4608","DUSA","AHY",109,55.9,7
"4609","DUSA","AHY",120,57.3,7
"4610","DUSA","HY",118,57.3,7
"4611","DUSA","HY",119,59.4,7
"4612","DUSA","AHY",112,55.6,7
"4613","DUSA","AHY",115,54.4,7
"4614","DUSA","AHY",111,52.8,7
"4615","DUSA","AHY",109,52.1,7
"4616","DUSA","AHY",117,56,7
"4617","DUSA","AHY",114,62.5,7
"4618","DUSA","AHY",113,55,7
"4619","DUSA","HY",110,60.2,7
"4620","DUSA","AHY",110,56.2,7
"4621","DUSA","HY",109,53.9,7
"4622","DUSA","AHY",110,55.8,7
"4623","DUSA","AHY",117,62.6,7
"4624","DUSA","AHY",118,65.1,7
"4625","DUSA","AHY",116,59.4,7
"4626","DUSA","AHY",116,59,7
"4627","DUSA","HY",110,61.7,7
"4628","DUSA","AHY",108,55.7,7
"4629","DUSA","AHY",107,52.6,7
"4630","DUSA","AHY",115,59.7,7
"4631","DUSA","AHY",113,56.5,7
"4632","DUSA","AHY",116,51.2,7
"4633","DUSA","AHY",113,52.8,7
"4634","DUSA","AHY",110,60.3,7
"4635","DUSA","AHY",119,56.1,7
"4636","DUSA","HY",110,63.1,7
"4637","DUSA","AHY",114,62.2,7
"4638","DUSA","AHY",109,50.2,7
"4639","DUSA","AHY",118,63.3,7
"4640","DUSA","AHY",116,61.7,7
"4641","DUSA","AHY",119,59.7,7
"4642","DUSA","AHY",121,62.2,7
"4643","DUSA","AHY",113,55.8,7
"4644","DUSA","AHY",109,49.3,7
"4645","DUSA","AHY",111,59.3,7
"4646","DUSA","HY",115,64.4,7
"4647","DUSA","HY",110,57.3,7
"4648","DUSA","AHY",113,63,7
"4649","DUSA","HY",110,56.6,7
"4650","DUSA","AHY",120,60.3,7
"4651","DUSA","AHY",116,57.6,7
"4652","DUSA","AHY",117,62.1,7
"4653","DUSA","HY",114,55.2,7
"4654","DUSA","HY",110,55.9,7
"4655","DUSA","HY",116,57.6,7
"4656","DUSA","HY",109,53.5,7
"4657","DUSA","AHY",115,54.6,7
"4658","DUSA","HY",104,47.6,7
"4659","DUSA","HY",107,53.3,7
"4660","DUSA","HY",108,53.9,7
"4661","DUSA","HY",117,59.5,7
"4662","DUSA","HY",113,59.6,7
"4663","DUSA","HY",110,60.3,7
"4664","DUSA","HY",111,53.4,7
"4665","DUSA","AHY",105,50.3,7
"4666","JABO","HY",112,60,7
"4667","JABO","HY",112,55.2,7
"4668","DUSA","AHY",113,64.3,7
"4669","JABO","HY",112,55.7,7
"4670","DUSA","HY",114,57.2,7
"4671","DUSA","HY",108,53.1,7
"4672","DUSA","HY",110,56.1,7
"4673","DUSA","AHY",115,61.9,7
"4674","DUSA","AHY",112,50.1,7
"4675","DUSA","HY",106,54.5,7
"4676","DUSA","HY",112,55.2,7
"4677","DUSA","AHY",109,58.2,7
"4678","DUSA","HY",118,52.3,7
"4679","DUSA","AHY",114,59.2,7
"4680","DUSA","AHY",114,55.8,7
"4681","DUSA","HY",114,56.8,7
"4682","DUSA","AHY",114,50.7,7
"4683","DUSA","AHY",117,67.4,7
"4684","DUSA","HY",117,59.5,7
"4685","DUSA","HY",110,49.8,7
"4686","DUSA","HY",103,47,7
"4687","DUSA","AHY",107,54.4,7
"4688","DUSA","HY",112,56.2,7
"4689","DUSA","AHY",112,56.8,7
"4690","DUSA","AHY",105,59.6,7
"4691","DUSA","AHY",108,52.3,7
"4692","DUSA","AHY",109,56.3,7
"4693","JABO","HY",115,51.8,7
"4694","JABO","HY",117,57.7,7
"4695","JABO","HY",112,54.2,7
"4696","JABO","HY",114,56,7
"4697","JABO","HY",113,54.4,7
"4698","DUSA","HY",109,57.1,7
"4699","DUSA","HY",109,53.4,7
"4700","DUSA","AHY",112,60.5,7
"4701","DUSA","HY",114,55.7,7
"4702","DUSA","AHY",109,54.1,7
"4703","DUSA","AHY",116,56.8,7
"4704","DUSA","HY",111,61.4,7
"4705","DUSA","HY",112,58.4,7
"4706","DUSA","AHY",121,61.1,7
"4707","DUSA","HY",112,51.5,7
"4708","DUSA","AHY",118,57.1,7
"4709","DUSA","HY",115,64.6,7
"4710","DUSA","AHY",111,60.4,7
"4711","DUSA","HY",109,54.8,7
"4712","DUSA","HY",115,59.4,7
"4713","DUSA","HY",110,54.1,7
"4714","DUSA","AHY",110,57.8,7
"4715","DUSA","HY",113,57.1,7
"4716","DUSA","HY",111,57.7,7
"4717","DUSA","AHY",111,52.6,7
"4718","DUSA","HY",114,53.1,7
"4719","DUSA","AHY",114,57.7,7
"4720","DUSA","HY",111,57.7,7
"4721","DUSA","HY",114,59.9,7
"4722","DUSA","AHY",119,63.4,7
"4723","DUSA","HY",113,55.5,7
"4724","DUSA","AHY",110,63.2,7
"4725","DUSA","AHY",113,52,7
"4726","DUSA","AHY",111,51.9,7
"4727","DUSA","AHY",112,53.1,7
"4728","DUSA","AHY",116,61.6,7
"4729","DUSA","HY",115,57,7
"4730","DUSA","AHY",117,63.1,7
"4731","DUSA","HY",111,53.3,7
"4732","DUSA","AHY",115,63.3,7
"4733","DUSA","AHY",108,53.2,7
"4734","DUSA","AHY",112,64,7
"4735","JABO","HY",112,52.5,7
"4736","DUSA","AHY",115,61.1,7
"4737","DUSA","HY",113,58.2,7
"4738","DUSA","HY",110,57.1,7
"4739","DUSA","HY",110,57.9,7
"4740","DUSA","AHY",112,56.1,7
"4741","DUSA","AHY",120,59.3,7
"4742","DUSA","HY",105,48.6,7
"4743","DUSA","AHY",116,57.7,7
"4744","JABO","HY",113,53.5,7
"4745","JABO","HY",110,49.6,7
"4746","DUSA","AHY",119,60.3,7
"4747","JABO","HY",115,57.3,7
"4748","JABO","HY",115,63,7
"4749","JABO","HY",116,53.8,7
"4750","DUSA","AHY",109,57.8,7
"4751","DUSA","HY",109,53.1,7
"4752","DUSA","HY",116,57,7
"4753","DUSA","HY",117,60.4,7
"4754","DUSA","AHY",121,62.9,7
"4755","DUSA","HY",114,58,7
"4756","DUSA","AHY",114,52.4,7
"4757","DUSA","HY",113,57,7
"4758","DUSA","AHY",116,62.8,7
"4759","DUSA","HY",109,60.1,7
"4760","DUSA","HY",112,56.5,7
"4761","DUSA","HY",115,59,7
"4762","DUSA","AHY",113,63.6,7
"4763","DUSA","HY",105,53.7,7
"4764","DUSA","HY",113,55.5,7
"4765","DUSA","AHY",118,60.5,7
"4766","DUSA","AHY",120,63,7
"4767","DUSA","HY",114,55.5,7
"4768","DUSA","HY",110,53.6,7
"4769","DUSA","HY",107,59.8,7
"4770","DUSA","HY",117,59.5,7
"4771","DUSA","HY",116,54.7,7
"4772","JABO","HY",116,57,7
"4773","JABO","HY",113,56.4,7
"4774","JABO","HY",111,57.8,7
"4775","JABO","HY",116,53.2,7
"4776","JABO","HY",114,56.3,7
"4777","JABO","HY",113,56.2,7
"4778","JABO","HY",108,49.6,7
"4779","JABO","HY",120,60.9,7
"4780","JABO","AHY",118,58.8,7
"4781","JABO","HY",114,54.3,7
"4782","JABO","AHY",112,52.6,7
"4783","JABO","HY",115,53.5,7
"4784","JABO","HY",112,53.9,7
"4785","JABO","HY",109,53.4,7
"4786","JABO","AHY",112,50.4,7
"4787","JABO","AHY",115,56.1,7
"4788","JABO","HY",116,56.1,7
"4789","JABO","HY",109,51.5,7
"4790","JABO","HY",113,57.8,7
"4791","JABO","HY",115,58.1,7
"4792","JABO","HY",113,53.8,7
"4793","JABO","HY",118,56.4,7
"4794","JABO","HY",106,55.6,7
"4795","JABO","HY",116,56.3,7
"4796","JABO","HY",110,55.9,7
"4797","JABO","HY",115,53.3,7
"4798","JABO","HY",111,53.5,7
"4799","JABO","HY",112,54.2,7
"4800","DUSA","HY",115,57.4,7
"4801","DUSA","HY",111,52.1,7
"4802","DUSA","HY",116,54.4,7
"4803","DUSA","AHY",112,51.8,7
"4804","DUSA","HY",114,57.6,7
"4805","DUSA","HY",109,50.1,7
"4806","DUSA","HY",111,57.8,7
"4807","DUSA","HY",110,55.3,7
"4808","DUSA","HY",108,59.1,7
"4809","DUSA","HY",114,55.6,7
"4810","DUSA","AHY",114,52.7,7
"4811","DUSA","AHY",119,56.8,7
"4812","JABO","HY",113,56.6,7
"4813","DUSA","HY",112,51.1,7
"4814","DUSA","HY",110,56.1,7
"4815","JABO","HY",117,55.2,7
"4816","JABO","HY",115,53.2,7
"4817","JABO","HY",115,48.2,7
"4818","JABO","HY",111,52.3,7
"4819","JABO","HY",113,54.4,7
"4820","JABO","HY",112,56.2,7
"4821","JABO","HY",118,57.3,7
"4822","JABO","HY",113,55.8,7
"4823","JABO","AHY",112,52.8,7
"4824","JABO","HY",113,52.8,7
"4825","JABO","HY",112,51.2,7
"4826","JABO","HY",103,51.2,7
"4827","DUSA","AHY",112,54.5,7
"4828","JABO","HY",111,52.5,7
"4829","JABO","HY",117,57.6,7
"4830","JABO","HY",113,62.3,7
"4831","JABO","HY",116,58.3,7
"4832","JABO","HY",112,55.9,7
"4833","JABO","HY",118,54.2,7
"4834","JABO","HY",111,57.1,7
"4835","JABO","HY",113,52.6,7
"4836","JABO","HY",114,54.5,7
"4837","JABO","HY",116,56.2,7
"4838","JABO","HY",107,50.7,7
"4839","DUSA","HY",110,60.5,7
"4840","DUSA","HY",114,57.9,7
"4841","DUSA","AHY",117,60,7
"4842","DUSA","HY",114,54.5,7
"4843","DUSA","AHY",119,64.7,7
"4844","DUSA","AHY",116,60.4,7
"4845","DUSA","HY",111,58.6,7
"4846","DUSA","AHY",122,62.9,7
"4847","DUSA","HY",112,58.1,7
"4848","DUSA","HY",115,56.3,7
"4849","DUSA","HY",114,57.2,7
"4850","DUSA","AHY",114,58.8,7
"4851","DUSA","AHY",117,57.9,7
"4852","DUSA","HY",115,59.3,7
"4853","DUSA","AHY",117,56,7
"4854","DUSA","HY",116,60.1,7
"4855","DUSA","AHY",116,59.3,7
"4856","DUSA","AHY",115,55.9,7
"4857","DUSA","HY",111,53.5,7
"4858","DUSA","AHY",114,59,7
"4859","DUSA","HY",111,59.8,7
"4860","DUSA","AHY",115,58.7,7
"4861","DUSA","HY",109,55.9,7
"4862","DUSA","HY",107,55.1,7
"4863","DUSA","HY",113,55.9,7
"4864","DUSA","AHY",118,64.5,7
"4865","DUSA","HY",110,52.9,7
"4866","DUSA","AHY",118,56.8,7
"4867","DUSA","AHY",112,59.1,7
"4868","DUSA","AHY",116,60.5,7
"4869","DUSA","HY",114,55.2,7
"4870","DUSA","HY",112,52.6,7
"4871","DUSA","AHY",119,65.1,7
"4872","DUSA","HY",106,50.4,7
"4873","DUSA","HY",114,57.6,7
"4874","DUSA","HY",117,62,7
"4875","DUSA","HY",111,56.8,7
"4876","DUSA","HY",110,59.5,7
"4877","DUSA","AHY",113,56.6,7
"4878","DUSA","HY",106,43.8,7
"4879","DUSA","HY",111,53.6,7
"4880","DUSA","HY",110,52.5,7
"4881","DUSA","AHY",111,51.5,7
"4882","DUSA","AHY",115,66,7
"4883","DUSA","AHY",113,57.2,7
"4884","DUSA","HY",111,53.2,7
"4885","DUSA","HY",108,57.6,7
"4886","DUSA","AHY",114,60.7,7
"4887","DUSA","AHY",111,61.4,7
"4888","DUSA","HY",108,56.4,7
"4889","DUSA","HY",113,55.3,7
"4890","DUSA","HY",117,62.1,7
"4891","TAPI","AHY",72,12.8,8
"4892","TAPI","HY",70,12.9,8
"4893","TAPI","HY",68,13.3,8
"4894","TAPI","HY",69,12.8,8
"4895","TAPI","HY",73,13.8,8
"4896","TAPI","AHY",69,12.5,8
"4897","TAPI","HY",74,12,8
"4898","TAPI","HY",69,13.8,8
"4899","TAPI","HY",73,12.8,8
"4900","TAPI","HY",69,12.8,8
"4901","TAPI","HY",72,12.5,8
"4902","TAPI","HY",73,14.1,8
"4903","TAPI","AHY",73,13.1,8
"4904","TAPI","AHY",73,13.5,8
"4905","TAPI","HY",72,12.8,8
"4906","TAPI","AHY",73,13.8,8
"4907","TAPI","HY",72,12.5,8
"4908","TAPI","HY",71,14.3,8
"4909","TAPI","HY",71,12.3,8
"4910","TAPI","HY",71,14.9,8
"4911","TAPI","HY",69,13.2,8
"4912","TAPI","HY",71,12.5,8
"4913","TAPI","HY",75,13.9,8
"4914","TAPI","HY",71,11.9,8
"4915","TAPI","HY",70,12.8,8
"4916","TAPI","HY",68,11.8,8
"4917","TAPI","HY",72,13,8
"4918","TAPI","HY",71,12.4,8
"4919","TAPI","HY",71,13.6,8
"4920","TAPI","HY",69,13.1,8
"4921","TAPI","HY",73,12.8,8
"4922","TAPI","HY",73,12,8
"4923","TAPI","HY",72,12.2,8
"4924","TAPI","HY",69,11.9,8
"4925","TAPI","HY",72,13.4,8
"4926","TAPI","HY",73,13.1,8
"4927","TAPI","HY",71,13.1,8
"4928","TAPI","HY",72,12.2,8
"4929","TAPI","HY",72,NA,8
"4930","TAPI","HY",73,12.5,8
"4931","TAPI","HY",73,12.3,8
"4932","TAPI","AHY",72,13,8
"4933","TAPI","HY",73,12.4,8
"4934","TAPI","HY",69,12.2,8
"4935","TAPI","HY",74,13.4,8
"4936","TAPI","HY",72,13.1,8
"4937","TAPI","HY",74,13.3,8
"4938","TAPI","HY",73,13.1,8
"4939","TAPI","HY",74,14,8
"4940","TAPI","HY",72,12.3,8
"4941","TAPI","HY",72,12.3,8
"4942","TAPI","HY",73,13.4,8
"4943","TAPI","HY",72,12.9,8
"4944","TAPI","HY",74,13.5,8
"4945","TAPI","HY",73,12.5,8
"4946","TAPI","HY",71,11.9,8
"4947","TAPI","AHY",71,11.9,8
"4948","TAPI","HY",72,13.8,8
"4949","TAPI","HY",71,13.1,8
"4950","TAPI","HY",69,12.9,8
"4951","TAPI","HY",71,12.2,8
"4952","TAPI","HY",70,11.8,8
"4953","TAPI","HY",75,11.9,8
"4954","TAPI","HY",70,12.5,8
"4955","TAPI","HY",72,13.2,8
"4956","TAPI","HY",74,12.6,8
"4957","TAPI","HY",73,13.1,8
"4958","TAPI","HY",71,12.6,8
"4959","TAPI","HY",71,12.5,8
"4960","TAPI","HY",69,13.8,8
"4961","TAPI","HY",70,13.7,8
"4962","TAPI","HY",73,12.9,8
"4963","TAPI","HY",74,13.1,8
"4964","TAPI","HY",69,11.8,8
"4965","TAPI","HY",71,12.4,8
"4966","TAPI","HY",72,12.7,8
"4967","TAPI","HY",76,13.4,8
"4968","TAPI","HY",74,13.9,8
"4969","TAPI","HY",73,13.1,8
"4970","TAPI","HY",73,12.9,8
"4971","TAPI","HY",72,11.9,8
"4972","TAPI","HY",68,12.6,8
"4973","TAPI","HY",70,12.3,8
"4974","TAPI","HY",71,13.2,8
"4975","TAPI","HY",72,13.6,8
"4976","TAPI","HY",70,12.7,8
"4977","TAPI","HY",69,12,8
"4978","TAPI","HY",71,11.9,8
"4979","TAPI","HY",72,12,8
"4980","TAPI","HY",70,12.7,8
"4981","TAPI","HY",74,14.3,8
"4982","TAPI","HY",70,12.3,8
"4983","TAPI","HY",74,13.2,8
"4984","TAPI","HY",74,12.6,8
"4985","TAPI","HY",69,12.4,8
"4986","TAPI","HY",69,12.9,8
"4987","TAPI","AHY",70,13.1,8
"4988","TAPI","HY",73,13.3,8
"4989","TAPI","HY",70,14,8
"4990","TAPI","HY",73,13.4,8
"4991","TAPI","HY",74,12.8,8
"4992","TAPI","HY",73,13.6,8
"4993","TAPI","HY",69,12.2,8
"4994","TAPI","HY",74,12.8,8
"4995","TAPI","HY",69,12.2,8
"4996","TAPI","AHY",71,13,8
"4997","TAPI","HY",73,13.5,8
"4998","TAPI","HY",71,12.3,8
"4999","TAPI","HY",72,12.3,8
"5000","TAPI","HY",74,13.7,8
"5001","TAPI","AHY",73,13,8
"5002","TAPI","HY",71,13.5,8
"5003","TAPI","HY",73,13.6,8
"5004","TAPI","HY",75,12.8,8
"5005","TAPI","HY",73,13.3,8
"5006","TAPI","AHY",70,12.4,8
"5007","TAPI","HY",67,12.5,8
"5008","TAPI","HY",69,12.2,8
"5009","TAPI","HY",72,12.5,8
"5010","TAPI","HY",73,13.2,8
"5011","TAPI","HY",69,12.8,8
"5012","TAPI","AHY",73,13.2,8
"5013","TAPI","HY",71,11.6,8
"5014","TAPI","HY",70,14.4,8
"5015","TAPI","HY",76,13.1,8
"5016","TAPI","HY",73,14.3,8
"5017","TAPI","HY",71,12.3,8
"5018","TAPI","HY",72,12.6,8
"5019","TAPI","HY",72,12.7,8
"5020","TAPI","HY",71,13.1,8
"5021","TAPI","AHY",71,12.6,8
"5022","TAPI","HY",69,12.6,8
"5023","TAPI","HY",70,13.4,8
"5024","TAPI","HY",74,14.5,8
"5025","TAPI","HY",73,12.9,8
"5026","TAPI","HY",70,13.1,8
"5027","TAPI","HY",70,13.4,8
"5028","TAPI","HY",68,12.3,8
"5029","TAPI","HY",72,14.8,8
"5030","TAPI","HY",68,13.2,8
"5031","TAPI","HY",70,13.6,8
"5032","TAPI","AHY",76,13.1,8
"5033","TAPI","HY",70,12.6,8
"5034","TAPI","HY",70,14.1,8
"5035","TAPI","AHY",73,11.9,8
"5036","TAPI","HY",72,13,8
"5037","TAPI","HY",74,13,8
"5038","TAPI","HY",69,14.5,8
"5039","TAPI","HY",69,13.9,8
"5040","TAPI","HY",71,13.2,8
"5041","TAPI","HY",74,13.7,8
"5042","TAPI","HY",69,12.4,8
"5043","TAPI","HY",70,12.9,8
"5044","TAPI","HY",72,12.2,8
"5045","TAPI","HY",68,12.3,8
"5046","TAPI","HY",69,12.6,8
"5047","TAPI","HY",68,14.5,8
"5048","TAPI","HY",69,13.2,8
"5049","TAPI","HY",69,13.4,8
"5050","TAPI","HY",72,14.8,8
"5051","TAPI","HY",69,14.8,8
"5052","TAPI","HY",71,12.4,8
"5053","TAPI","HY",70,12,8
"5054","TAPI","HY",70,13.2,8
"5055","TAPI","HY",76,13.5,8
"5056","TAPI","HY",68,12.6,8
"5057","TAPI","HY",73,13.6,8
"5058","TAPI","HY",74,12.8,8
"5059","TAPI","HY",69,12.6,8
"5060","TAPI","HY",72,12.7,8
"5061","TAPI","HY",74,12.9,8
"5062","TAPI","HY",68,12.6,8
"5063","TAPI","HY",71,13.4,8
"5064","TAPI","HY",68,13.2,8
"5065","TAPI","HY",70,13.3,8
"5066","TAPI","HY",71,12.9,8
"5067","TAPI","HY",71,11.1,8
"5068","TAPI","HY",72,13.1,8
"5069","TAPI","HY",69,13.2,8
"5070","TAPI","HY",72,12.8,8
"5071","TAPI","HY",69,11.8,8
"5072","TAPI","HY",70,12.3,8
"5073","TAPI","HY",71,12.5,8
"5074","TAPI","HY",68,12.6,8
"5075","TAPI","HY",69,13.8,8
"5076","TAPI","HY",71,12.5,8
"5077","TAPI","HY",70,12.6,8
"5078","TAPI","HY",69,13.8,8
"5079","TAPI","HY",69,12.5,8
"5080","TAPI","HY",72,13.1,8
"5081","TAPI","HY",71,12.1,8
"5082","TAPI","HY",72,13.3,8
"5083","TAPI","HY",70,11.5,8
"5084","TAPI","HY",70,12.5,8
"5085","TAPI","HY",73,13.5,8
"5086","TAPI","HY",73,13.5,8
"5087","TAPI","HY",70,13,8
"5088","TAPI","HY",73,NA,8
"5089","TAPI","HY",72,13.3,8
"5090","TAPI","HY",72,13.2,8
"5091","TAPI","HY",73,13.4,8
"5092","TAPI","HY",71,13.2,8
"5093","TAPI","HY",71,13.7,8
"5094","TAPI","HY",69,13.4,8
"5095","TAPI","HY",69,12.8,8
"5096","TAPI","HY",72,12.7,8
"5097","TAPI","HY",73,12.6,8
"5098","TAPI","HY",71,13.2,8
"5099","TAPI","HY",68,13.1,8
"5100","TAPI","HY",70,13,8
"5101","TAPI","HY",71,13.4,8
"5102","TAPI","HY",72,12.8,8
"5103","TAPI","HY",70,12.9,8
"5104","TAPI","HY",71,NA,8
"5105","TAPI","HY",69,13.1,8
"5106","TAPI","HY",73,14.1,8
"5107","TAPI","AHY",73,12.8,8
"5108","TAPI","HY",75,12.8,8
"5109","TAPI","HY",71,13.3,8
"5110","TAPI","HY",71,11.6,8
"5111","TAPI","HY",72,14.1,8
"5112","TAPI","HY",70,13,8
"5113","TAPI","HY",68,12.1,8
"5114","TAPI","HY",72,14,8
"5115","TAPI","HY",72,12.9,8
"5116","TAPI","HY",67,12.7,8
"5117","TAPI","HY",73,13.5,8
"5118","TAPI","HY",72,14,8
"5119","TAPI","HY",72,NA,8
"5120","TAPI","HY",69,11.9,8
"5121","TAPI","HY",72,12.7,8
"5122","TAPI","HY",70,13.4,8
"5123","TAPI","HY",73,13.3,8
"5124","TAPI","HY",68,13.2,8
"5125","TAPI","HY",71,12.8,8
"5126","TAPI","HY",74,13.4,8
"5127","TAPI","HY",70,13.7,8
"5128","TAPI","HY",69,13.2,8
"5129","TAPI","HY",70,12.5,8
"5130","TAPI","HY",69,12.7,8
"5131","TAPI","HY",71,12.4,8
"5132","TAPI","HY",73,12.8,8
"5133","TAPI","HY",70,12.9,8
"5134","TAPI","HY",70,11.3,8
"5135","TAPI","HY",71,13,8
"5136","TAPI","HY",73,12.8,8
"5137","TAPI","HY",70,12,8
"5138","TAPI","HY",69,12.7,8
"5139","TAPI","HY",73,13.4,8
"5140","TAPI","HY",74,12.6,8
"5141","TAPI","HY",71,13.1,8
"5142","TAPI","HY",72,12,8
"5143","TAPI","HY",71,12.1,8
"5144","TAPI","HY",71,13.4,8
"5145","TAPI","HY",68,12.8,8
"5146","TAPI","HY",69,12,8
"5147","TAPI","HY",73,12.7,8
"5148","TAPI","HY",70,13,8
"5149","TAPI","HY",69,12.3,8
"5150","TAPI","HY",71,11.9,8
"5151","TAPI","HY",69,12.8,8
"5152","TAPI","HY",71,10.8,8
"5153","TAPI","HY",72,12.6,8
"5154","TAPI","HY",73,12.1,8
"5155","TAPI","AHY",75,13.9,8
"5156","TAPI","HY",75,14,8
"5157","TAPI","AHY",73,11.8,8
"5158","TAPI","HY",70,12.7,8
"5159","TAPI","HY",71,12.9,8
"5160","TAPI","HY",71,12.7,8
"5161","TAPI","HY",70,11.5,8
"5162","TAPI","HY",70,12.4,8
"5163","TAPI","HY",67,11.5,8
"5164","TAPI","HY",70,12.9,8
"5165","TAPI","HY",71,12.3,8
"5166","TAPI","AHY",77,13.2,8
"5167","TAPI","HY",73,13.5,8
"5168","TAPI","HY",73,13.1,8
"5169","TAPI","HY",71,12.4,8
"5170","TAPI","HY",70,12,8
"5171","TAPI","HY",70,13,8
"5172","TAPI","HY",72,12.1,8
"5173","TAPI","HY",73,12.6,8
"5174","TAPI","HY",68,12.1,8
"5175","TAPI","HY",71,12.8,8
"5176","TAPI","HY",73,14.3,8
"5177","TAPI","HY",69,12.2,8
"5178","TAPI","HY",68,12,8
"5179","TAPI","HY",73,12.4,8
"5180","TAPI","HY",73,13.7,8
"5181","TAPI","HY",70,13.1,8
"5182","TAPI","HY",71,14,8
"5183","TAPI","HY",70,12.1,8
"5184","TAPI","HY",73,13.2,8
"5185","TAPI","HY",73,12.8,8
"5186","TAPI","HY",71,12.1,8
"5187","TAPI","HY",72,12.3,8
"5188","TAPI","HY",67,13.1,8
"5189","TAPI","HY",71,10.8,8
"5190","TAPI","HY",72,13.3,8
"5191","TAPI","HY",70,13.1,8
"5192","TAPI","HY",73,12.4,8
"5193","TAPI","HY",74,13.4,8
"5194","TAPI","HY",72,14.1,8
"5195","TAPI","HY",69,13.9,8
"5196","TAPI","HY",74,12.9,8
"5197","TAPI","HY",69,12.2,8
"5198","TAPI","HY",70,12.8,8
"5199","TAPI","HY",73,12.6,8
"5200","TAPI","HY",69,12.8,8
"5201","TAPI","HY",72,14,8
"5202","TAPI","HY",73,12.3,8
"5203","TAPI","HY",73,12.9,8
"5204","TAPI","HY",71,12.7,8
"5205","TAPI","HY",73,13.1,8
"5206","TAPI","HY",73,12.5,8
"5207","TAPI","HY",74,13.3,8
"5208","TAPI","HY",70,13,8
"5209","TAPI","HY",74,12.8,8
"5210","TAPI","HY",71,14.3,8
"5211","TAPI","HY",72,13.5,8
"5212","TAPI","HY",67,12.4,8
"5213","TAPI","HY",70,11.6,8
"5214","TAPI","HY",71,12.5,8
"5215","TAPI","HY",69,12.3,8
"5216","TAPI","HY",69,12.8,8
"5217","TAPI","HY",74,12.6,8
"5218","TAPI","HY",74,13.1,8
"5219","TAPI","HY",69,12.5,8
"5220","TAPI","HY",69,11.6,8
"5221","TAPI","HY",70,13.8,8
"5222","TAPI","HY",71,12.4,8
"5223","TAPI","HY",71,13.2,8
"5224","TAPI","HY",72,12.1,8
"5225","TAPI","HY",71,13.6,8
"5226","TAPI","HY",74,13.6,8
"5227","TAPI","HY",72,12.5,8
"5228","TAPI","HY",70,12.7,8
"5229","TAPI","HY",73,13.3,8
"5230","TAPI","AHY",74,11.3,8
"5231","TAPI","HY",71,13,8
"5232","TAPI","HY",73,13.4,8
"5233","TAPI","HY",74,14.1,8
"5234","TAPI","HY",68,12.3,8
"5235","TAPI","HY",72,12.7,8
"5236","TAPI","HY",68,11.8,8
"5237","TAPI","HY",74,12.8,8
"5238","TAPI","HY",71,12.1,8
"5239","TAPI","HY",73,12.2,8
"5240","TAPI","HY",70,12.2,8
"5241","TAPI","HY",72,12.8,8
"5242","TAPI","HY",69,13.2,8
"5243","TAPI","HY",73,14.3,8
"5244","TAPI","HY",72,13.1,8
"5245","TAPI","HY",72,12.9,8
"5246","TAPI","HY",72,12.9,8
"5247","TAPI","HY",72,12.5,8
"5248","TAPI","AHY",72,13.3,8
"5249","TAPI","HY",72,12.1,8
"5250","TAPI","HY",74,13.9,8
"5251","TAPI","HY",71,11.9,8
"5252","TAPI","HY",72,12.5,8
"5253","TAPI","HY",71,11.5,8
"5254","TAPI","HY",69,12.7,8
"5255","TAPI","HY",72,12.6,8
"5256","TAPI","HY",69,12.3,8
"5257","TAPI","HY",70,12.8,8
"5258","TAPI","HY",74,12.8,8
"5259","TAPI","HY",70,13.6,8
"5260","TAPI","HY",72,13.2,8
"5261","TAPI","HY",69,12.7,8
"5262","TAPI","HY",71,12.2,8
"5263","TAPI","HY",69,11.9,8
"5264","TAPI","HY",71,13.1,8
"5265","TAPI","HY",75,14,8
"5266","TAPI","HY",71,12.9,8
"5267","TAPI","HY",74,12.2,8
"5268","TAPI","HY",72,12.8,8
"5269","TAPI","HY",74,12.8,8
"5270","TAPI","HY",69,12.7,8
"5271","TAPI","HY",71,13.6,8
"5272","TAPI","HY",73,12.5,8
"5273","TAPI","HY",74,12.8,8
"5274","TAPI","HY",72,12.7,8
"5275","TAPI","HY",73,12.8,8
"5276","TAPI","HY",72,13.3,8
"5277","TAPI","HY",70,11.2,8
"5278","TAPI","AHY",69,11.8,8
"5279","TAPI","HY",69,13.1,8
"5280","TAPI","HY",73,NA,8
"5281","TAPI","HY",73,12.2,8
"5282","TAPI","HY",69,11.7,8
"5283","TAPI","HY",73,13.7,8
"5284","TAPI","HY",70,12.7,8
"5285","TAPI","HY",72,12.9,8
"5286","TAPI","HY",73,13.7,8
"5287","TAPI","HY",70,12,8
"5288","TAPI","HY",72,13.2,8
"5289","TAPI","HY",73,13,8
"5290","TAPI","HY",71,13.7,8
"5291","TAPI","HY",71,12.9,8
"5292","TAPI","HY",72,12.9,8
"5293","TAPI","HY",69,13,8
"5294","TAPI","HY",74,13,8
"5295","TAPI","HY",73,13.4,8
"5296","TAPI","HY",72,12.5,8
"5297","TAPI","HY",69,14.3,8
"5298","TAPI","HY",70,12.2,8
"5299","TAPI","HY",73,12.8,8
"5300","TAPI","HY",69,12.9,8
"5301","TAPI","HY",71,13.2,8
"5302","TAPI","HY",72,12.5,8
"5303","TAPI","HY",71,13.1,8
"5304","TAPI","HY",72,12.8,8
"5305","TAPI","HY",73,12.6,8
"5306","TAPI","HY",71,12.6,8
"5307","TAPI","HY",72,13.4,8
"5308","TAPI","HY",72,13.3,8
"5309","TAPI","HY",71,13,8
"5310","TAPI","HY",74,14,8
"5311","TAPI","HY",71,12.4,8
"5312","TAPI","HY",76,14.2,8
"5313","TAPI","AHY",73,13.2,8
"5314","TAPI","HY",72,13.4,8
"5315","TAPI","HY",70,12.3,8
"5316","TAPI","HY",72,13.8,8
"5317","TAPI","AHY",74,14.1,8
"5318","TAPI","HY",72,15.3,8
"5319","TAPI","HY",74,12.9,8
"5320","TAPI","HY",72,14.4,8
"5321","TAPI","HY",72,13.1,8
"5322","TAPI","HY",73,13.2,8
"5323","TAPI","HY",71,12.2,8
"5324","TAPI","HY",71,12.8,8
"5325","TAPI","HY",74,13.4,8
"5326","TAPI","HY",72,12.6,8
"5327","TAPI","HY",74,12.6,8
"5328","TAPI","HY",74,11.5,8
"5329","TAPI","HY",70,12.2,8
"5330","TAPI","HY",70,13.9,8
"5331","TAPI","HY",73,13.9,8
"5332","TAPI","HY",69,12.7,8
"5333","TAPI","HY",68,12.5,8
"5334","TAPI","HY",71,12.9,8
"5335","TAPI","HY",73,14.2,8
"5336","TAPI","HY",73,14.4,8
"5337","TAPI","HY",73,11.9,8
"5338","TAPI","HY",69,13.6,8
"5339","TAPI","HY",74,12.6,8
"5340","TAPI","AHY",73,13.1,8
"5341","TAPI","HY",73,13.9,8
"5342","TAPI","HY",74,13.6,8
"5343","TAPI","HY",72,14.1,8
"5344","TAPI","HY",74,14.2,8
"5345","TAPI","HY",68,13.1,8
"5346","TAPI","HY",69,12.9,8
"5347","TAPI","HY",74,13.6,8
"5348","TAPI","HY",73,12.6,8
"5349","TAPI","HY",73,13,8
"5350","TAPI","HY",71,12.6,8
"5351","TAPI","HY",74,14,8
"5352","TAPI","HY",73,12.2,8
"5353","TAPI","HY",72,13.2,8
"5354","TAPI","HY",73,12.8,8
"5355","TAPI","HY",72,13.3,8
"5356","TAPI","HY",71,11.9,8
"5357","TAPI","HY",72,13.5,8
"5358","TAPI","HY",73,12.9,8
"5359","TAPI","HY",72,12.7,8
"5360","TAPI","HY",70,12.4,8
"5361","TAPI","HY",72,12.4,8
"5362","TAPI","HY",70,13.7,8
"5363","TAPI","HY",71,13.8,8
"5364","TAPI","HY",72,12.1,8
"5365","TAPI","AHY",73,12.4,8
"5366","TAPI","HY",72,11.9,8
"5367","TAPI","HY",69,11.7,8
"5368","TAPI","HY",70,11.8,8
"5369","TAPI","HY",72,12.9,8
"5370","TAPI","AHY",72,14.5,8
"5371","TAPI","AHY",72,13.3,8
"5372","TAPI","AHY",72,14,8
"5373","TAPI","HY",72,NA,8
"5374","TAPI","HY",73,13.1,8
"5375","TAPI","HY",71,12,8
"5376","TAPI","HY",69,12,8
"5377","TAPI","HY",69,13.8,8
"5378","TAPI","HY",71,NA,8
"5379","TAPI","HY",68,13.7,8
"5380","TAPI","HY",70,11.9,8
"5381","TAPI","HY",71,NA,8
"5382","TAPI","HY",71,12.8,8
"5383","TAPI","HY",69,12.8,8
"5384","TAPI","AHY",74,13,8
"5385","TAPI","HY",70,11.7,8
"5386","TAPI","HY",73,12.7,8
"5387","TAPI","HY",73,12.6,8
"5388","TAPI","HY",70,11.7,8
"5389","TAPI","HY",75,12.3,8
"5390","TAPI","HY",70,12.2,8
"5391","TAPI","HY",69,12.6,8
"5392","TAPI","HY",73,13.8,8
"5393","TAPI","HY",73,12.6,8
"5394","TAPI","HY",69,11.5,8
"5395","TAPI","HY",71,13.4,8
"5396","TAPI","HY",73,12.3,8
"5397","TAPI","AHY",71,13.1,8
"5398","TAPI","HY",75,12.6,8
"5399","TAPI","HY",68,11.6,8
"5400","TAPI","HY",69,11.9,8
"5401","TAPI","HY",73,12,8
"5402","SIFL","AHY",73,13.5,8
"5403","TAPI","HY",72,11.6,8
"5404","TAPI","HY",69,12,8
"5405","TAPI","HY",69,12.5,8
"5406","TAPI","HY",69,12.2,8
"5407","TAPI","HY",69,13.4,8
"5408","TAPI","HY",70,13.2,8
"5409","TAPI","HY",71,12,8
"5410","TAPI","HY",70,11.5,8
"5411","TAPI","HY",68,11.8,8
"5412","TAPI","HY",71,13.3,8
"5413","TAPI","HY",71,12.7,8
"5414","TAPI","HY",72,12.7,8
"5415","TAPI","AHY",72,13.5,8
"5416","TAPI","HY",73,12.7,8
"5417","TAPI","HY",72,13.1,8
"5418","TAPI","HY",72,13.1,8
"5419","TAPI","HY",73,13.4,8
"5420","TAPI","HY",72,12,8
"5421","TAPI","HY",69,12.5,8
"5422","TAPI","HY",71,13.6,8
"5423","TAPI","HY",72,14.4,8
"5424","TAPI","AHY",69,12.8,8
"5425","TAPI","HY",72,12.1,8
"5426","TAPI","HY",71,13.3,8
"5427","TAPI","HY",72,12.1,8
"5428","TAPI","HY",71,13.6,8
"5429","TAPI","HY",73,13.7,8
"5430","TAPI","HY",72,12.1,8
"5431","TAPI","HY",72,13.3,8
"5432","TAPI","HY",73,13,8
"5433","TAPI","HY",70,13.1,8
"5434","TAPI","HY",72,13.9,8
"5435","TAPI","HY",73,12.2,8
"5436","TAPI","HY",69,13.2,8
"5437","TAPI","HY",73,12.9,8
"5438","TAPI","HY",70,12.7,8
"5439","TAPI","HY",74,13.5,8
"5440","TAPI","HY",71,12.6,8
"5441","TAPI","HY",70,13.5,8
"5442","TAPI","HY",73,13.5,8
"5443","TAPI","HY",72,12.3,8
"5444","TAPI","HY",74,12.2,8
"5445","TAPI","HY",69,13.4,8
"5446","TAPI","HY",68,13,8
"5447","TAPI","HY",71,13.1,8
"5448","TAPI","HY",69,12.8,8
"5449","TAPI","AHY",70,12.4,8
"5450","TAPI","HY",72,13.1,8
"5451","TAPI","HY",72,13.6,8
"5452","TAPI","HY",72,12.6,8
"5453","TAPI","HY",72,13.3,8
"5454","TAPI","HY",68,12.7,8
"5455","TAPI","HY",68,12.4,8
"5456","TAPI","HY",74,13.1,8
"5457","TAPI","HY",68,12.2,8
"5458","TAPI","HY",71,12.9,8
"5459","TAPI","HY",73,12.3,8
"5460","SIFL","AHY",72,12.5,8
"5461","TAPI","HY",72,13.4,8
"5462","TAPI","HY",71,12.2,8
"5463","TAPI","HY",72,13.3,8
"5464","TAPI","HY",71,NA,8
"5465","TAPI","HY",69,13.1,8
"5466","TAPI","HY",72,12.4,8
"5467","TAPI","HY",71,12.1,8
"5468","TAPI","HY",71,11.6,8
"5469","TAPI","AHY",70,12.2,8
"5470","TAPI","HY",75,13,8
"5471","TAPI","HY",72,13.5,8
"5472","TAPI","AHY",73,12.9,8
"5473","TAPI","HY",73,12.8,8
"5474","TAPI","HY",74,13,8
"5475","TAPI","HY",70,14,8
"5476","TAPI","HY",70,13.1,8
"5477","TAPI","AHY",69,12.3,8
"5478","TAPI","HY",74,11.8,8
"5479","TAPI","HY",70,13.1,8
"5480","TAPI","HY",73,13.7,8
"5481","TAPI","HY",70,11.9,8
"5482","TAPI","HY",73,13.9,8
"5483","TAPI","HY",71,12.8,8
"5484","TAPI","HY",69,13.2,8
"5485","TAPI","HY",73,13.8,8
"5486","TAPI","AHY",74,13.2,8
"5487","TAPI","HY",69,13.3,8
"5488","TAPI","HY",68,13,8
"5489","TAPI","HY",69,12.3,8
"5490","TAPI","HY",69,12.1,8
"5491","TAPI","HY",72,13.5,8
"5492","TAPI","HY",71,13.5,8
"5493","TAPI","HY",70,12.7,8
"5494","TAPI","HY",71,11.4,8
"5495","TAPI","HY",70,12.8,8
"5496","TAPI","HY",68,11.9,8
"5497","TAPI","HY",69,12.9,8
"5498","TAPI","HY",72,13.4,8
"5499","TAPI","HY",69,12.8,8
"5500","TAPI","AHY",75,NA,8
"5501","TAPI","HY",72,11.9,8
"5502","TAPI","HY",72,13.4,8
"5503","TAPI","HY",72,12.5,8
"5504","TAPI","HY",74,12.5,8
"5505","TAPI","AHY",68,13.4,8
"5506","TAPI","HY",68,13,8
"5507","TAPI","HY",69,13,8
"5508","TAPI","HY",73,13,8
"5509","TAPI","HY",73,11.7,8
"5510","TAPI","HY",71,13.2,8
"5511","TAPI","HY",70,12.2,8
"5512","TAPI","HY",73,14.5,8
"5513","TAPI","HY",69,13.5,8
"5514","TAPI","HY",71,13,8
"5515","TAPI","HY",76,13.7,8
"5516","TAPI","HY",72,12.3,8
"5517","TAPI","HY",72,13.1,8
"5518","TAPI","HY",71,12.1,8
"5519","TAPI","HY",71,11.6,8
"5520","TAPI","HY",71,11.6,8
"5521","TAPI","HY",72,12.4,8
"5522","TAPI","HY",69,12.4,8
"5523","TAPI","HY",70,13.1,8
"5524","TAPI","AHY",71,13.1,8
"5525","TAPI","HY",72,13.6,8
"5526","TAPI","AHY",74,13.1,8
"5527","TAPI","HY",72,13.1,8
"5528","TAPI","HY",73,12.2,8
"5529","TAPI","HY",71,12.8,8
"5530","TAPI","HY",71,13.3,8
"5531","TAPI","HY",71,12.5,8
"5532","TAPI","HY",73,12.8,8
"5533","TAPI","HY",70,11.8,8
"5534","TAPI","HY",72,13.2,8
"5535","TAPI","HY",71,13.2,8
"5536","TAPI","HY",71,12.9,8
"5537","TAPI","AHY",70,12.5,8
"5538","SIFL","HY",71,11.8,8
"5539","TAPI","HY",71,13.2,8
"5540","TAPI","HY",71,12.4,8
"5541","SIFL","AHY",75,14.7,8
"5542","TAPI","HY",68,12.5,8
"5543","TAPI","HY",71,13.3,8
"5544","TAPI","HY",69,12.6,8
"5545","TAPI","HY",72,13.7,8
"5546","TAPI","HY",68,12.5,8
"5547","TAPI","HY",74,14.7,8
"5548","TAPI","HY",72,12.3,8
"5549","SIFL","AHY",78,15.2,8
"5550","TAPI","HY",68,13.6,8
"5551","TAPI","HY",69,12.5,8
"5552","TAPI","HY",70,12.2,8
"5553","TAPI","HY",70,13,8
"5554","TAPI","AHY",73,13.7,8
"5555","TAPI","HY",70,12,8
"5556","TAPI","HY",69,12.8,8
"5557","TAPI","HY",77,13.1,8
"5558","TAPI","HY",72,12.2,8
"5559","TAPI","HY",72,12.6,8
"5560","TAPI","HY",72,12.8,8
"5561","TAPI","HY",69,12,8
"5562","TAPI","HY",73,13.6,8
"5563","TAPI","HY",71,13.9,8
"5564","TAPI","HY",73,13.5,8
"5565","TAPI","HY",72,12.9,8
"5566","TAPI","HY",70,13.1,8
"5567","TAPI","HY",73,14.4,8
"5568","TAPI","HY",69,12,8
"5569","TAPI","HY",69,13.3,8
"5570","TAPI","HY",73,13.5,8
"5571","TAPI","HY",72,12.9,8
"5572","TAPI","HY",73,13,8
"5573","TAPI","HY",73,13.9,8
"5574","TAPI","HY",70,13.2,8
"5575","TAPI","HY",72,13.8,8
"5576","TAPI","HY",71,14.8,8
"5577","TAPI","HY",72,12.8,8
"5578","TAPI","HY",70,13,8
"5579","TAPI","HY",73,12.9,8
"5580","TAPI","AHY",72,11.6,8
"5581","TAPI","HY",69,12.8,8
"5582","TAPI","AHY",70,12.6,8
"5583","TAPI","HY",72,12.1,8
"5584","TAPI","HY",71,13.3,8
"5585","TAPI","AHY",72,12.8,8
"5586","TAPI","HY",75,12.4,8
"5587","TAPI","HY",71,14.2,8
"5588","TAPI","HY",71,12.4,8
"5589","TAPI","HY",72,13.9,8
"5590","TAPI","AHY",69,12.3,8
"5591","TAPI","HY",72,13.2,8
"5592","TAPI","HY",70,12.2,8
"5593","TAPI","HY",70,12.9,8
"5594","TAPI","HY",70,12.3,8
"5595","TAPI","HY",69,12.8,8
"5596","TAPI","HY",73,13.4,8
"5597","SIFL","AHY",75,15.6,8
"5598","TAPI","HY",69,13.1,8
"5599","TAPI","HY",72,12.7,8
"5600","TAPI","HY",73,12.8,8
"5601","TAPI","HY",73,14.2,8
"5602","TAPI","HY",72,13.5,8
"5603","SIFL","AHY",71,11.7,8
"5604","TAPI","HY",72,12.1,8
"5605","TAPI","AHY",72,12.9,8
"5606","TAPI","HY",72,13.6,8
"5607","TAPI","HY",68,11.3,8
"5608","TAPI","HY",69,12.2,8
"5609","TAPI","HY",70,12.5,8
"5610","SIFL","AHY",70,12,8
"5611","TAPI","HY",70,12.2,8
"5612","TAPI","HY",71,13.7,8
"5613","TAPI","HY",70,13.5,8
"5614","TAPI","HY",70,12.4,8
"5615","TAPI","HY",72,14.5,8
"5616","TAPI","HY",71,13.6,8
"5617","TAPI","HY",72,14,8
"5618","TAPI","HY",71,12.6,8
"5619","TAPI","HY",72,13.3,8
"5620","TAPI","HY",72,13.2,8
"5621","TAPI","HY",74,14.6,8
"5622","SIFL","AHY",77,15.2,8
"5623","TAPI","HY",72,15.4,8
"5624","SIFL","AHY",71,12.6,8
"5625","TAPI","HY",69,13.3,8
"5626","SIFL","AHY",73,13.7,8
"5627","SIFL","HY",72,13.5,8
"5628","SIFL","HY",76,13.7,8
"5629","SIFL","AHY",75,12.6,8
"5630","SIFL","HY",74,12.3,8
"5631","SIFL","AHY",76,14.6,8
"5632","SIFL","AHY",71,12.2,8
"5633","TAPI","HY",72,13.6,8
"5634","TAPI","HY",71,13,8
"5635","TAPI","HY",70,12.3,8
"5636","TAPI","HY",72,13.7,8
"5637","TAPI","HY",73,13.5,8
"5638","TAPI","HY",72,13.1,8
"5639","TAPI","HY",73,13,8
"5640","TAPI","HY",71,12.5,8
"5641","TAPI","AHY",71,12.7,8
"5642","TAPI","HY",71,12.4,8
"5643","SIFL","HY",78,16.2,8
"5644","SIFL","AHY",76,13.1,8
"5645","TAPI","HY",75,12.7,8
"5646","TAPI","HY",71,13.1,8
"5647","TAPI","HY",72,13.6,8
"5648","TAPI","HY",73,12.8,8
"5649","TAPI","HY",73,13,8
"5650","TAPI","HY",70,13.7,8
"5651","TAPI","AHY",75,14.1,8
"5652","TAPI","HY",71,12.6,8
"5653","TAPI","HY",70,13.2,8
"5654","TAPI","HY",72,14,8
"5655","TAPI","HY",72,12.6,8
"5656","TAPI","AHY",74,13.2,8
"5657","TAPI","HY",70,13.7,8
"5658","TAPI","HY",72,13.6,8
"5659","TAPI","HY",75,13,8
"5660","TAPI","HY",72,13.6,8
"5661","TAPI","HY",72,14.2,8
"5662","TAPI","HY",72,11.9,8
"5663","TAPI","HY",69,12.5,8
"5664","TAPI","HY",74,14.6,8
"5665","TAPI","HY",72,12.5,8
"5666","TAPI","HY",69,14.8,8
"5667","TAPI","HY",71,13,8
"5668","TAPI","HY",74,12.8,8
"5669","TAPI","HY",70,12.9,8
"5670","TAPI","HY",70,12.5,8
"5671","TAPI","HY",69,13,8
"5672","TAPI","HY",72,12.7,8
"5673","TAPI","HY",73,12.6,8
"5674","TAPI","HY",69,12.1,8
"5675","TAPI","HY",72,12.8,8
"5676","TAPI","HY",72,13.5,8
"5677","TAPI","AHY",72,12.9,8
"5678","TAPI","HY",70,13,8
"5679","TAPI","HY",72,13.9,8
"5680","TAPI","HY",69,12.4,8
"5681","TAPI","HY",70,12.8,8
"5682","TAPI","HY",73,13.5,8
"5683","TAPI","HY",72,12.7,8
"5684","TAPI","HY",72,12.9,8
"5685","TAPI","HY",69,13.8,8
"5686","TAPI","HY",74,14.4,8
"5687","TAPI","HY",71,12.7,8
"5688","TAPI","HY",72,12.1,8
"5689","TAPI","HY",74,13.9,8
"5690","TAPI","HY",73,14.2,8
"5691","TAPI","HY",68,12.6,8
"5692","TAPI","HY",72,12.4,8
"5693","SIFL","HY",69,11.1,8
"5694","TAPI","HY",69,12.3,8
"5695","TAPI","HY",74,11.8,8
"5696","TAPI","HY",74,12.8,8
"5697","TAPI","HY",73,14,8
"5698","TAPI","HY",70,12.8,8
"5699","TAPI","HY",71,13,8
"5700","TAPI","HY",72,12.8,8
"5701","TAPI","HY",69,12.2,8
"5702","TAPI","HY",72,12.8,8
"5703","TAPI","HY",70,11.8,8
"5704","TAPI","HY",71,12.8,8
"5705","TAPI","HY",69,12.4,8
"5706","TAPI","HY",67,12.1,8
"5707","TAPI","HY",68,13.2,8
"5708","TAPI","HY",72,12.3,8
"5709","TAPI","HY",70,12.2,8
"5710","TAPI","HY",70,11.8,8
"5711","TAPI","HY",72,13.4,8
"5712","TAPI","HY",69,12.9,8
"5713","TAPI","HY",70,12.3,8
"5714","TAPI","HY",72,12.4,8
"5715","TAPI","HY",73,13.9,8
"5716","TAPI","HY",69,13.2,8
"5717","TAPI","AHY",74,13.4,8
"5718","TAPI","HY",73,12.8,8
"5719","TAPI","HY",72,12.8,8
"5720","TAPI","HY",71,13.7,8
"5721","TAPI","HY",71,12.6,8
"5722","TAPI","HY",72,13.6,8
"5723","TAPI","HY",69,12.4,8
"5724","TAPI","HY",69,13,8
"5725","TAPI","HY",71,13.2,8
"5726","TAPI","HY",67,12.2,8
"5727","TAPI","HY",71,13.5,8
"5728","TAPI","HY",70,11.9,8
"5729","TAPI","HY",72,12.1,8
"5730","TAPI","HY",63,11.3,8
"5731","TAPI","HY",71,13.6,8
"5732","TAPI","HY",73,13.6,8
"5733","TAPI","HY",69,11.9,8
"5734","TAPI","HY",71,11.9,8
"5735","TAPI","HY",71,13.1,8
"5736","SIFL","AHY",73,13.4,8
"5737","SIFL","HY",79,15.6,8
"5738","TAPI","HY",69,12.3,8
"5739","TAPI","HY",71,14.4,8
"5740","TAPI","HY",68,13,8
"5741","TAPI","HY",73,13.2,8
"5742","TAPI","HY",67,12.4,8
"5743","TAPI","HY",74,13.2,8
"5744","TAPI","HY",73,12.8,8
"5745","TAPI","HY",73,14,8
"5746","TAPI","HY",72,13.9,8
"5747","TAPI","HY",69,12.8,8
"5748","TAPI","HY",72,14.1,8
"5749","TAPI","HY",72,12.9,8
"5750","TAPI","HY",72,13.8,8
"5751","TAPI","HY",72,12.5,8
"5752","TAPI","HY",73,13.5,8
"5753","TAPI","HY",70,12,8
"5754","TAPI","HY",72,12.7,8
"5755","TAPI","HY",72,13.6,8
"5756","TAPI","HY",70,14.2,8
"5757","TAPI","HY",72,10.9,8
"5758","TAPI","HY",71,13.4,8
"5759","TAPI","HY",74,14.1,8
"5760","TAPI","HY",73,12.3,8
"5761","TAPI","HY",69,12.9,8
"5762","TAPI","HY",72,13.7,8
"5763","TAPI","HY",73,12.8,8
"5764","SIFL","AHY",73,13.1,8
"5765","TAPI","HY",69,13.2,8
"5766","SIFL","AHY",73,12.9,8
"5767","SIFL","HY",69,12.5,8
"5768","SIFL","AHY",79,17.4,8
"5769","SIFL","HY",77,16.3,8
"5770","SIFL","AHY",75,14.8,8
"5771","SIFL","HY",77,15.4,8
"5772","SIFL","HY",72,12,8
"5773","SIFL","HY",75,13,8
"5774","SIFL","AHY",74,13,8
"5775","SIFL","HY",75,13.6,8
"5776","TAPI","AHY",69,13.9,8
"5777","TAPI","HY",72,12.6,8
"5778","TAPI","HY",69,12.8,8
"5779","TAPI","HY",72,NA,8
"5780","TAPI","HY",70,13.6,8
"5781","TAPI","HY",69,12.9,8
"5782","TAPI","HY",73,14,8
"5783","TAPI","HY",73,14.7,8
"5784","TAPI","HY",72,14,8
"5785","TAPI","HY",74,13.8,8
"5786","TAPI","HY",72,14.4,8
"5787","TAPI","HY",76,13.2,8
"5788","TAPI","HY",74,14.4,8
"5789","TAPI","HY",69,13.4,8
"5790","TAPI","HY",72,12.7,8
"5791","TAPI","HY",68,13.3,8
"5792","TAPI","HY",68,12.2,8
"5793","TAPI","HY",72,14.5,8
"5794","TAPI","HY",72,13.5,8
"5795","TAPI","HY",72,13.6,8
"5796","TAPI","HY",69,13.7,8
"5797","TAPI","HY",66,13,8
"5798","TAPI","AHY",73,13.7,8
"5799","TAPI","HY",69,12.1,8
"5800","DUSA","HY",117,63.4,8
"5801","DUSA","HY",113,NA,8
"5802","DUSA","HY",111,57.4,8
"5803","DUSA","HY",107,52.4,8
"5804","DUSA","AHY",119,57.2,8
"5805","DUSA","HY",104,47.7,8
"5806","DUSA","HY",108,55.8,8
"5807","DUSA","AHY",116,57.8,8
"5808","SIFL","HY",75,12.6,8
"5809","SIFL","HY",73,14.5,8
"5810","SIFL","HY",71,12.8,8
"5811","SIFL","HY",73,13.4,8
"5812","SIFL","AHY",73,13.8,8
"5813","SIFL","AHY",72,13.4,8
"5814","TAPI","AHY",72,13,8
"5815","TAPI","HY",75,13.3,8
"5816","TAPI","HY",71,13.3,8
"5817","TAPI","HY",70,13.6,8
"5818","TAPI","HY",72,13.2,8
"5819","TAPI","HY",72,13.3,8
"5820","TAPI","HY",72,13.7,8
"5821","SIFL","AHY",74,14.2,8
"5822","SIFL","HY",76,13.4,8
"5823","SIFL","HY",68,13.6,8
"5824","SIFL","HY",74,12.1,8
"5825","SIFL","HY",73,12.6,8
"5826","SIFL","AHY",72,12.7,8
"5827","SIFL","HY",73,12.5,8
"5828","SIFL","HY",73,13.5,8
"5829","SIFL","HY",72,12.3,8
"5830","SIFL","HY",75,14,8
"5831","SIFL","HY",70,12,8
"5832","SIFL","AHY",71,12.5,8
"5833","SIFL","HY",76,11.7,8
"5834","SIFL","HY",75,16.2,8
"5835","SIFL","AHY",74,15.4,8
"5836","SIFL","AHY",74,13.4,8
"5837","TAPI","HY",74,13.7,8
"5838","SIFL","AHY",75,13.5,8
"5839","TAPI","HY",72,12.9,8
"5840","TAPI","AHY",72,13.2,8
"5841","SIFL","HY",71,11.2,8
"5842","TAPI","HY",69,12,8
"5843","TAPI","HY",74,12.5,8
"5844","TAPI","HY",69,12.7,8
"5845","TAPI","HY",69,12.4,8
"5846","SIFL","HY",72,11.3,8
"5847","SIFL","HY",73,12.2,8
"5848","SIFL","HY",73,13.8,8
"5849","SIFL","AHY",72,13.1,8
"5850","SIFL","HY",75,12.3,8
"5851","SIFL","HY",72,12.2,8
"5852","SIFL","HY",72,13.3,8
"5853","SIFL","HY",70,11.7,8
"5854","SIFL","HY",73,12.2,8
"5855","SIFL","HY",71,12.4,8
"5856","SIFL","HY",75,13.3,8
"5857","SIFL","AHY",74,12.5,8
"5858","SIFL","HY",72,13.3,8
"5859","SIFL","AHY",75,13.4,8
"5860","TAPI","HY",72,12.7,8
"5861","TAPI","HY",72,13,8
"5862","TAPI","HY",73,14.3,8
"5863","TAPI","HY",70,12.6,8
"5864","TAPI","HY",69,12.5,8
"5865","SIFL","HY",71,12.8,8
"5866","SIFL","HY",70,12.1,8
"5867","TAPI","HY",70,12.9,8
"5868","TAPI","HY",72,12.8,8
"5869","SIFL","HY",72,11.6,8
"5870","TAPI","HY",70,12.2,8
"5871","TAPI","HY",72,13.9,8
"5872","TAPI","AHY",73,14.5,8
"5873","SIFL","HY",70,12.8,8
"5874","TAPI","HY",71,13.2,8
"5875","SIFL","HY",72,11.8,8
"5876","TAPI","HY",72,12.4,8
"5877","SIFL","HY",73,11.9,8
"5878","SIFL","HY",74,13.2,8
"5879","TAPI","HY",72,12.7,8
"5880","SIFL","HY",69,12.2,8
"5881","TAPI","HY",69,11.6,8
"5882","TAPI","AHY",72,13,8
"5883","SIFL","HY",72,13.6,8
"5884","SIFL","HY",73,13.7,8
"5885","TAPI","HY",72,13.1,8
"5886","SIFL","HY",72,12.8,8
"5887","SIFL","HY",70,12.5,8
"5888","SIFL","AHY",74,12.6,8
"5889","TAPI","HY",72,NA,8
"5890","TAPI","HY",72,13,8
"5891","TAPI","AHY",74,12.4,8
"5892","TAPI","HY",69,13.7,8
"5893","SIFL","HY",74,13.4,8
"5894","SIFL","HY",73,12.6,8
"5895","SIFL","AHY",70,12.1,8
"5896","SIFL","HY",72,11.2,8
"5897","SIFL","AHY",74,12.5,8
"5898","SIFL","AHY",72,13.1,8
"5899","SIFL","AHY",73,13,8
"5900","SIFL","HY",73,12.8,8
"5901","DUSA","HY",113,55.3,8
"5902","DUSA","HY",108,52.1,8
"5903","DUSA","AHY",117,60.4,8
"5904","DUSA","HY",107,51.9,8
"5905","DUSA","HY",107,48,8
"5906","DUSA","HY",112,61.9,8
"5907","DUSA","HY",112,53.3,8
"5908","DUSA","HY",114,57.8,8
"5909","DUSA","AHY",117,60.3,8
"5910","DUSA","AHY",115,63.9,8
"5911","DUSA","HY",112,54.9,8
"5912","DUSA","AHY",113,59.9,8
"5913","SIFL","HY",73,14,8
"5914","SIFL","HY",71,12.8,8
"5915","SIFL","AHY",71,13.4,8
"5916","SIFL","HY",71,12.6,8
"5917","SIFL","HY",73,11.5,8
"5918","SIFL","AHY",72,13.6,8
"5919","SIFL","HY",69,11.5,8
"5920","SIFL","HY",72,12.1,8
"5921","SIFL","AHY",76,13.6,8
"5922","SIFL","HY",71,13,8
"5923","SIFL","HY",73,12.5,8
"5924","SIFL","HY",72,12.1,8
"5925","SIFL","HY",69,12.2,8
"5926","TAPI","HY",72,12.8,8
"5927","TAPI","HY",72,NA,8
"5928","TAPI","HY",71,12.2,8
"5929","TAPI","HY",70,13.7,8
"5930","TAPI","HY",72,13.8,8
"5931","TAPI","HY",72,13.5,8
"5932","TAPI","HY",74,14.1,8
"5933","TAPI","HY",71,13.8,8
"5934","TAPI","HY",72,13.7,8
"5935","TAPI","HY",70,13.2,8
"5936","TAPI","HY",73,14.6,8
"5937","TAPI","AHY",73,14.7,8
"5938","TAPI","AHY",74,13.6,8
"5939","TAPI","HY",68,NA,8
"5940","TAPI","HY",71,13.6,8
"5941","TAPI","HY",72,14.6,8
"5942","TAPI","HY",69,13.9,8
"5943","TAPI","HY",70,14,8
"5944","TAPI","HY",69,13.4,8
"5945","TAPI","HY",72,12.4,8
"5946","TAPI","HY",74,13.4,8
"5947","TAPI","HY",74,13.6,8
"5948","TAPI","HY",72,13.9,8
"5949","TAPI","AHY",69,13.3,8
"5950","TAPI","HY",71,13.2,8
"5951","TAPI","HY",75,15,8
"5952","TAPI","HY",72,13,8
"5953","TAPI","HY",71,13.4,8
"5954","TAPI","HY",69,13.4,8
"5955","TAPI","HY",70,12.8,8
"5956","SIFL","HY",73,11.5,8
"5957","TAPI","HY",71,13.3,8
"5958","TAPI","HY",74,13.7,8
"5959","TAPI","HY",71,14,8
"5960","TAPI","HY",72,14,8
"5961","TAPI","HY",71,14.1,8
"5962","SIFL","HY",71,15.2,8
"5963","SIFL","AHY",73,13.8,8
"5964","SIFL","HY",72,13,8
"5965","SIFL","AHY",73,14,8
"5966","TAPI","HY",73,12.8,8
"5967","TAPI","HY",74,13,8
"5968","TAPI","AHY",74,12.9,8
"5969","TAPI","AHY",73,15.5,8
"5970","TAPI","HY",72,13.1,8
"5971","TAPI","HY",73,13.9,8
"5972","TAPI","HY",72,13.9,8
"5973","TAPI","AHY",70,12.9,8
"5974","TAPI","HY",68,12.9,8
"5975","TAPI","HY",72,13,8
"5976","TAPI","HY",75,13.7,8
"5977","TAPI","AHY",71,13.7,8
"5978","TAPI","HY",72,15.6,8
"5979","TAPI","AHY",68,13.2,8
"5980","TAPI","HY",74,12.2,8
"5981","SIFL","HY",72,13.9,8
"5982","TAPI","AHY",71,13.7,8
"5983","TAPI","HY",72,14.7,8
"5984","TAPI","AHY",70,12.6,8
"5985","TAPI","HY",74,14.1,8
"5986","TAPI","HY",72,14.3,8
"5987","TAPI","HY",73,13,8
"5988","TAPI","HY",69,13.3,8
"5989","TAPI","HY",71,13.1,8
"5990","TAPI","HY",72,13.5,8
"5991","TAPI","HY",72,13.7,8
"5992","TAPI","HY",72,14,8
"5993","SIFL","HY",74,13.2,8
"5994","TAPI","HY",75,14.1,8
"5995","TAPI","HY",69,12.9,8
"5996","TAPI","HY",72,13.1,8
"5997","TAPI","AHY",75,15,8
"5998","TAPI","HY",72,15.1,8
"5999","TAPI","HY",69,13.7,8
"6000","SIFL","HY",66,11.8,8
"6001","TAPI","HY",73,13.5,8
"6002","DUSA","AHY",107,47.5,8
"6003","DUSA","HY",114,58,8
"6004","DUSA","HY",112,54.4,8
"6005","DUSA","HY",113,55.8,8
"6006","DUSA","HY",104,58.3,8
"6007","DUSA","HY",106,45.3,8
"6008","DUSA","HY",114,55.6,8
"6009","DUSA","AHY",113,53.3,8
"6010","DUSA","HY",113,55.2,8
"6011","DUSA","HY",112,55.9,8
"6012","DUSA","HY",109,55.5,8
"6013","DUSA","HY",107,50.2,8
"6014","DUSA","HY",107,50.2,8
"6015","DUSA","HY",106,49.1,8
"6016","DUSA","HY",109,58,8
"6017","DUSA","HY",107,54.9,8
"6018","SIFL","HY",72,13.1,8
"6019","SIFL","HY",74,14.4,8
"6020","SIFL","HY",73,11.3,8
"6021","TAPI","HY",73,13,8
"6022","TAPI","HY",70,12.8,8
"6023","TAPI","HY",69,12.6,8
"6024","TAPI","HY",74,14.2,8
"6025","TAPI","HY",69,12.3,8
"6026","SIFL","HY",73,12.4,8
"6027","TAPI","HY",73,14.1,8
"6028","TAPI","HY",71,13.6,8
"6029","TAPI","HY",70,11.7,8
"6030","TAPI","HY",72,12.4,8
"6031","TAPI","HY",72,15.7,8
"6032","TAPI","HY",73,12.8,8
"6033","TAPI","HY",71,14.5,8
"6034","TAPI","HY",71,13.1,8
"6035","TAPI","HY",72,12.5,8
"6036","TAPI","HY",74,12.9,8
"6037","TAPI","HY",71,12.8,8
"6038","TAPI","HY",69,14.2,8
"6039","SIFL","AHY",74,14.2,8
"6040","SIFL","HY",72,12.3,8
"6041","TAPI","HY",72,12.6,8
"6042","TAPI","AHY",78,13.5,8
"6043","TAPI","HY",71,14.6,8
"6044","TAPI","HY",70,13.3,8
"6045","TAPI","HY",69,12.6,8
"6046","TAPI","AHY",72,13.7,8
"6047","TAPI","HY",71,13.1,8
"6048","TAPI","HY",72,14.3,8
"6049","TAPI","HY",70,13.3,8
"6050","TAPI","AHY",73,12.9,8
"6051","TAPI","HY",70,13.1,8
"6052","TAPI","HY",77,14,8
"6053","SIFL","HY",72,11.5,8
"6054","SIFL","HY",74,12.5,8
"6055","SIFL","HY",74,14.3,8
"6056","SIFL","HY",75,15,8
"6057","SIFL","HY",77,16.1,8
"6058","TAPI","HY",73,12.8,8
"6059","TAPI","AHY",75,12.6,8
"6060","SIFL","AHY",68,13.7,8
"6061","SIFL","AHY",75,14.1,8
"6062","TAPI","AHY",73,12.2,8
"6063","SIFL","HY",69,12.4,8
"6064","TAPI","HY",73,13.4,8
"6065","TAPI","HY",69,14.1,8
"6066","TAPI","HY",70,13.4,8
"6067","TAPI","AHY",71,12.9,8
"6068","TAPI","HY",74,12.7,8
"6069","TAPI","HY",71,12.5,8
"6070","TAPI","HY",69,12,8
"6071","TAPI","HY",69,13.3,8
"6072","TAPI","HY",72,12.9,8
"6073","TAPI","HY",70,12.7,8
"6074","TAPI","HY",69,11.3,8
"6075","TAPI","HY",73,14.3,8
"6076","TAPI","HY",68,11.6,8
"6077","TAPI","HY",71,11.8,8
"6078","TAPI","HY",73,14.2,8
"6079","TAPI","HY",72,12.9,8
"6080","TAPI","HY",70,13.1,8
"6081","TAPI","HY",68,13.2,8
"6082","TAPI","HY",70,13.5,8
"6083","TAPI","HY",72,12.9,8
"6084","TAPI","HY",72,11.5,8
"6085","TAPI","AHY",77,14.5,8
"6086","TAPI","HY",69,12.4,8
"6087","TAPI","HY",72,12.8,8
"6088","TAPI","HY",72,13.3,8
"6089","TAPI","HY",73,12.8,8
"6090","TAPI","HY",70,12.9,8
"6091","TAPI","AHY",73,12.8,8
"6092","TAPI","HY",72,11.8,8
"6093","TAPI","HY",73,14.1,8
"6094","TAPI","HY",72,12.6,8
"6095","TAPI","HY",68,13.2,8
"6096","TAPI","HY",71,11.9,8
"6097","TAPI","HY",72,12.1,8
"6098","TAPI","HY",73,13.1,8
"6099","TAPI","HY",74,13.1,8
"6100","TAPI","HY",69,13,8
"6101","TAPI","HY",68,12.1,8
"6102","TAPI","HY",69,11.9,8
"6103","TAPI","HY",71,12.5,8
"6104","TAPI","HY",71,13.2,8
"6105","TAPI","HY",69,12.9,8
"6106","TAPI","HY",69,13.8,8
"6107","SIFL","AHY",74,12.8,8
"6108","SIFL","AHY",72,13.9,8
"6109","TAPI","HY",71,13,8
"6110","SIFL","HY",72,11.8,8
"6111","SIFL","HY",71,13.9,8
"6112","TAPI","HY",71,12.3,8
"6113","SIFL","HY",72,13.5,8
"6114","TAPI","AHY",69,13.4,8
"6115","TAPI","HY",71,13.5,8
"6116","TAPI","HY",70,12.3,8
"6117","TAPI","HY",72,13.1,8
"6118","TAPI","HY",72,13,8
"6119","TAPI","HY",70,12,8
"6120","TAPI","HY",71,14.7,8
"6121","TAPI","HY",70,11.9,8
"6122","TAPI","HY",73,13.1,8
"6123","TAPI","HY",72,12.7,8
"6124","TAPI","HY",68,14.5,8
"6125","SIFL","HY",71,12.4,8
"6126","SIFL","HY",69,12.6,8
"6127","SIFL","HY",69,12.7,8
"6128","SIFL","HY",69,12.5,8
"6129","TAPI","HY",71,13.7,8
"6130","TAPI","HY",71,11.8,8
"6131","TAPI","HY",69,13.1,8
"6132","TAPI","HY",71,12.2,8
"6133","TAPI","HY",70,13,8
"6134","TAPI","HY",74,13.2,8
"6135","TAPI","HY",73,14.1,8
"6136","TAPI","HY",70,13.3,8
"6137","TAPI","AHY",72,15.7,8
"6138","TAPI","HY",69,13.5,8
"6139","TAPI","HY",75,14.3,8
"6140","TAPI","HY",71,12.8,8
"6141","TAPI","HY",73,13,8
"6142","TAPI","HY",72,13,8
"6143","TAPI","HY",72,14.1,8
"6144","TAPI","HY",72,13.5,8
"6145","TAPI","HY",70,13.8,8
"6146","TAPI","HY",70,12.2,8
"6147","TAPI","HY",70,15.8,8
"6148","TAPI","AHY",73,14.4,8
"6149","TAPI","HY",69,12.7,8
"6150","TAPI","HY",69,12.8,8
"6151","TAPI","HY",71,12.5,8
"6152","TAPI","HY",74,15.5,8
"6153","TAPI","HY",69,12.9,8
"6154","TAPI","HY",70,12.9,8
"6155","TAPI","HY",73,13.5,8
"6156","TAPI","HY",69,12.4,8
"6157","TAPI","HY",72,14.3,8
"6158","TAPI","HY",68,13.6,8
"6159","TAPI","HY",72,13.4,8
"6160","TAPI","AHY",73,13.7,8
"6161","TAPI","HY",74,14.3,8
"6162","TAPI","HY",70,14.3,8
"6163","TAPI","HY",69,12.5,8
"6164","TAPI","HY",73,12.3,8
"6165","DUSA","HY",108,50.9,8
"6166","DUSA","HY",107,52.2,8
"6167","SIFL","AHY",69,11.7,8
"6168","SIFL","HY",73,12.2,8
"6169","SIFL","HY",71,12.7,8
"6170","SIFL","HY",72,12.6,8
"6171","SIFL","AHY",75,13.6,8
"6172","SIFL","AHY",72,12.2,8
"6173","SIFL","HY",72,12.5,8
"6174","SIFL","AHY",73,12.5,8
"6175","SIFL","HY",70,11.2,8
"6176","SIFL","AHY",75,13.4,8
"6177","SIFL","HY",70,11.7,8
"6178","SIFL","HY",71,13.2,8
"6179","SIFL","HY",69,12.7,8
"6180","SIFL","HY",71,12.9,8
"6181","SIFL","HY",72,12,8
"6182","TAPI","HY",73,13.1,8
"6183","TAPI","HY",72,13.2,8
"6184","TAPI","HY",71,12.6,8
"6185","SIFL","HY",72,12.8,8
"6186","SIFL","HY",74,11.9,8
"6187","SIFL","HY",75,13.1,8
"6188","TAPI","HY",72,12.7,8
"6189","TAPI","HY",73,13.4,8
"6190","TAPI","HY",72,14.1,8
"6191","TAPI","HY",71,14.9,8
"6192","TAPI","HY",71,13.4,8
"6193","TAPI","HY",72,13.4,8
"6194","TAPI","HY",69,14.5,8
"6195","TAPI","HY",73,13.9,8
"6196","TAPI","AHY",74,12.3,8
"6197","TAPI","HY",73,13.7,8
"6198","TAPI","HY",72,14,8
"6199","TAPI","HY",70,13.8,8
"6200","TAPI","HY",68,13.8,8
"6201","TAPI","HY",71,12.6,8
"6202","TAPI","AHY",74,14.9,8
"6203","SIFL","HY",76,13.7,8
"6204","SIFL","HY",71,13.2,8
"6205","DUSA","HY",108,52.3,8
"6206","SIFL","HY",75,14.5,8
"6207","SIFL","HY",73,11.6,8
"6208","SIFL","AHY",72,13.7,8
"6209","SIFL","HY",73,13.1,8
"6210","SIFL","HY",74,15,8
"6211","SIFL","HY",69,11.1,8
"6212","TAPI","HY",69,15.1,8
"6213","TAPI","HY",67,13.2,8
"6214","TAPI","HY",71,14.1,8
"6215","TAPI","AHY",70,13.9,8
"6216","TAPI","HY",69,13.3,8
"6217","TAPI","HY",69,13.8,8
"6218","TAPI","AHY",71,13.4,8
"6219","TAPI","HY",69,13.3,8
"6220","TAPI","HY",72,16.1,8
"6221","TAPI","HY",71,13.9,8
"6222","TAPI","HY",71,13.2,8
"6223","SIFL","AHY",72,11.6,8
"6224","SIFL","AHY",75,12.7,8
"6225","SIFL","HY",72,13.4,8
"6226","SIFL","HY",68,12.2,8
"6227","SIFL","HY",71,11.6,8
"6228","TAPI","HY",71,13.1,8
"6229","TAPI","HY",70,13.8,8
"6230","TAPI","HY",70,12.1,8
"6231","TAPI","HY",71,12.7,8
"6232","TAPI","AHY",71,13.6,8
"6233","TAPI","HY",72,12.4,8
"6234","TAPI","HY",69,13.1,8
"6235","TAPI","HY",74,14.7,8
"6236","TAPI","HY",71,12.4,8
"6237","TAPI","HY",72,13.8,8
"6238","TAPI","HY",71,14.9,8
"6239","TAPI","HY",71,14.2,8
"6240","TAPI","HY",69,14.9,8
"6241","TAPI","AHY",70,14,8
"6242","TAPI","HY",71,12.5,8
"6243","TAPI","HY",70,13.7,8
"6244","TAPI","HY",70,12.8,8
"6245","TAPI","HY",73,13.5,8
"6246","TAPI","HY",72,13.8,8
"6247","SIFL","HY",71,12.5,8
"6248","TAPI","HY",73,13,8
"6249","TAPI","HY",73,13.6,8
"6250","TAPI","HY",70,13,8
"6251","TAPI","HY",72,13.7,8
"6252","TAPI","HY",76,13,8
"6253","SIFL","HY",71,12,8
"6254","SIFL","HY",72,11.2,8
"6255","SIFL","HY",73,14,8
"6256","SIFL","HY",72,11.8,8
"6257","SIFL","HY",74,13.3,8
"6258","SIFL","HY",72,12.7,8
"6259","SIFL","HY",72,14,8
"6260","TAPI","HY",73,14.3,8
"6261","TAPI","HY",70,13.9,8
"6262","TAPI","HY",74,13.3,8
"6263","TAPI","AHY",73,14.3,8
"6264","TAPI","HY",72,13.3,8
"6265","TAPI","HY",73,13,8
"6266","TAPI","HY",74,15.3,8
"6267","TAPI","HY",71,14.3,8
"6268","SIFL","HY",73,13,8
"6269","TAPI","HY",70,12.3,8
"6270","SIFL","AHY",73,13.9,8
"6271","SIFL","AHY",76,12.4,8
"6272","TAPI","HY",72,12.2,8
"6273","TAPI","HY",72,13.6,8
"6274","TAPI","HY",70,13.7,8
"6275","SIFL","HY",71,11.1,8
"6276","TAPI","AHY",67,13.8,8
"6277","TAPI","HY",72,15.3,8
"6278","TAPI","HY",71,12.7,8
"6279","TAPI","AHY",69,12.1,8
"6280","TAPI","HY",72,13.6,8
"6281","TAPI","AHY",74,15.7,8
"6282","TAPI","HY",72,13,8
"6283","TAPI","HY",71,14.1,8
"6284","TAPI","HY",70,12.3,8
"6285","TAPI","HY",65,11.7,8
"6286","TAPI","HY",69,13.2,8
"6287","TAPI","HY",69,12.9,8
"6288","TAPI","HY",72,12,8
"6289","TAPI","AHY",69,12.3,8
"6290","TAPI","AHY",76,13.9,8
"6291","TAPI","HY",68,12.9,8
"6292","TAPI","HY",71,13.6,8
"6293","TAPI","HY",69,13,8
"6294","TAPI","HY",71,16.1,8
"6295","TAPI","HY",70,12.2,8
"6296","TAPI","HY",71,13.2,8
"6297","TAPI","HY",69,12.4,8
"6298","TAPI","HY",67,12.9,8
"6299","TAPI","HY",70,12.9,8
"6300","TAPI","HY",72,13.4,8
"6301","SIFL","HY",72,13.7,8
"6302","SIFL","AHY",74,14,8
"6303","SIFL","HY",69,11.6,8
"6304","DUSA","HY",112,57.5,8
"6305","DUSA","HY",108,49.7,8
"6306","DUSA","HY",112,60.2,8
"6307","DUSA","HY",114,51.9,8
"6308","DUSA","HY",111,53.3,8
"6309","DUSA","HY",112,51,8
"6310","DUSA","HY",111,58.3,8
"6311","DUSA","HY",111,55.6,8
"6312","DUSA","HY",118,59.8,8
"6313","DUSA","HY",111,59.4,8
"6314","DUSA","HY",109,58.5,8
"6315","DUSA","HY",112,56.5,8
"6316","DUSA","HY",108,54,8
"6317","DUSA","HY",116,56.6,8
"6318","DUSA","HY",107,48.8,8
"6319","DUSA","HY",108,49.8,8
"6320","DUSA","HY",106,50.6,8
"6321","DUSA","HY",112,58.2,8
"6322","DUSA","HY",108,47.6,8
"6323","DUSA","HY",112,61.9,8
"6324","DUSA","HY",113,50.2,8
"6325","DUSA","HY",106,53.2,8
"6326","DUSA","HY",106,49.8,8
"6327","DUSA","HY",108,49.2,8
"6328","DUSA","HY",110,53.3,8
"6329","DUSA","HY",110,52.4,8
"6330","DUSA","HY",114,53.5,8
"6331","DUSA","HY",109,53.4,8
"6332","DUSA","HY",112,NA,8
"6333","DUSA","HY",112,NA,8
"6334","DUSA","AHY",109,NA,8
"6335","DUSA","HY",118,NA,8
"6336","DUSA","HY",110,NA,8
"6337","SIFL","HY",73,12.8,8
"6338","SIFL","HY",71,13,8
"6339","SIFL","HY",74,13.2,8
"6340","SIFL","HY",74,12.9,8
"6341","SIFL","HY",71,14,8
"6342","SIFL","HY",68,11.5,8
"6343","SIFL","AHY",74,13.5,8
"6344","SIFL","HY",77,13.8,8
"6345","SIFL","HY",73,12.5,8
"6346","SIFL","HY",71,12.8,8
"6347","SIFL","HY",70,12.3,8
"6348","SIFL","AHY",73,14.2,8
"6349","SIFL","AHY",72,11.6,8
"6350","SIFL","HY",76,14.5,8
"6351","SIFL","HY",73,13.4,8
"6352","SIFL","HY",74,12.8,8
"6353","TAPI","HY",72,12.8,8
"6354","TAPI","HY",73,12.6,8
"6355","TAPI","HY",73,13.8,8
"6356","TAPI","HY",74,13,8
"6357","TAPI","HY",68,13.5,8
"6358","TAPI","AHY",70,NA,8
"6359","TAPI","HY",70,13.7,8
"6360","TAPI","HY",73,13.2,8
"6361","TAPI","HY",71,13.8,8
"6362","TAPI","HY",68,12.1,8
"6363","TAPI","AHY",70,12.2,8
"6364","TAPI","HY",71,13.3,8
"6365","TAPI","HY",75,12.9,8
"6366","TAPI","HY",69,12.3,8
"6367","TAPI","AHY",70,12.8,8
"6368","TAPI","HY",74,13.4,8
"6369","TAPI","HY",70,13,8
"6370","TAPI","HY",75,14,8
"6371","TAPI","HY",70,12.8,8
"6372","TAPI","HY",71,12.3,8
"6373","TAPI","HY",75,13.5,8
"6374","TAPI","HY",72,13.3,8
"6375","TAPI","AHY",75,13.7,8
"6376","TAPI","HY",69,12.3,8
"6377","TAPI","HY",70,12.1,8
"6378","TAPI","HY",73,14,8
"6379","TAPI","HY",73,11.6,8
"6380","TAPI","HY",71,12.5,8
"6381","TAPI","HY",70,13.6,8
"6382","TAPI","HY",75,13.6,8
"6383","TAPI","HY",68,11.9,8
"6384","TAPI","AHY",75,13.4,8
"6385","TAPI","HY",69,11.9,8
"6386","TAPI","HY",71,14,8
"6387","TAPI","HY",71,13.9,8
"6388","TAPI","HY",73,14.2,8
"6389","TAPI","HY",70,12.6,8
"6390","TAPI","HY",74,14,8
"6391","TAPI","HY",71,12.6,8
"6392","TAPI","HY",74,12.6,8
"6393","TAPI","HY",70,12.6,8
"6394","TAPI","HY",72,13,8
"6395","TAPI","HY",72,12.5,8
"6396","SIFL","HY",72,11.8,8
"6397","SIFL","HY",68,11.6,8
"6398","SIFL","AHY",73,13.4,8
"6399","SIFL","HY",71,13.5,8
"6400","SIFL","HY",69,12.8,8
"6401","SIFL","HY",72,12.3,8
"6402","SIFL","HY",71,12.9,8
"6403","SIFL","AHY",NA,12.7,8
"6404","SIFL","HY",72,12.1,8
"6405","TAPI","HY",72,12,8
"6406","TAPI","AHY",72,14.3,8
"6407","TAPI","HY",69,12.3,8
"6408","TAPI","HY",71,12.1,8
"6409","TAPI","AHY",72,14.6,8
"6410","TAPI","HY",72,12.7,8
"6411","TAPI","HY",71,13.6,8
"6412","TAPI","AHY",73,13.4,8
"6413","TAPI","AHY",77,13.7,8
"6414","TAPI","HY",69,13,8
"6415","TAPI","HY",73,13.7,8
"6416","TAPI","HY",69,12.3,8
"6417","SIFL","HY",76,13.9,8
"6418","TAPI","HY",70,12.3,8
"6419","TAPI","HY",71,12.3,8
"6420","TAPI","AHY",74,14.3,8
"6421","TAPI","HY",70,12,8
"6422","TAPI","HY",73,11.2,8
"6423","TAPI","HY",71,15.7,8
"6424","TAPI","HY",73,13.2,8
"6425","TAPI","HY",70,11.6,8
"6426","TAPI","HY",71,14,8
"6427","TAPI","HY",72,12.1,8
"6428","TAPI","HY",71,14.6,8
"6429","TAPI","HY",72,12.6,8
"6430","TAPI","HY",71,14.9,8
"6431","TAPI","HY",69,11.9,8
"6432","TAPI","HY",71,12.1,8
"6433","TAPI","HY",73,12.9,8
"6434","TAPI","HY",69,12.3,8
"6435","TAPI","HY",68,13,8
"6436","SIFL","HY",70,13.7,8
"6437","TAPI","HY",72,13.4,8
"6438","TAPI","HY",69,14,8
"6439","TAPI","HY",69,12.7,8
"6440","TAPI","HY",68,11.8,8
"6441","TAPI","AHY",73,12.6,8
"6442","SIFL","AHY",72,12.2,8
"6443","TAPI","HY",68,12,8
"6444","TAPI","HY",71,12.5,8
"6445","TAPI","HY",74,12.7,8
"6446","TAPI","HY",73,12.6,8
"6447","TAPI","AHY",73,14.9,8
"6448","TAPI","HY",72,12.6,8
"6449","TAPI","HY",72,12.6,8
"6450","TAPI","HY",72,11.9,8
"6451","TAPI","HY",73,14,8
"6452","TAPI","HY",68,11.6,8
"6453","TAPI","HY",71,12.7,8
"6454","SIFL","HY",74,12.7,8
"6455","SIFL","AHY",75,13,8
"6456","SIFL","AHY",74,13,8
"6457","SIFL","HY",74,13.9,8
"6458","SIFL","HY",72,12.3,8
"6459","SIFL","HY",71,13.4,8
"6460","SIFL","HY",73,13.6,8
"6461","SIFL","HY",72,14.6,8
"6462","SIFL","AHY",75,13.2,8
"6463","SIFL","HY",75,13,8
"6464","SIFL","HY",72,12.9,8
"6465","SIFL","HY",74,12.5,8
"6466","SIFL","HY",72,12.8,8
"6467","TAPI","HY",NA,NA,8
"6468","SIFL","AHY",NA,NA,8
"6469","TAPI","HY",NA,NA,8
"6470","SIFL","HY",NA,NA,8
"6471","TAPI","HY",NA,NA,8
"6472","SIFL","HY",NA,NA,8
"6473","SIFL","HY",NA,NA,8
"6474","TAPI","HY",NA,NA,8
"6475","TAPI","HY",NA,NA,8
"6476","TAPI","HY",NA,NA,8
"6477","TAPI","HY",NA,NA,8
"6478","SIFL","HY",NA,NA,8
"6479","TAPI","HY",NA,NA,8
"6480","TAPI","HY",NA,NA,8
"6481","TAPI","HY",NA,NA,8
"6482","TAPI","HY",NA,NA,8
"6483","TAPI","HY",NA,NA,8
"6484","TAPI","HY",NA,NA,8
"6485","TAPI","HY",NA,NA,8
"6486","TAPI","HY",NA,NA,8
"6487","TAPI","HY",NA,NA,8
"6488","TAPI","HY",NA,NA,8
"6489","TAPI","HY",NA,NA,8
"6490","SIFL","HY",NA,NA,8
"6491","TAPI","HY",NA,NA,8
"6492","SIFL","HY",NA,NA,8
"6493","TAPI","HY",NA,NA,8
"6494","TAPI","HY",NA,NA,8
"6495","TAPI","HY",NA,NA,8
"6496","TAPI","HY",NA,NA,8
"6497","SIFL","HY",76,16,8
"6498","TAPI","HY",NA,NA,8
"6499","TAPI","AHY",NA,NA,8
"6500","TAPI","HY",NA,NA,8
"6501","TAPI","HY",NA,NA,8
"6502","TAPI","HY",NA,NA,8
"6503","SIFL","HY",NA,NA,8
"6504","TAPI","HY",NA,NA,8
"6505","SIFL","HY",NA,NA,8
"6506","TAPI","HY",NA,NA,8
"6507","TAPI","HY",NA,NA,8
"6508","TAPI","HY",NA,NA,8
"6509","SIFL","HY",76,NA,8
"6510","SIFL","AHY",NA,NA,8
"6511","SIFL","HY",NA,NA,8
"6512","SIFL","HY",73,NA,8
"6513","SIFL","AHY",73,NA,8
"6514","SIFL","HY",71,NA,8
"6515","TAPI","HY",NA,NA,8
"6516","TAPI","AHY",NA,NA,8
"6517","TAPI","HY",NA,NA,8
"6518","TAPI","HY",NA,NA,8
"6519","TAPI","HY",NA,NA,8
"6520","TAPI","HY",NA,NA,8
"6521","TAPI","HY",NA,NA,8
"6522","DUSA","HY",110,55.9,8
"6523","DUSA","HY",110,49.8,8
"6524","DUSA","HY",111,52,8
"6525","DUSA","HY",110,51.9,8
"6526","DUSA","HY",113,55.9,8
"6527","DUSA","HY",114,57.5,8
"6528","DUSA","HY",111,58.8,8
"6529","DUSA","HY",109,49.1,8
"6530","DUSA","AHY",115,53.2,8
"6531","DUSA","HY",111,62.4,8
"6532","DUSA","HY",110,57.5,8
"6533","DUSA","HY",115,58,8
"6534","DUSA","HY",113,58.2,8
"6535","DUSA","HY",116,62.6,8
"6536","DUSA","HY",112,56.2,8
"6537","DUSA","HY",111,59.4,8
"6538","DUSA","HY",107,50.6,8
"6539","DUSA","HY",110,51.3,8
"6540","DUSA","HY",109,51.7,8
"6541","DUSA","AHY",107,56.5,8
"6542","DUSA","HY",115,55.4,8
"6543","DUSA","HY",109,56.4,8
"6544","DUSA","HY",111,59.1,8
"6545","DUSA","HY",108,56,8
"6546","DUSA","HY",109,55.3,8
"6547","DUSA","HY",112,59.2,8
"6548","DUSA","HY",110,NA,8
"6549","DUSA","HY",107,51.4,8
"6550","DUSA","HY",109,68.1,8
"6551","DUSA","HY",111,58.6,8
"6552","SIFL","HY",73,13.7,8
"6553","SIFL","HY",70,13,8
"6554","SIFL","HY",72,13.9,8
"6555","SIFL","HY",70,13.3,8
"6556","SIFL","HY",72,12.9,8
"6557","SIFL","HY",72,13.9,8
"6558","SIFL","HY",69,12.7,8
"6559","SIFL","AHY",73,12,8
"6560","SIFL","HY",68,11.9,8
"6561","SIFL","AHY",72,12.8,8
"6562","SIFL","AHY",75,14,8
"6563","TAPI","HY",71,13.9,8
"6564","TAPI","HY",70,12.5,8
"6565","TAPI","HY",69,12.3,8
"6566","TAPI","HY",69,13.7,8
"6567","TAPI","HY",70,12.8,8
"6568","TAPI","HY",72,14.3,8
"6569","SIFL","HY",78,16.7,8
"6570","TAPI","HY",72,12.7,8
"6571","TAPI","HY",70,13.4,8
"6572","TAPI","HY",69,13.4,8
"6573","TAPI","HY",74,13.5,8
"6574","TAPI","HY",73,14.2,8
"6575","TAPI","HY",70,12.3,8
"6576","TAPI","HY",69,13.3,8
"6577","TAPI","HY",68,13.3,8
"6578","SIFL","AHY",73,14.2,8
"6579","SIFL","AHY",74,13.1,8
"6580","SIFL","AHY",72,14.7,8
"6581","SIFL","HY",73,14.7,8
"6582","SIFL","AHY",73,13.4,8
"6583","TAPI","HY",68,12.6,8
"6584","TAPI","HY",69,14.1,8
"6585","TAPI","HY",72,13.6,8
"6586","TAPI","HY",68,12.1,8
"6587","TAPI","HY",72,13.8,8
"6588","TAPI","HY",73,15,8
"6589","TAPI","HY",68,12.1,8
"6590","TAPI","HY",71,14.4,8
"6591","TAPI","HY",68,12.5,8
"6592","TAPI","HY",67,13.1,8
"6593","TAPI","HY",74,13,8
"6594","TAPI","AHY",72,13.6,8
"6595","TAPI","HY",73,13.9,8
"6596","SIFL","HY",75,14.7,8
"6597","TAPI","HY",72,13.3,8
"6598","SIFL","AHY",76,14.2,8
"6599","TAPI","HY",71,12.2,8
"6600","TAPI","HY",71,13.7,8
"6601","TAPI","HY",72,13.7,8
"6602","TAPI","HY",72,15,8
"6603","TAPI","HY",71,13.1,8
"6604","SIFL","AHY",76,15.1,8
"6605","TAPI","AHY",72,13.1,8
"6606","TAPI","AHY",71,14.6,8
"6607","TAPI","HY",73,14.3,8
"6608","TAPI","HY",71,13.4,8
"6609","TAPI","HY",70,13.4,8
"6610","TAPI","AHY",74,13.8,8
"6611","TAPI","HY",72,12.6,8
"6612","TAPI","HY",69,14.3,8
"6613","TAPI","AHY",71,12.6,8
"6614","TAPI","HY",71,12.6,8
"6615","TAPI","HY",71,14.3,8
"6616","TAPI","HY",69,13.3,8
"6617","SIFL","AHY",77,14.3,8
"6618","TAPI","HY",71,15.3,8
"6619","TAPI","AHY",75,14.3,8
"6620","TAPI","HY",72,12.6,8
"6621","TAPI","HY",71,12.5,8
"6622","TAPI","HY",74,12.4,8
"6623","TAPI","HY",74,13.7,8
"6624","TAPI","HY",72,13,8
"6625","TAPI","AHY",76,12.8,8
"6626","TAPI","HY",71,14.7,8
"6627","TAPI","HY",70,13.2,8
"6628","TAPI","HY",73,13.6,8
"6629","TAPI","HY",70,12.3,8
"6630","TAPI","HY",72,14,8
"6631","TAPI","HY",70,12.8,8
"6632","TAPI","HY",74,13.1,8
"6633","TAPI","HY",72,13,8
"6634","TAPI","HY",70,12.9,8
"6635","SIFL","HY",74,12.8,8
"6636","SIFL","HY",74,13.6,8
"6637","SIFL","AHY",75,13.8,8
"6638","SIFL","HY",69,11.3,8
"6639","SIFL","HY",70,12.2,8
"6640","SIFL","AHY",73,13.5,8
"6641","SIFL","HY",72,12.5,8
"6642","SIFL","HY",71,12.2,8
"6643","SIFL","AHY",73,13.2,8
"6644","TAPI","AHY",73,14.6,8
"6645","DUSA","HY",114,61,8
"6646","DUSA","HY",111,58.4,8
"6647","DUSA","HY",113,61.8,8
"6648","DUSA","HY",110,54.2,8
"6649","DUSA","AHY",115,61.4,8
"6650","DUSA","HY",114,64.1,8
"6651","DUSA","AHY",115,61.9,8
"6652","DUSA","HY",108,54.8,8
"6653","DUSA","HY",112,57.6,8
"6654","DUSA","HY",117,70,8
"6655","DUSA","HY",111,61.1,8
"6656","DUSA","HY",110,52,8
"6657","DUSA","HY",109,52.2,8
"6658","DUSA","HY",110,50.4,8
"6659","DUSA","HY",117,61.1,8
"6660","DUSA","HY",108,54.1,8
"6661","DUSA","HY",115,65.8,8
"6662","DUSA","HY",113,52.2,8
"6663","DUSA","HY",105,56.8,8
"6664","DUSA","HY",107,51.1,8
"6665","DUSA","HY",112,66.6,8
"6666","DUSA","HY",111,58.2,8
"6667","DUSA","HY",107,53.2,8
"6668","DUSA","HY",109,51.9,8
"6669","TAPI","HY",69,12.5,8
"6670","TAPI","HY",71,13.1,8
"6671","TAPI","HY",75,13,8
"6672","TAPI","HY",76,13.5,8
"6673","TAPI","HY",67,12.6,8
"6674","TAPI","HY",70,13,8
"6675","TAPI","HY",69,12.9,8
"6676","TAPI","HY",79,13.6,8
"6677","TAPI","HY",71,14.4,8
"6678","TAPI","HY",72,14.8,8
"6679","TAPI","HY",69,12.5,8
"6680","TAPI","HY",71,13.4,8
"6681","TAPI","AHY",76,13.6,8
"6682","TAPI","HY",74,13.1,8
"6683","TAPI","HY",70,12.3,8
"6684","TAPI","HY",68,14.3,8
"6685","TAPI","AHY",69,12.9,8
"6686","TAPI","HY",74,13.8,8
"6687","TAPI","HY",71,12.5,8
"6688","TAPI","HY",69,12.9,8
"6689","TAPI","HY",70,NA,8
"6690","SIFL","HY",73,13.6,8
"6691","SIFL","HY",69,13.3,8
"6692","TAPI","HY",73,13,8
"6693","TAPI","HY",69,12.5,8
"6694","TAPI","HY",71,12.9,8
"6695","TAPI","HY",72,13,8
"6696","TAPI","HY",70,13,8
"6697","TAPI","HY",70,12.8,8
"6698","TAPI","HY",74,13.2,8
"6699","TAPI","HY",74,13.4,8
"6700","TAPI","HY",70,13.2,8
"6701","TAPI","HY",73,13.3,8
"6702","TAPI","HY",72,13.9,8
"6703","TAPI","HY",72,13.3,8
"6704","TAPI","HY",71,13.2,8
"6705","TAPI","HY",73,12.7,8
"6706","TAPI","HY",72,12.7,8
"6707","TAPI","HY",71,11.5,8
"6708","TAPI","HY",72,12.2,8
"6709","TAPI","HY",71,12,8
"6710","TAPI","HY",71,13.8,8
"6711","TAPI","HY",70,12.7,8
"6712","TAPI","HY",70,13.8,8
"6713","TAPI","HY",69,13.7,8
"6714","TAPI","HY",72,12.6,8
"6715","SIFL","HY",70,12.8,8
"6716","TAPI","HY",72,13.4,8
"6717","TAPI","HY",71,14.3,8
"6718","TAPI","HY",73,13.7,8
"6719","TAPI","HY",70,12.5,8
"6720","TAPI","AHY",76,15.2,8
"6721","TAPI","HY",70,12,8
"6722","TAPI","HY",72,14.5,8
"6723","TAPI","AHY",73,13,8
"6724","SIFL","HY",72,13.8,8
"6725","TAPI","AHY",76,13.4,8
"6726","SIFL","HY",70,11.6,8
"6727","SIFL","HY",71,12.8,8
"6728","SIFL","HY",71,12.8,8
"6729","SIFL","AHY",72,13.8,8
"6730","TAPI","HY",69,12.8,8
"6731","TAPI","HY",68,13.6,8
"6732","SIFL","HY",72,11.7,8
"6733","TAPI","HY",73,13,8
"6734","TAPI","HY",70,12.9,8
"6735","TAPI","HY",71,12.8,8
"6736","TAPI","HY",72,14.1,8
"6737","TAPI","AHY",72,12.7,8
"6738","TAPI","HY",73,14.4,8
"6739","DUSA","HY",113,61.2,8
"6740","DUSA","HY",112,51.8,8
"6741","DUSA","HY",114,63.3,8
"6742","DUSA","HY",107,52.6,8
"6743","DUSA","HY",107,51.2,8
"6744","DUSA","HY",114,57.2,8
"6745","DUSA","HY",113,56.9,8
"6746","DUSA","HY",114,62.8,8
"6747","DUSA","HY",106,50.5,8
"6748","DUSA","HY",118,57,8
"6749","DUSA","HY",116,61.1,8
"6750","DUSA","HY",109,60.5,8
"6751","DUSA","HY",111,52.3,8
"6752","DUSA","HY",112,45.2,8
"6753","DUSA","HY",114,52.3,8
"6754","DUSA","HY",115,57.3,8
"6755","DUSA","HY",112,60.1,8
"6756","DUSA","HY",111,53,8
"6757","DUSA","HY",110,53.5,8
"6758","DUSA","AHY",113,56.3,8
"6759","DUSA","HY",105,50,8
"6760","DUSA","HY",116,58.2,8
"6761","DUSA","HY",106,51.3,8
"6762","DUSA","HY",111,58,8
"6763","DUSA","AHY",119,61.4,8
"6764","DUSA","HY",114,57.1,8
"6765","DUSA","HY",117,61.8,8
"6766","DUSA","HY",109,49.8,8
"6767","DUSA","HY",110,54.2,8
"6768","SIFL","HY",68,12,8
"6769","SIFL","HY",72,12.2,8
"6770","SIFL","HY",73,13.7,8
"6771","SIFL","HY",73,12.7,8
"6772","TAPI","HY",70,12.8,8
"6773","SIFL","HY",72,13.3,8
"6774","SIFL","HY",72,12,8
"6775","TAPI","HY",73,12.4,8
"6776","SIFL","AHY",71,11.6,8
"6777","SIFL","HY",72,13,8
"6778","SIFL","AHY",72,12.7,8
"6779","SIFL","HY",72,12.4,8
"6780","SIFL","HY",72,13.4,8
"6781","SIFL","AHY",71,12.7,8
"6782","TAPI","HY",69,14.9,8
"6783","SIFL","AHY",72,13.3,8
"6784","SIFL","HY",69,13.5,8
"6785","TAPI","AHY",70,12.8,8
"6786","SIFL","HY",77,12.8,8
"6787","SIFL","AHY",74,13.7,8
"6788","SIFL","HY",74,13.3,8
"6789","SIFL","AHY",75,15.2,8
"6790","SIFL","HY",71,12.5,8
"6791","SIFL","AHY",74,13.4,8
"6792","SIFL","AHY",69,12.3,8
"6793","SIFL","AHY",72,12.8,8
"6794","SIFL","HY",72,13,8
"6795","SIFL","HY",69,12.9,8
"6796","TAPI","HY",72,13.8,8
"6797","SIFL","AHY",75,13.2,8
"6798","SIFL","AHY",74,13.8,8
"6799","SIFL","AHY",70,13.4,8
"6800","SIFL","HY",70,11.7,8
"6801","TAPI","HY",70,11.4,8
"6802","TAPI","HY",71,13.1,8
"6803","TAPI","HY",72,13.3,8
"6804","SIFL","AHY",71,13.8,8
"6805","SIFL","HY",73,13.3,8
"6806","SIFL","HY",75,13.4,8
"6807","SIFL","HY",71,12.5,8
"6808","SIFL","HY",71,12.6,8
"6809","TAPI","HY",74,13.3,8
"6810","SIFL","HY",70,12.9,8
"6811","SIFL","HY",73,12.7,8
"6812","SIFL","AHY",73,13.8,8
"6813","SIFL","HY",72,13.6,8
"6814","SIFL","HY",72,13,8
"6815","SIFL","AHY",73,13.6,8
"6816","SIFL","AHY",70,12.8,8
"6817","SIFL","AHY",72,13.1,8
"6818","SIFL","HY",68,12.1,8
"6819","SIFL","HY",71,12.4,8
"6820","SIFL","AHY",75,13.1,8
"6821","SIFL","AHY",76,13.5,8
"6822","SIFL","HY",70,NA,8
"6823","SIFL","HY",75,12.6,8
"6824","SIFL","HY",69,11.2,8
"6825","SIFL","HY",72,12.3,8
"6826","SIFL","HY",72,13.2,8
"6827","SIFL","AHY",76,13.6,8
"6828","SIFL","HY",73,13.1,8
"6829","SIFL","AHY",74,13.5,8
"6830","SIFL","HY",70,12,8
"6831","SIFL","HY",72,11.3,8
"6832","SIFL","AHY",69,11.5,8
"6833","TAPI","HY",74,12.6,8
"6834","TAPI","HY",72,12.4,8
"6835","TAPI","HY",69,13.7,8
"6836","TAPI","HY",73,12.5,8
"6837","SIFL","HY",73,13,8
"6838","SIFL","HY",72,13.6,8
"6839","SIFL","AHY",72,12.2,8
"6840","TAPI","HY",72,13.2,8
"6841","TAPI","HY",69,12.8,8
"6842","SIFL","AHY",70,12.7,8
"6843","SIFL","HY",72,12.8,8
"6844","SIFL","HY",74,12.5,8
"6845","SIFL","HY",71,12.8,8
"6846","SIFL","AHY",74,13.1,8
"6847","SIFL","AHY",76,14.9,8
"6848","SIFL","HY",72,13.6,8
"6849","SIFL","HY",71,11.8,8
"6850","SIFL","HY",72,12.6,8
"6851","SIFL","AHY",73,12.5,8
"6852","SIFL","HY",74,13,8
"6853","SIFL","HY",70,12.1,8
"6854","SIFL","AHY",74,14.2,8
"6855","SIFL","HY",68,12,8
"6856","SIFL","HY",72,12.4,8
"6857","SIFL","HY",72,13.5,8
"6858","SIFL","HY",71,13.2,8
"6859","SIFL","HY",70,12.3,8
"6860","SIFL","HY",71,13.4,8
"6861","SIFL","HY",71,12,8
"6862","SIFL","HY",70,11.9,8
"6863","SIFL","HY",73,13,8
"6864","DUSA","HY",108,54.7,8
"6865","DUSA","HY",111,55,8
"6866","DUSA","HY",115,63.6,8
"6867","TAPI","HY",71,14.9,8
"6868","SIFL","HY",75,12.7,8
"6869","SIFL","HY",70,12.7,8
"6870","SIFL","HY",73,12.8,8
"6871","SIFL","AHY",75,14,8
"6872","SIFL","HY",74,12.7,8
"6873","SIFL","HY",72,14,8
"6874","SIFL","HY",68,11,8
"6875","SIFL","AHY",73,14.1,8
"6876","SIFL","HY",71,13.4,8
"6877","SIFL","HY",72,12.8,8
"6878","SIFL","AHY",75,13.8,8
"6879","SIFL","HY",71,12.2,8
"6880","SIFL","HY",73,13.4,8
"6881","SIFL","HY",71,12.1,8
"6882","SIFL","AHY",81,15.3,8
"6883","SIFL","HY",73,12.6,8
"6884","SIFL","AHY",76,13.6,8
"6885","SIFL","HY",70,13.1,8
"6886","SIFL","AHY",69,12.1,8
"6887","SIFL","HY",75,13.4,8
"6888","SIFL","HY",70,11.2,8
"6889","SIFL","HY",74,12.8,8
"6890","SIFL","HY",77,13.6,8
"6891","TAPI","HY",71,13.3,8
"6892","SIFL","AHY",73,12.3,8
"6893","SIFL","HY",75,13.5,8
"6894","TAPI","HY",74,14.2,8
"6895","TAPI","AHY",72,13.7,8
"6896","TAPI","HY",74,15.2,8
"6897","TAPI","HY",72,15.5,8
"6898","TAPI","HY",72,15.1,8
"6899","TAPI","AHY",73,15.2,8
"6900","TAPI","HY",71,15.1,8
"6901","SIFL","HY",74,14.7,8
"6902","TAPI","HY",72,13.9,8
"6903","TAPI","HY",69,12.8,8
"6904","TAPI","HY",72,15.7,8
"6905","TAPI","HY",69,13.6,8
"6906","SIFL","HY",71,12.5,8
"6907","TAPI","HY",73,14.3,8
"6908","TAPI","HY",71,13.4,8
"6909","SIFL","AHY",72,12.5,8
"6910","SIFL","AHY",74,13.7,8
"6911","TAPI","HY",69,13.5,8
"6912","SIFL","AHY",73,14.1,8
"6913","SIFL","HY",72,11.6,8
"6914","TAPI","HY",69,14.4,8
"6915","TAPI","AHY",74,13.5,8
"6916","TAPI","HY",70,13.6,8
"6917","TAPI","HY",72,12.7,8
"6918","TAPI","HY",70,14,8
"6919","TAPI","AHY",71,12.4,8
"6920","DUSA","HY",110,59.3,8
"6921","DUSA","HY",108,48,8
"6922","DUSA","HY",113,56.8,8
"6923","DUSA","HY",114,55.2,8
"6924","DUSA","HY",110,58.4,8
"6925","DUSA","HY",114,56.1,8
"6926","DUSA","HY",112,52.8,8
"6927","DUSA","HY",106,49,8
"6928","DUSA","HY",108,48.8,8
"6929","DUSA","HY",107,51.6,8
"6930","SIFL","AHY",74,13.2,8
"6931","SIFL","HY",72,12.3,8
"6932","SIFL","HY",73,15,8
"6933","SIFL","AHY",75,11.3,8
"6934","SIFL","HY",74,14.6,8
"6935","SIFL","AHY",73,13.8,8
"6936","SIFL","AHY",74,14.1,8
"6937","SIFL","AHY",70,12.5,8
"6938","SIFL","HY",74,14,8
"6939","TAPI","HY",70,13.4,8
"6940","TAPI","HY",70,12.7,8
"6941","TAPI","AHY",73,14.5,8
"6942","SIFL","HY",73,13.6,8
"6943","SIFL","AHY",69,11.9,8
"6944","SIFL","HY",75,14,8
"6945","SIFL","AHY",73,12.6,8
"6946","SIFL","HY",72,11.6,8
"6947","SIFL","HY",68,12.2,8
"6948","SIFL","HY",71,13.2,8
"6949","TAPI","HY",74,13.2,8
"6950","SIFL","AHY",75,12.4,8
"6951","SIFL","HY",74,12.3,8
"6952","SIFL","HY",72,13.5,8
"6953","SIFL","HY",74,13.2,8
"6954","SIFL","HY",72,12.7,8
"6955","SIFL","AHY",74,14.1,8
"6956","SIFL","HY",72,12.3,8
"6957","SIFL","AHY",71,12.4,8
"6958","SIFL","HY",70,12.1,8
"6959","SIFL","HY",70,12.2,8
"6960","SIFL","HY",74,13.7,8
"6961","SIFL","HY",72,14.6,8
"6962","SIFL","HY",72,12.4,8
"6963","SIFL","HY",74,13.7,8
"6964","SIFL","AHY",73,13.1,8
"6965","SIFL","AHY",73,12.4,8
"6966","SIFL","HY",72,13.4,8
"6967","SIFL","HY",72,13.4,8
"6968","SIFL","HY",72,13.1,8
"6969","SIFL","AHY",71,13.9,8
"6970","SIFL","AHY",69,12.6,8
"6971","SIFL","AHY",72,12.3,8
"6972","SIFL","AHY",74,12.8,8
"6973","SIFL","HY",73,13.6,8
"6974","SIFL","HY",74,13,8
"6975","SIFL","HY",73,14.6,8
"6976","SIFL","HY",73,13.6,8
"6977","SIFL","HY",72,13.1,8
"6978","SIFL","AHY",74,15.6,8
"6979","SIFL","HY",76,16.2,8
"6980","SIFL","HY",74,12.3,8
"6981","SIFL","AHY",76,13,8
"6982","SIFL","HY",72,13.4,8
"6983","SIFL","AHY",71,12.4,8
"6984","SIFL","HY",71,12.1,8
"6985","SIFL","AHY",70,12.6,8
"6986","SIFL","AHY",74,11.7,8
"6987","SIFL","HY",76,14.7,8
"6988","SIFL","AHY",71,11.3,8
"6989","SIFL","HY",76,13.2,8
"6990","SIFL","HY",69,12,8
"6991","SIFL","HY",71,12.5,8
"6992","SIFL","AHY",74,14.7,8
"6993","SIFL","HY",72,14,8
"6994","SIFL","HY",72,12.5,8
"6995","SIFL","HY",72,13.8,8
"6996","SIFL","HY",71,11.9,8
"6997","SIFL","HY",78,14.4,8
"6998","SIFL","HY",72,14.6,8
"6999","SIFL","HY",73,12,8
"7000","SIFL","HY",76,13.3,8
"7001","SIFL","HY",70,12.5,8
"7002","SIFL","HY",74,14.9,8
"7003","SIFL","HY",70,13,8
"7004","SIFL","HY",72,12.2,8
"7005","SIFL","HY",72,13.5,8
"7006","SIFL","HY",74,14,8
"7007","SIFL","HY",72,13.1,8
"7008","SIFL","AHY",73,12.7,8
"7009","SIFL","AHY",75,13.9,8
"7010","TAPI","HY",72,13.2,8
"7011","SIFL","AHY",74,13.8,8
"7012","SIFL","HY",74,12.4,8
"7013","SIFL","HY",72,14.2,8
"7014","SIFL","HY",72,12.2,8
"7015","SIFL","HY",73,13.4,8
"7016","SIFL","AHY",73,14.6,8
"7017","SIFL","HY",72,12.9,8
"7018","SIFL","HY",74,12.3,8
"7019","SIFL","HY",71,12.5,8
"7020","SIFL","AHY",70,12.2,8
"7021","SIFL","HY",73,12.2,8
"7022","SIFL","AHY",73,15.7,8
"7023","SIFL","HY",71,12.2,8
"7024","SIFL","HY",71,12.9,8
"7025","SIFL","HY",68,11.6,8
"7026","SIFL","HY",69,12.6,8
"7027","SIFL","HY",76,12.6,8
"7028","SIFL","HY",73,12.4,8
"7029","SIFL","HY",75,14.4,8
"7030","SIFL","HY",73,13.5,8
"7031","SIFL","AHY",74,13.1,8
"7032","SIFL","AHY",71,12,8
"7033","SIFL","HY",71,12.1,8
"7034","SIFL","HY",75,13.4,8
"7035","SIFL","HY",71,13.1,8
"7036","SIFL","HY",74,14.5,8
"7037","TAPI","HY",68,14,8
"7038","SIFL","AHY",73,14.9,8
"7039","SIFL","HY",NA,NA,8
"7040","SIFL","HY",NA,NA,8
"7041","SIFL","HY",NA,NA,8
"7042","SIFL","HY",NA,NA,8
"7043","SIFL","HY",NA,NA,8
"7044","SIFL","HY",NA,NA,8
"7045","SIFL","HY",NA,NA,8
"7046","SIFL","HY",NA,NA,8
"7047","SIFL","AHY",NA,NA,8
"7048","SIFL","HY",NA,NA,8
"7049","SIFL","HY",NA,NA,8
"7050","SIFL","HY",NA,NA,8
"7051","SIFL","HY",NA,NA,8
"7052","SIFL","AHY",NA,NA,8
"7053","SIFL","HY",NA,NA,8
"7054","SIFL","AHY",NA,NA,8
"7055","SIFL","HY",NA,NA,8
"7056","SIFL","HY",NA,NA,8
"7057","SIFL","HY",NA,NA,8
"7058","SIFL","HY",NA,NA,8
"7059","SIFL","HY",NA,NA,8
"7060","SIFL","HY",NA,NA,8
"7061","SIFL","HY",NA,NA,8
"7062","SIFL","HY",NA,NA,8
"7063","SIFL","HY",NA,NA,8
"7064","SIFL","AHY",NA,NA,8
"7065","SIFL","HY",NA,NA,8
"7066","SIFL","HY",NA,NA,8
"7067","SIFL","HY",NA,NA,8
"7068","SIFL","HY",NA,NA,8
"7069","SIFL","HY",NA,NA,8
"7070","SIFL","AHY",NA,NA,8
"7071","SIFL","HY",NA,NA,8
"7072","SIFL","AHY",NA,NA,8
"7073","SIFL","HY",NA,NA,8
"7074","SIFL","HY",NA,NA,8
"7075","SIFL","HY",NA,NA,8
"7076","SIFL","HY",NA,NA,8
"7077","SIFL","HY",NA,NA,8
"7078","SIFL","HY",NA,NA,8
"7079","SIFL","AHY",NA,NA,8
"7080","SIFL","AHY",NA,NA,8
"7081","SIFL","AHY",NA,NA,8
"7082","SIFL","AHY",NA,NA,8
"7083","SIFL","HY",NA,NA,8
"7084","SIFL","HY",NA,NA,8
"7085","SIFL","HY",79,16.2,8
"7086","SIFL","AHY",NA,NA,8
"7087","SIFL","HY",72,NA,8
"7088","SIFL","AHY",NA,NA,8
"7089","SIFL","HY",NA,NA,8
"7090","SIFL","HY",NA,NA,8
"7091","SIFL","HY",NA,NA,8
"7092","SIFL","HY",NA,NA,8
"7093","SIFL","AHY",NA,NA,8
"7094","SIFL","HY",NA,NA,8
"7095","SIFL","HY",73,NA,8
"7096","SIFL","HY",NA,NA,8
"7097","TAPI","HY",NA,NA,8
"7098","SIFL","HY",NA,NA,8
"7099","SIFL","AHY",NA,NA,8
"7100","SIFL","HY",NA,NA,8
"7101","SIFL","HY",NA,NA,8
"7102","SIFL","HY",NA,NA,8
"7103","SIFL","HY",NA,NA,8
"7104","SIFL","AHY",NA,NA,8
"7105","SIFL","HY",NA,NA,8
"7106","SIFL","HY",NA,NA,8
"7107","SIFL","AHY",NA,13.9,8
"7108","SIFL","HY",NA,NA,8
"7109","SIFL","HY",NA,NA,8
"7110","SIFL","HY",NA,NA,8
"7111","SIFL","HY",NA,NA,8
"7112","SIFL","HY",NA,NA,8
"7113","SIFL","HY",NA,NA,8
"7114","SIFL","AHY",NA,NA,8
"7115","SIFL","HY",NA,NA,8
"7116","SIFL","HY",NA,NA,8
"7117","SIFL","HY",NA,NA,8
"7118","SIFL","HY",NA,NA,8
"7119","SIFL","HY",NA,NA,8
"7120","SIFL","HY",NA,NA,8
"7121","SIFL","AHY",NA,NA,8
"7122","SIFL","HY",NA,NA,8
"7123","SIFL","HY",NA,NA,8
"7124","SIFL","HY",NA,NA,8
"7125","SIFL","HY",NA,NA,8
"7126","SIFL","HY",73,NA,8
"7127","DUSA","HY",109,50.9,9
"7128","DUSA","AHY",116,61.4,9
"7129","DUSA","AHY",109,53.3,9
"7130","DUSA","AHY",115,54,9
"7131","DUSA","HY",106,56.1,9
"7132","TAPI","HY",71,13.6,9
"7133","TAPI","HY",68,13.1,9
"7134","TAPI","AHY",71,14.3,9
"7135","TAPI","HY",73,13.7,9
"7136","TAPI","HY",71,13.4,9
"7137","TAPI","HY",71,12.7,9
"7138","TAPI","HY",68,12.3,9
"7139","TAPI","HY",71,12.6,9
"7140","TAPI","HY",71,12.1,9
"7141","TAPI","HY",70,12.8,9
"7142","TAPI","HY",68,12.4,9
"7143","TAPI","HY",70,NA,9
"7144","TAPI","HY",70,12.6,9
"7145","TAPI","HY",72,13,9
"7146","TAPI","AHY",66,12.2,9
"7147","TAPI","HY",71,12.5,9
"7148","TAPI","AHY",72,13.5,9
"7149","TAPI","HY",71,13.6,9
"7150","TAPI","AHY",69,11.4,9
"7151","TAPI","AHY",77,13.8,9
"7152","TAPI","HY",69,13.4,9
"7153","TAPI","HY",70,12.6,9
"7154","TAPI","AHY",72,13.9,9
"7155","TAPI","HY",73,12,9
"7156","TAPI","HY",71,13.3,9
"7157","TAPI","HY",69,13,9
"7158","TAPI","HY",72,12.9,9
"7159","TAPI","HY",68,12.1,9
"7160","TAPI","AHY",74,12.2,9
"7161","TAPI","HY",73,13.7,9
"7162","TAPI","HY",73,12.4,9
"7163","TAPI","HY",72,12.6,9
"7164","TAPI","HY",68,13,9
"7165","TAPI","HY",70,13.8,9
"7166","TAPI","AHY",75,13.9,9
"7167","TAPI","HY",72,13.2,9
"7168","DUSA","AHY",107,45.7,9
"7169","DUSA","HY",115,64.5,9
"7170","DUSA","AHY",112,53.6,9
"7171","DUSA","AHY",119,63.6,9
"7172","DUSA","HY",111,53.3,9
"7173","DUSA","HY",111,58.7,9
"7174","DUSA","AHY",119,56.6,9
"7175","DUSA","AHY",113,62,9
"7176","DUSA","AHY",116,59.6,9
"7177","DUSA","HY",111,60.6,9
"7178","DUSA","AHY",117,63.7,9
"7179","DUSA","AHY",110,58.6,9
"7180","DUSA","AHY",107,58.6,9
"7181","TAPI","HY",73,14.1,9
"7182","TAPI","HY",67,12.3,9
"7183","TAPI","AHY",73,13.7,9
"7184","TAPI","HY",70,13.9,9
"7185","TAPI","HY",72,14.1,9
"7186","TAPI","AHY",72,13.7,9
"7187","TAPI","HY",69,13.7,9
"7188","TAPI","HY",72,13.7,9
"7189","TAPI","HY",69,12.8,9
"7190","SIFL","HY",71,12.2,9
"7191","TAPI","HY",72,13.8,9
"7192","TAPI","HY",69,11.7,9
"7193","TAPI","AHY",74,13.5,9
"7194","TAPI","HY",73,14,9
"7195","SIFL","AHY",71,13.8,9
"7196","TAPI","AHY",73,12.8,9
"7197","TAPI","AHY",75,13.6,9
"7198","TAPI","HY",73,12.7,9
"7199","TAPI","HY",74,13.1,9
"7200","TAPI","HY",71,12.8,9
"7201","TAPI","HY",74,15.5,9
"7202","SIFL","AHY",73,12.8,9
"7203","TAPI","AHY",71,13,9
"7204","TAPI","HY",71,13.7,9
"7205","TAPI","AHY",75,13.3,9
"7206","TAPI","HY",70,12.9,9
"7207","TAPI","AHY",73,12.5,9
"7208","DUSA","AHY",119,68.8,9
"7209","DUSA","HY",118,59.6,9
"7210","DUSA","HY",109,59.2,9
"7211","DUSA","AHY",111,58,9
"7212","DUSA","AHY",116,65.2,9
"7213","DUSA","HY",110,59,9
"7214","DUSA","HY",117,52.5,9
"7215","JABO","HY",110,49.1,9
"7216","JABO","HY",114,53.4,9
"7217","JABO","AHY",115,49,9
"7218","JABO","HY",113,40.9,9
"7219","JABO","HY",111,49.8,9
"7220","JABO","AHY",105,48.2,9
"7221","JABO","HY",113,50,9
"7222","DUSA","AHY",106,56.4,9
"7223","DUSA","HY",114,53.7,9
"7224","DUSA","HY",114,56.2,9
"7225","DUSA","HY",113,51.1,9
"7226","DUSA","AHY",118,68.3,9
"7227","JABO","HY",104,51.5,9
"7228","JABO","AHY",109,52.4,9
"7229","JABO","HY",110,46.1,9
"7230","JABO","HY",116,59.1,9
"7231","JABO","AHY",117,53.9,9
"7232","JABO","HY",117,62.3,9
"7233","JABO","HY",110,44,9
"7234","JABO","AHY",116,49,9
"7235","JABO","HY",116,62.8,9
"7236","JABO","AHY",114,56.5,9
"7237","JABO","HY",112,51.8,9
"7238","JABO","HY",109,53.8,9
"7239","JABO","HY",110,51.1,9
"7240","JABO","HY",114,53.2,9
"7241","JABO","AHY",113,48.6,9
"7242","DUSA","HY",112,54.1,9
"7243","DUSA","AHY",115,59.1,9
"7244","DUSA","AHY",116,58.4,9
"7245","TAPI","AHY",69,13.8,9
"7246","TAPI","HY",72,12.6,9
"7247","TAPI","HY",69,14.3,9
"7248","TAPI","AHY",72,13.6,9
"7249","TAPI","HY",71,13.6,9
"7250","TAPI","HY",72,13.1,9
"7251","TAPI","HY",71,14.4,9
"7252","TAPI","HY",69,12.1,9
"7253","TAPI","HY",70,14,9
"7254","TAPI","HY",70,12.2,9
"7255","TAPI","AHY",69,12.9,9
"7256","TAPI","HY",73,13.3,9
"7257","TAPI","HY",72,13.2,9
"7258","TAPI","HY",71,12.6,9
"7259","TAPI","HY",71,13.8,9
"7260","TAPI","HY",74,14,9
"7261","TAPI","HY",71,12.7,9
"7262","TAPI","AHY",71,12.8,9
"7263","TAPI","HY",72,14,9
"7264","TAPI","HY",72,12.8,9
"7265","TAPI","HY",69,12.5,9
"7266","TAPI","HY",72,13.4,9
"7267","TAPI","HY",68,13.5,9
"7268","TAPI","HY",69,12.5,9
"7269","SIFL","HY",71,13.8,9
"7270","TAPI","HY",73,13.7,9
"7271","TAPI","HY",70,12.8,9
"7272","TAPI","HY",73,12.1,9
"7273","TAPI","HY",69,13,9
"7274","TAPI","HY",69,12.4,9
"7275","TAPI","HY",71,13,9
"7276","TAPI","AHY",72,13.8,9
"7277","TAPI","HY",68,12.9,9
"7278","TAPI","AHY",72,13.7,9
"7279","TAPI","HY",70,13,9
"7280","TAPI","HY",69,13.2,9
"7281","TAPI","HY",71,13,9
"7282","TAPI","HY",74,12.7,9
"7283","TAPI","HY",71,13,9
"7284","TAPI","HY",73,12.6,9
"7285","TAPI","HY",72,12,9
"7286","TAPI","HY",72,14,9
"7287","TAPI","HY",69,12.3,9
"7288","TAPI","HY",71,12.3,9
"7289","TAPI","HY",73,13.7,9
"7290","TAPI","HY",73,13.3,9
"7291","TAPI","HY",71,13.8,9
"7292","TAPI","AHY",72,12.8,9
"7293","TAPI","AHY",70,12.3,9
"7294","TAPI","HY",68,13.5,9
"7295","TAPI","HY",69,13.6,9
"7296","TAPI","HY",74,13.8,9
"7297","TAPI","HY",75,14.3,9
"7298","TAPI","HY",69,13.1,9
"7299","TAPI","HY",69,13.3,9
"7300","TAPI","HY",70,12.8,9
"7301","TAPI","AHY",71,13.8,9
"7302","TAPI","HY",70,12.8,9
"7303","TAPI","AHY",70,13.2,9
"7304","TAPI","HY",71,13.3,9
"7305","TAPI","HY",72,12.1,9
"7306","TAPI","HY",73,13.2,9
"7307","TAPI","HY",72,13.4,9
"7308","TAPI","HY",69,12.2,9
"7309","TAPI","HY",71,12.8,9
"7310","TAPI","HY",70,12.8,9
"7311","TAPI","AHY",68,13.7,9
"7312","TAPI","HY",72,13.2,9
"7313","TAPI","HY",70,13.1,9
"7314","TAPI","AHY",69,13.2,9
"7315","TAPI","HY",70,12.8,9
"7316","TAPI","HY",74,13.6,9
"7317","TAPI","HY",70,13.8,9
"7318","TAPI","HY",69,13.8,9
"7319","TAPI","AHY",71,12.7,9
"7320","TAPI","HY",72,14.2,9
"7321","TAPI","HY",70,12.7,9
"7322","SIFL","AHY",76,14.1,9
"7323","TAPI","HY",69,13.3,9
"7324","TAPI","HY",73,12.7,9
"7325","TAPI","HY",68,11.6,9
"7326","TAPI","HY",70,13.1,9
"7327","TAPI","HY",71,12.8,9
"7328","SIFL","HY",72,12.9,9
"7329","TAPI","AHY",69,12,9
"7330","TAPI","HY",70,12.6,9
"7331","TAPI","HY",72,14.2,9
"7332","TAPI","HY",70,13.3,9
"7333","TAPI","HY",67,11.8,9
"7334","SIFL","HY",72,13.3,9
"7335","TAPI","AHY",70,12.5,9
"7336","TAPI","HY",70,13.6,9
"7337","TAPI","AHY",72,11.8,9
"7338","TAPI","HY",71,13.6,9
"7339","TAPI","AHY",74,13.3,9
"7340","TAPI","HY",74,12.8,9
"7341","TAPI","HY",72,12.8,9
"7342","TAPI","HY",69,13.1,9
"7343","TAPI","HY",75,14.4,9
"7344","TAPI","HY",71,12,9
"7345","TAPI","HY",69,12.5,9
"7346","SIFL","HY",71,12.6,9
"7347","TAPI","HY",69,12.4,9
"7348","TAPI","HY",70,14,9
"7349","TAPI","HY",72,12.7,9
"7350","TAPI","AHY",69,11.9,9
"7351","TAPI","HY",70,13.5,9
"7352","TAPI","HY",69,11.5,9
"7353","TAPI","HY",74,13.4,9
"7354","TAPI","HY",69,12.9,9
"7355","TAPI","HY",73,12.2,9
"7356","TAPI","HY",68,14.3,9
"7357","TAPI","AHY",70,13.2,9
"7358","TAPI","HY",72,13.6,9
"7359","TAPI","HY",71,13,9
"7360","TAPI","HY",71,13.5,9
"7361","TAPI","HY",68,14.3,9
"7362","TAPI","AHY",73,13.2,9
"7363","TAPI","AHY",72,13,9
"7364","TAPI","HY",67,12.8,9
"7365","TAPI","AHY",71,12.4,9
"7366","TAPI","AHY",71,12.7,9
"7367","TAPI","HY",71,12.7,9
"7368","TAPI","HY",72,14,9
"7369","TAPI","HY",74,13,9
"7370","TAPI","HY",72,12.8,9
"7371","TAPI","HY",69,13.1,9
"7372","TAPI","HY",71,13.1,9
"7373","TAPI","HY",71,12.8,9
"7374","TAPI","HY",68,12.9,9
"7375","TAPI","HY",72,13.6,9
"7376","TAPI","HY",69,13.4,9
"7377","TAPI","AHY",74,13.6,9
"7378","TAPI","AHY",71,14.5,9
"7379","TAPI","HY",69,12.3,9
"7380","TAPI","AHY",72,14.2,9
"7381","TAPI","HY",72,13.1,9
"7382","TAPI","HY",70,14.1,9
"7383","TAPI","HY",69,13.1,9
"7384","TAPI","HY",68,12.8,9
"7385","TAPI","HY",70,13,9
"7386","SIFL","HY",74,14,9
"7387","SIFL","HY",72,14.3,9
"7388","TAPI","HY",70,12.9,9
"7389","TAPI","HY",73,13.2,9
"7390","TAPI","HY",72,13.4,9
"7391","DUSA","AHY",112,63.5,9
"7392","DUSA","AHY",113,60.5,9
"7393","DUSA","HY",114,53.5,9
"7394","DUSA","AHY",117,57.7,9
"7395","DUSA","AHY",115,62.5,9
"7396","DUSA","HY",111,60.9,9
"7397","DUSA","HY",114,63.6,9
"7398","DUSA","AHY",114,62.8,9
"7399","DUSA","HY",113,61.6,9
"7400","DUSA","HY",109,52.6,9
"7401","DUSA","AHY",114,60,9
"7402","DUSA","AHY",111,53,9
"7403","DUSA","AHY",111,51.6,9
"7404","DUSA","HY",112,51.7,9
"7405","DUSA","HY",116,60.7,9
"7406","DUSA","AHY",112,58,9
"7407","DUSA","HY",105,53.7,9
"7408","DUSA","AHY",114,59,9
"7409","DUSA","HY",107,55.8,9
"7410","DUSA","HY",112,54.5,9
"7411","DUSA","AHY",116,63,9
"7412","DUSA","HY",112,53.8,9
"7413","DUSA","AHY",117,59.3,9
"7414","DUSA","AHY",112,60.7,9
"7415","DUSA","HY",114,57.8,9
"7416","DUSA","AHY",116,59.5,9
"7417","DUSA","HY",108,53.7,9
"7418","JABO","AHY",108,50.4,9
"7419","JABO","AHY",107,57.4,9
"7420","DUSA","HY",106,56.4,9
"7421","DUSA","HY",113,55.6,9
"7422","DUSA","AHY",111,59.1,9
"7423","DUSA","HY",109,51.2,9
"7424","DUSA","AHY",119,59.5,9
"7425","DUSA","AHY",111,56.5,9
"7426","JABO","HY",116,52.7,9
"7427","JABO","AHY",114,52.4,9
"7428","JABO","AHY",109,52.6,9
"7429","JABO","AHY",111,48,9
"7430","JABO","HY",113,45.2,9
"7431","JABO","AHY",114,54.2,9
"7432","JABO","HY",112,55.4,9
"7433","JABO","AHY",114,57.3,9
"7434","JABO","AHY",NA,54.6,9
"7435","JABO","HY",NA,47,9
"7436","JABO","AHY",NA,48.9,9
"7437","DUSA","AHY",NA,55.9,9
"7438","DUSA","AHY",NA,52,9
"7439","DUSA","HY",NA,56.4,9
"7440","DUSA","HY",NA,66,9
"7441","DUSA","AHY",NA,61.5,9
"7442","DUSA","AHY",NA,57.4,9
"7443","DUSA","AHY",NA,58.7,9
"7444","DUSA","HY",NA,52.2,9
"7445","DUSA","HY",NA,48.1,9
"7446","JABO","HY",NA,42.8,9
"7447","JABO","HY",NA,47.5,9
"7448","JABO","HY",NA,43.8,9
"7449","JABO","AHY",114,48.2,9
"7450","DUSA","AHY",NA,56.8,9
"7451","JABO","HY",NA,53.6,9
"7452","DUSA","AHY",NA,60.6,9
"7453","DUSA","AHY",NA,61.1,9
"7454","SIFL","HY",72,14,9
"7455","SIFL","AHY",72,13,9
"7456","TAPI","AHY",70,12.3,9
"7457","TAPI","HY",72,13.7,9
"7458","TAPI","HY",71,12.6,9
"7459","TAPI","HY",69,13.2,9
"7460","TAPI","HY",72,15.1,9
"7461","TAPI","HY",69,13.6,9
"7462","TAPI","HY",73,14.1,9
"7463","TAPI","HY",69,13.6,9
"7464","TAPI","HY",71,13.3,9
"7465","TAPI","HY",71,14,9
"7466","TAPI","HY",71,14.8,9
"7467","TAPI","HY",69,12.9,9
"7468","TAPI","HY",67,13.4,9
"7469","TAPI","HY",69,13.5,9
"7470","TAPI","HY",69,13.1,9
"7471","TAPI","HY",74,12.1,9
"7472","TAPI","HY",70,12.3,9
"7473","TAPI","HY",71,13.4,9
"7474","TAPI","AHY",72,12.6,9
"7475","TAPI","HY",71,12.7,9
"7476","TAPI","HY",69,14.2,9
"7477","TAPI","HY",68,13.2,9
"7478","TAPI","HY",72,12.8,9
"7479","TAPI","HY",71,13.3,9
"7480","TAPI","AHY",74,14.7,9
"7481","TAPI","HY",71,12.5,9
"7482","TAPI","HY",70,11.5,9
"7483","TAPI","HY",71,14.5,9
"7484","TAPI","AHY",71,12.8,9
"7485","SIFL","AHY",69,12.2,9
"7486","SIFL","HY",74,14.3,9
"7487","SIFL","AHY",74,13.5,9
"7488","TAPI","HY",74,14.1,9
"7489","SIFL","AHY",71,13.3,9
"7490","TAPI","HY",72,13.8,9
"7491","TAPI","HY",69,13,9
"7492","TAPI","AHY",69,12.5,9
"7493","SIFL","HY",73,14,9
"7494","TAPI","HY",73,13.8,9
"7495","TAPI","HY",69,12.8,9
"7496","SIFL","HY",71,12.7,9
"7497","SIFL","HY",73,13.5,9
"7498","SIFL","HY",70,11.9,9
"7499","SIFL","HY",68,12.2,9
"7500","SIFL","HY",75,15,9
"7501","TAPI","HY",71,13,9
"7502","TAPI","HY",70,12.6,9
"7503","SIFL","HY",68,12.4,9
"7504","TAPI","HY",71,14.1,9
"7505","TAPI","AHY",69,13.9,9
"7506","SIFL","HY",68,11.9,9
"7507","TAPI","HY",72,13.7,9
"7508","TAPI","HY",68,12.3,9
"7509","TAPI","HY",71,13.3,9
"7510","TAPI","HY",71,13.7,9
"7511","TAPI","AHY",72,12.6,9
"7512","TAPI","HY",69,12,9
"7513","TAPI","HY",70,12.7,9
"7514","TAPI","AHY",73,15.3,9
"7515","TAPI","HY",71,13,9
"7516","TAPI","HY",70,13.4,9
"7517","TAPI","HY",72,13.9,9
"7518","SIFL","HY",72,13,9
"7519","SIFL","HY",72,14.1,9
"7520","TAPI","HY",72,14.5,9
"7521","TAPI","HY",69,14.1,9
"7522","TAPI","HY",68,12.8,9
"7523","TAPI","HY",69,12.2,9
"7524","TAPI","HY",71,13.6,9
"7525","SIFL","AHY",72,13.4,9
"7526","TAPI","HY",69,13.1,9
"7527","TAPI","HY",68,11.9,9
"7528","TAPI","HY",69,12.9,9
"7529","TAPI","HY",67,13.9,9
"7530","TAPI","HY",68,14.3,9
"7531","TAPI","HY",70,14,9
"7532","TAPI","HY",72,13.5,9
"7533","TAPI","HY",71,14,9
"7534","TAPI","HY",71,13.7,9
"7535","TAPI","AHY",69,13.4,9
"7536","TAPI","HY",69,12.9,9
"7537","TAPI","HY",69,13.6,9
"7538","TAPI","HY",69,13.4,9
"7539","SIFL","HY",73,14,9
"7540","TAPI","HY",72,13.1,9
"7541","TAPI","HY",72,14,9
"7542","SIFL","HY",71,13.5,9
"7543","SIFL","HY",74,14,9
"7544","TAPI","AHY",69,13.4,9
"7545","SIFL","AHY",75,13.6,9
"7546","TAPI","HY",72,13.8,9
"7547","TAPI","HY",71,13,9
"7548","TAPI","HY",73,13,9
"7549","TAPI","HY",72,13.3,9
"7550","TAPI","HY",69,13.4,9
"7551","TAPI","HY",71,13.8,9
"7552","TAPI","HY",71,11.6,9
"7553","TAPI","HY",69,13.2,9
"7554","SIFL","HY",70,11.7,9
"7555","SIFL","AHY",72,14,9
"7556","TAPI","HY",72,12.4,9
"7557","TAPI","HY",71,11.7,9
"7558","TAPI","AHY",72,13.1,9
"7559","TAPI","HY",73,13.8,9
"7560","TAPI","HY",73,13.6,9
"7561","TAPI","HY",72,13.1,9
"7562","TAPI","HY",70,12.7,9
"7563","TAPI","HY",71,13.7,9
"7564","TAPI","HY",72,11.9,9
"7565","TAPI","HY",72,12.9,9
"7566","TAPI","HY",72,13.7,9
"7567","TAPI","AHY",72,14.3,9
"7568","TAPI","HY",69,13.9,9
"7569","TAPI","HY",69,12.6,9
"7570","TAPI","HY",72,13.4,9
"7571","TAPI","HY",69,13.3,9
"7572","TAPI","HY",67,12.7,9
"7573","TAPI","HY",69,13,9
"7574","TAPI","HY",70,13.4,9
"7575","TAPI","HY",72,13.6,9
"7576","TAPI","HY",72,13.1,9
"7577","TAPI","HY",72,13.1,9
"7578","TAPI","HY",72,14,9
"7579","SIFL","HY",72,12.9,9
"7580","TAPI","HY",69,12.9,9
"7581","TAPI","HY",71,13.7,9
"7582","TAPI","HY",71,13.6,9
"7583","TAPI","HY",72,15.5,9
"7584","SIFL","HY",70,13.1,9
"7585","TAPI","HY",72,13.5,9
"7586","TAPI","HY",70,12.7,9
"7587","TAPI","HY",69,14.1,9
"7588","TAPI","HY",70,13.6,9
"7589","TAPI","HY",68,13.4,9
"7590","TAPI","HY",NA,14.2,9
"7591","TAPI","HY",NA,12.2,9
"7592","TAPI","HY",NA,12.7,9
"7593","TAPI","HY",NA,14.8,9
"7594","TAPI","HY",NA,12.6,9
"7595","TAPI","HY",NA,12.5,9
"7596","TAPI","AHY",NA,12.8,9
"7597","TAPI","HY",NA,12.54,9
"7598","TAPI","HY",NA,13,9
"7599","TAPI","HY",NA,13.2,9
"7600","TAPI","HY",NA,12.7,9
"7601","TAPI","AHY",NA,12.6,9
"7602","TAPI","HY",NA,13.2,9
"7603","TAPI","AHY",NA,13.2,9
"7604","TAPI","HY",NA,11.9,9
"7605","TAPI","HY",NA,14,9
"7606","SIFL","AHY",NA,13,9
"7607","TAPI","HY",NA,13.2,9
"7608","TAPI","HY",NA,14.2,9
"7609","SIFL","HY",NA,11.9,9
"7610","TAPI","AHY",NA,12.1,9
"7611","TAPI","HY",NA,12.5,9
"7612","TAPI","HY",NA,13.1,9
"7613","SIFL","HY",NA,13.3,9
"7614","TAPI","HY",NA,12.9,9
"7615","TAPI","HY",NA,12.3,9
"7616","TAPI","HY",NA,12.6,9
"7617","TAPI","HY",NA,13.6,9
"7618","TAPI","HY",NA,12.8,9
"7619","TAPI","HY",NA,12.4,9
"7620","TAPI","HY",NA,13.8,9
"7621","TAPI","HY",NA,13.1,9
"7622","TAPI","HY",NA,13.2,9
"7623","SIFL","HY",NA,11.8,9
"7624","TAPI","HY",NA,12.9,9
"7625","TAPI","HY",NA,13,9
"7626","TAPI","HY",NA,13.6,9
"7627","SIFL","HY",NA,13,9
"7628","SIFL","HY",NA,13.2,9
"7629","TAPI","HY",NA,13.1,9
"7630","TAPI","HY",NA,12.2,9
"7631","SIFL","HY",NA,12.7,9
"7632","SIFL","HY",NA,13.3,9
"7633","SIFL","HY",NA,13.7,9
"7634","SIFL","AHY",NA,14.1,9
"7635","TAPI","HY",NA,14,9
"7636","TAPI","HY",NA,13.5,9
"7637","TAPI","HY",NA,12.6,9
"7638","TAPI","HY",NA,13.3,9
"7639","TAPI","HY",NA,12.1,9
"7640","TAPI","HY",NA,13.1,9
"7641","TAPI","HY",NA,13.6,9
"7642","TAPI","HY",NA,12.1,9
"7643","TAPI","HY",NA,12.5,9
"7644","TAPI","AHY",NA,12.4,9
"7645","SIFL","AHY",NA,12.4,9
"7646","SIFL","AHY",NA,12.5,9
"7647","TAPI","HY",NA,12.6,9
"7648","SIFL","HY",NA,12.6,9
"7649","TAPI","HY",NA,15.5,9
"7650","TAPI","HY",NA,12.8,9
"7651","TAPI","HY",NA,14.1,9
"7652","TAPI","HY",NA,13.7,9
"7653","TAPI","HY",NA,12.7,9
"7654","SIFL","AHY",NA,12.2,9
"7655","SIFL","HY",NA,13.1,9
"7656","TAPI","HY",NA,12.6,9
"7657","TAPI","HY",NA,14.3,9
"7658","TAPI","AHY",NA,13,9
"7659","TAPI","HY",NA,14.8,9
"7660","TAPI","HY",NA,11.1,9
"7661","TAPI","AHY",NA,13,9
"7662","TAPI","HY",NA,13.2,9
"7663","TAPI","HY",NA,13.5,9
"7664","TAPI","HY",NA,13,9
"7665","TAPI","AHY",NA,13.3,9
"7666","TAPI","HY",NA,13.3,9
"7667","TAPI","HY",NA,13.1,9
"7668","TAPI","HY",NA,13.5,9
"7669","TAPI","AHY",NA,13.8,9
"7670","TAPI","AHY",NA,13.7,9
"7671","TAPI","HY",NA,13.5,9
"7672","TAPI","HY",NA,12.7,9
"7673","TAPI","HY",NA,14.8,9
"7674","TAPI","HY",NA,13,9
"7675","TAPI","HY",NA,11.9,9
"7676","TAPI","HY",NA,13.1,9
"7677","TAPI","HY",NA,12.9,9
"7678","TAPI","AHY",NA,13.5,9
"7679","TAPI","HY",NA,13,9
"7680","TAPI","HY",NA,12.8,9
"7681","SIFL","HY",NA,13.1,9
"7682","TAPI","HY",NA,13.1,9
"7683","TAPI","HY",NA,13.1,9
"7684","TAPI","HY",NA,13.3,9
"7685","TAPI","HY",NA,12.7,9
"7686","TAPI","HY",NA,12.8,9
"7687","TAPI","HY",NA,12.5,9
"7688","TAPI","AHY",NA,13,9
"7689","TAPI","HY",NA,12.1,9
"7690","TAPI","HY",NA,12.9,9
"7691","TAPI","HY",NA,13.2,9
"7692","TAPI","HY",NA,13,9
"7693","TAPI","HY",NA,12.3,9
"7694","TAPI","HY",NA,13.5,9
"7695","TAPI","HY",NA,12.5,9
"7696","SIFL","AHY",NA,13.1,9
"7697","TAPI","AHY",NA,13.1,9
"7698","TAPI","HY",NA,13.1,9
"7699","TAPI","HY",NA,13.5,9
"7700","TAPI","HY",NA,12.5,9
"7701","TAPI","HY",NA,12.3,9
"7702","TAPI","HY",NA,12.6,9
"7703","TAPI","AHY",NA,12.9,9
"7704","TAPI","HY",NA,12.7,9
"7705","TAPI","AHY",NA,12.2,9
"7706","TAPI","HY",NA,13.6,9
"7707","SIFL","AHY",NA,13.3,9
"7708","SIFL","HY",NA,12.2,9
"7709","TAPI","HY",NA,12.8,9
"7710","TAPI","HY",NA,13.9,9
"7711","TAPI","HY",NA,13.1,9
"7712","SIFL","HY",NA,11.8,9
"7713","SIFL","HY",NA,12,9
"7714","SIFL","AHY",NA,13,9
"7715","TAPI","HY",NA,13.1,9
"7716","SIFL","HY",NA,12.4,9
"7717","SIFL","HY",NA,13.3,9
"7718","SIFL","HY",NA,12.3,9
"7719","TAPI","HY",NA,13.3,9
"7720","TAPI","HY",NA,13,9
"7721","TAPI","HY",NA,13.7,9
"7722","TAPI","HY",NA,12.3,9
"7723","TAPI","HY",NA,13.3,9
"7724","TAPI","HY",NA,12.3,9
"7725","TAPI","HY",NA,13.3,9
"7726","TAPI","HY",NA,13.9,9
"7727","TAPI","HY",NA,13.9,9
"7728","TAPI","HY",NA,13.1,9
"7729","TAPI","HY",NA,13.9,9
"7730","TAPI","HY",NA,13.8,9
"7731","TAPI","HY",NA,16.2,9
"7732","TAPI","HY",NA,13.6,9
"7733","TAPI","HY",NA,12.1,9
"7734","TAPI","HY",NA,12.2,9
"7735","TAPI","HY",NA,12.6,9
"7736","TAPI","HY",NA,12.2,9
"7737","TAPI","HY",NA,14.5,9
"7738","TAPI","HY",NA,12.5,9
"7739","TAPI","HY",NA,14.9,9
"7740","TAPI","HY",NA,13.1,9
"7741","TAPI","HY",NA,13.7,9
"7742","TAPI","HY",NA,13.2,9
"7743","TAPI","AHY",NA,13.3,9
"7744","TAPI","HY",NA,12.5,9
"7745","SIFL","HY",NA,13.1,9
"7746","SIFL","HY",NA,11.4,9
"7747","SIFL","AHY",NA,11.7,9
"7748","SIFL","HY",NA,12.4,9
"7749","SIFL","HY",NA,13.7,9
"7750","SIFL","AHY",NA,11.4,9
"7751","SIFL","HY",NA,12,9
"7752","SIFL","HY",NA,12.9,9
"7753","TAPI","HY",NA,12.8,9
"7754","SIFL","AHY",NA,12.5,9
"7755","TAPI","HY",NA,13.4,9
"7756","TAPI","HY",NA,12.8,9
"7757","SIFL","HY",NA,11.7,9
"7758","TAPI","AHY",NA,13.7,9
"7759","TAPI","HY",NA,13.3,9
"7760","TAPI","HY",NA,12.9,9
"7761","TAPI","HY",NA,14.1,9
"7762","TAPI","HY",NA,14.1,9
"7763","TAPI","HY",NA,12.3,9
"7764","SIFL","HY",NA,13.8,9
"7765","SIFL","HY",NA,12.4,9
"7766","SIFL","HY",NA,14.5,9
"7767","SIFL","HY",NA,11.9,9
"7768","SIFL","HY",NA,11.8,9
"7769","SIFL","AHY",73,13.1,9
"7770","TAPI","HY",NA,13,9
"7771","SIFL","HY",NA,12.5,9
"7772","SIFL","HY",NA,13.1,9
"7773","SIFL","HY",NA,11.9,9
"7774","TAPI","AHY",NA,11.8,9
"7775","TAPI","HY",NA,13.9,9
"7776","TAPI","AHY",NA,12.9,9
"7777","TAPI","HY",NA,14,9
"7778","TAPI","HY",NA,12.3,9
"7779","TAPI","HY",NA,14.1,9
"7780","TAPI","AHY",NA,13.1,9
"7781","TAPI","HY",NA,13.4,9
"7782","TAPI","HY",NA,13.8,9
"7783","TAPI","HY",NA,13.1,9
"7784","TAPI","HY",NA,13.8,9
"7785","TAPI","HY",NA,13.6,9
"7786","TAPI","HY",NA,NA,9
"7787","TAPI","AHY",NA,13.8,9
"7788","TAPI","HY",NA,15.1,9
"7789","TAPI","HY",NA,13.3,9
"7790","TAPI","HY",NA,11,9
"7791","TAPI","HY",NA,14.2,9
"7792","TAPI","HY",NA,13.4,9
"7793","TAPI","HY",NA,13.1,9
"7794","SIFL","HY",NA,13.3,9
"7795","TAPI","HY",NA,13.2,9
"7796","SIFL","HY",NA,13.3,9
"7797","TAPI","HY",NA,13.6,9
"7798","SIFL","HY",NA,12.9,9
"7799","SIFL","HY",NA,13.8,9
"7800","SIFL","HY",NA,12.5,9
"7801","TAPI","HY",NA,12.8,9
"7802","TAPI","AHY",NA,13.3,9
"7803","TAPI","HY",NA,12.3,9
"7804","TAPI","HY",NA,13.3,9
"7805","JABO","AHY",117,58.6,9
"7806","JABO","AHY",115,54.3,9
"7807","DUSA","HY",109,52.7,9
"7808","JABO","AHY",107,58.2,9
"7809","JABO","HY",112,51.3,9
"7810","JABO","AHY",115,55.2,9
"7811","JABO","HY",113,48.9,9
"7812","JABO","AHY",109,52.5,9
"7813","JABO","HY",114,59.2,9
"7814","DUSA","HY",109,57.5,9
"7815","DUSA","AHY",113,59.9,9
"7816","JABO","AHY",107,44.9,9
"7817","JABO","AHY",114,51.5,9
"7818","JABO","AHY",110,49.8,9
"7819","JABO","HY",109,54.3,9
"7820","JABO","HY",116,56.5,9
"7821","DUSA","AHY",110,58.5,9
"7822","DUSA","AHY",115,62.5,9
"7823","DUSA","AHY",114,63.8,9
"7824","JABO","HY",110,45.6,9
"7825","DUSA","AHY",108,56.2,9
"7826","DUSA","HY",114,63.2,9
"7827","DUSA","AHY",119,61.4,9
"7828","DUSA","AHY",117,61.2,9
"7829","JABO","AHY",112,52.4,9
"7830","JABO","AHY",112,53.3,9
"7831","JABO","HY",113,48.6,9
"7832","DUSA","HY",115,58.8,9
"7833","DUSA","AHY",117,60.7,9
"7834","DUSA","AHY",118,59.7,9
"7835","DUSA","AHY",115,58.1,9
"7836","DUSA","HY",113,63.3,9
"7837","DUSA","AHY",113,59.5,9
"7838","JABO","AHY",109,NA,9
"7839","JABO","AHY",113,NA,9
"7840","JABO","HY",115,NA,9
"7841","JABO","HY",115,NA,9
"7842","JABO","HY",116,NA,9
"7843","JABO","HY",103,NA,9
"7844","JABO","AHY",108,NA,9
"7845","JABO","HY",112,NA,9
"7846","JABO","AHY",103,NA,9
"7847","JABO","AHY",115,NA,9
"7848","JABO","HY",114,NA,9
"7849","TAPI","HY",74,14,9
"7850","TAPI","HY",71,12.5,9
"7851","TAPI","HY",72,12.5,9
"7852","TAPI","HY",73,13.3,9
"7853","TAPI","HY",75,13.7,9
"7854","TAPI","HY",71,12.8,9
"7855","TAPI","AHY",72,13.7,9
"7856","TAPI","HY",69,14,9
"7857","TAPI","HY",70,12.2,9
"7858","TAPI","AHY",69,12.3,9
"7859","TAPI","HY",68,12.6,9
"7860","TAPI","HY",69,13.2,9
"7861","TAPI","HY",71,12.7,9
"7862","TAPI","HY",68,12.7,9
"7863","TAPI","HY",72,12.2,9
"7864","TAPI","HY",69,13.1,9
"7865","TAPI","HY",71,13.2,9
"7866","TAPI","AHY",68,12.4,9
"7867","TAPI","HY",74,13.9,9
"7868","TAPI","HY",68,11.9,9
"7869","TAPI","HY",68,13.4,9
"7870","TAPI","HY",68,13.3,9
"7871","TAPI","HY",70,13.5,9
"7872","TAPI","HY",70,13.8,9
"7873","TAPI","AHY",72,12.8,9
"7874","TAPI","HY",69,11.6,9
"7875","TAPI","HY",70,13.5,9
"7876","TAPI","HY",72,13.5,9
"7877","TAPI","HY",72,13.4,9
"7878","TAPI","HY",74,14.6,9
"7879","TAPI","AHY",64,13.4,9
"7880","TAPI","HY",72,13.5,9
"7881","TAPI","HY",69,13.4,9
"7882","TAPI","HY",74,13.5,9
"7883","TAPI","AHY",68,13.1,9
"7884","TAPI","HY",69,13.7,9
"7885","SIFL","HY",71,12,9
"7886","TAPI","HY",72,12,9
"7887","TAPI","HY",72,13.7,9
"7888","TAPI","HY",73,13,9
"7889","TAPI","HY",74,14.3,9
"7890","TAPI","HY",69,12.9,9
"7891","TAPI","AHY",73,13.4,9
"7892","TAPI","HY",69,13.2,9
"7893","TAPI","HY",68,12.1,9
"7894","TAPI","HY",71,13.4,9
"7895","SIFL","HY",75,12.1,9
"7896","TAPI","HY",72,12.8,9
"7897","TAPI","HY",69,13.1,9
"7898","TAPI","AHY",71,13.6,9
"7899","SIFL","AHY",71,14.1,9
"7900","TAPI","HY",65,11.9,9
"7901","TAPI","HY",NA,14.5,9
"7902","SIFL","HY",69,12.1,9
"7903","SIFL","HY",72,12.3,9
"7904","TAPI","HY",74,14.2,9
"7905","TAPI","HY",76,13.3,9
"7906","TAPI","HY",74,14.4,9
"7907","TAPI","HY",70,13.4,9
"7908","TAPI","AHY",69,12,9
"7909","TAPI","HY",70,12.6,9
"7910","TAPI","HY",68,13.6,9
"7911","TAPI","HY",70,14.8,9
"7912","TAPI","HY",69,12.8,9
"7913","TAPI","HY",71,14.7,9
"7914","TAPI","HY",69,13.2,9
"7915","TAPI","HY",69,12.9,9
"7916","TAPI","HY",71,13.8,9
"7917","TAPI","HY",73,13.7,9
"7918","TAPI","HY",69,12.9,9
"7919","TAPI","HY",70,13.1,9
"7920","TAPI","HY",69,13.5,9
"7921","SIFL","HY",70,11.6,9
"7922","TAPI","HY",74,13.7,9
"7923","TAPI","HY",67,12,9
"7924","TAPI","HY",68,12.6,9
"7925","TAPI","HY",72,12.8,9
"7926","TAPI","HY",69,12.5,9
"7927","TAPI","HY",69,13.2,9
"7928","TAPI","HY",69,12.6,9
"7929","TAPI","AHY",72,13.7,9
"7930","SIFL","HY",74,12.2,9
"7931","TAPI","AHY",69,12.6,9
"7932","SIFL","HY",73,12.2,9
"7933","SIFL","HY",68,11,9
"7934","SIFL","HY",72,12.2,9
"7935","TAPI","HY",71,13.4,9
"7936","SIFL","HY",72,11,9
"7937","TAPI","HY",70,14.4,9
"7938","TAPI","AHY",68,12.4,9
"7939","TAPI","HY",72,14.6,9
"7940","TAPI","HY",73,13.1,9
"7941","SIFL","HY",69,11.9,9
"7942","SIFL","HY",68,12,9
"7943","SIFL","HY",74,12.3,9
"7944","TAPI","HY",74,13.1,9
"7945","TAPI","HY",72,12.9,9
"7946","TAPI","HY",70,14.7,9
"7947","TAPI","HY",75,15.7,9
"7948","TAPI","HY",70,13.7,9
"7949","TAPI","HY",72,13.8,9
"7950","TAPI","HY",67,12.7,9
"7951","TAPI","HY",69,14.2,9
"7952","TAPI","AHY",70,12.9,9
"7953","TAPI","AHY",72,14.3,9
"7954","TAPI","HY",71,15.7,9
"7955","TAPI","HY",74,13.3,9
"7956","TAPI","HY",70,13.8,9
"7957","TAPI","HY",69,13.7,9
"7958","TAPI","HY",71,13.3,9
"7959","TAPI","HY",70,13.6,9
"7960","TAPI","HY",68,13.6,9
"7961","TAPI","HY",68,14.7,9
"7962","TAPI","HY",70,13.1,9
"7963","TAPI","HY",70,15,9
"7964","TAPI","HY",68,11.8,9
"7965","SIFL","HY",69,12.8,9
"7966","TAPI","HY",70,13.2,9
"7967","TAPI","HY",71,12.8,9
"7968","TAPI","HY",71,13.8,9
"7969","TAPI","HY",72,12.9,9
"7970","TAPI","HY",75,13.3,9
"7971","TAPI","HY",68,13.5,9
"7972","TAPI","AHY",72,12.4,9
"7973","TAPI","HY",70,14.1,9
"7974","TAPI","HY",69,14.2,9
"7975","TAPI","HY",71,13.8,9
"7976","TAPI","HY",73,14.5,9
"7977","SIFL","AHY",70,11.4,9
"7978","TAPI","HY",69,14.1,9
"7979","TAPI","HY",68,12.5,9
"7980","SIFL","HY",73,12,9
"7981","TAPI","HY",68,13.1,9
"7982","TAPI","HY",67,12,9
"7983","TAPI","HY",71,13.7,9
"7984","SIFL","HY",74,12.9,9
"7985","TAPI","HY",74,14.7,9
"7986","TAPI","HY",71,13.1,9
"7987","SIFL","HY",72,13.3,9
"7988","TAPI","HY",68,11.8,9
"7989","TAPI","HY",69,13.3,9
"7990","TAPI","HY",72,12.3,9
"7991","TAPI","HY",68,13.3,9
"7992","TAPI","HY",70,12.7,9
"7993","SIFL","HY",76,14,9
"7994","TAPI","HY",71,12.9,9
"7995","SIFL","HY",69,13,9
"7996","SIFL","HY",71,13.5,9
"7997","TAPI","HY",71,13.2,9
"7998","TAPI","HY",72,13.8,9
"7999","TAPI","HY",74,13.6,9
"8000","SIFL","HY",71,12.8,9
"8001","TAPI","HY",70,12.3,9
"8002","TAPI","HY",71,14.1,9
"8003","TAPI","HY",71,14.1,9
"8004","TAPI","HY",71,13,9
"8005","TAPI","HY",72,14.2,9
"8006","TAPI","HY",70,13.4,9
"8007","SIFL","AHY",73,13.1,9
"8008","TAPI","HY",71,13.4,9
"8009","TAPI","HY",70,13.7,9
"8010","TAPI","HY",70,13.1,9
"8011","SIFL","AHY",72,13.4,9
"8012","TAPI","HY",70,14,9
"8013","TAPI","HY",71,12.8,9
"8014","TAPI","HY",71,13,9
"8015","TAPI","HY",72,13.3,9
"8016","TAPI","HY",71,13.2,9
"8017","TAPI","AHY",73,14.3,9
"8018","TAPI","HY",69,13.2,9
"8019","TAPI","HY",71,13.9,9
"8020","TAPI","HY",72,13.5,9
"8021","TAPI","HY",71,13.3,9
"8022","TAPI","HY",71,12.8,9
"8023","TAPI","HY",74,14,9
"8024","TAPI","HY",71,13.7,9
"8025","TAPI","HY",72,12.4,9
"8026","TAPI","AHY",69,13.1,9
"8027","TAPI","HY",71,14.6,9
"8028","SIFL","AHY",70,13.2,9
"8029","JABO","AHY",111,50.3,9
"8030","DUSA","AHY",112,61.3,9
"8031","JABO","HY",109,52.4,9
"8032","JABO","HY",111,51.5,9
"8033","JABO","HY",119,54.7,9
"8034","JABO","AHY",111,57.2,9
"8035","JABO","AHY",108,45.8,9
"8036","JABO","AHY",107,50.1,9
"8037","JABO","HY",113,47.5,9
"8038","DUSA","HY",115,59,9
"8039","DUSA","HY",109,60.9,9
"8040","DUSA","HY",112,58.8,9
"8041","DUSA","HY",109,58.2,9
"8042","DUSA","AHY",109,59.7,9
"8043","DUSA","AHY",112,64.2,9
"8044","DUSA","AHY",115,66.9,9
"8045","JABO","AHY",114,53.5,9
"8046","JABO","AHY",110,57.1,9
"8047","JABO","HY",113,61.4,9
"8048","JABO","AHY",113,55.9,9
"8049","DUSA","AHY",108,49.6,9
"8050","DUSA","HY",115,53.4,9
"8051","JABO","AHY",108,58.8,9
"8052","DUSA","AHY",119,59.7,9
"8053","DUSA","AHY",123,62.8,9
"8054","DUSA","AHY",113,62.2,9
"8055","JABO","AHY",118,56.6,9
"8056","JABO","AHY",111,62.3,9
"8057","JABO","AHY",114,47.7,9
"8058","DUSA","AHY",NA,65.7,9
"8059","DUSA","AHY",NA,58.3,9
"8060","DUSA","AHY",NA,56.9,9
"8061","DUSA","AHY",NA,55.3,9
"8062","DUSA","AHY",122,61.4,9
"8063","DUSA","HY",NA,56.8,9
"8064","DUSA","AHY",NA,54.5,9
"8065","JABO","AHY",NA,52.6,9
"8066","DUSA","AHY",NA,58.2,9
"8067","DUSA","HY",NA,60.2,9
"8068","JABO","HY",NA,49.8,9
"8069","DUSA","AHY",NA,57,9
"8070","DUSA","HY",NA,51.1,9
"8071","JABO","AHY",114,59.3,9
"8072","JABO","AHY",NA,51.3,9
"8073","DUSA","HY",NA,57,9
"8074","DUSA","HY",NA,61.4,9
"8075","DUSA","HY",NA,49.8,9
"8076","JABO","HY",115,55.1,9
"8077","DUSA","HY",NA,65.2,9
"8078","SIFL","AHY",69,14.5,9
"8079","SIFL","AHY",74,NA,9
"8080","SIFL","HY",71,13.7,9
"8081","SIFL","HY",72,13.1,9
"8082","SIFL","HY",76,13.5,9
"8083","SIFL","AHY",76,13.4,9
"8084","SIFL","HY",72,13.9,9
"8085","SIFL","HY",72,12.3,9
"8086","SIFL","HY",77,13.6,9
"8087","SIFL","HY",71,12.9,9
"8088","SIFL","AHY",73,12.1,9
"8089","TAPI","HY",69,13.6,9
"8090","SIFL","AHY",75,13.1,9
"8091","SIFL","HY",73,13,9
"8092","SIFL","HY",72,13.9,9
"8093","SIFL","AHY",71,13.4,9
"8094","SIFL","AHY",74,13.1,9
"8095","SIFL","AHY",73,13.1,9
"8096","SIFL","HY",72,11.8,9
"8097","SIFL","HY",70,10.8,9
"8098","SIFL","AHY",71,10.8,9
"8099","SIFL","AHY",70,13,9
"8100","SIFL","AHY",71,13.6,9
"8101","SIFL","HY",71,13,9
"8102","SIFL","HY",71,11.6,9
"8103","SIFL","AHY",74,13.5,9
"8104","SIFL","HY",70,14.3,9
"8105","SIFL","HY",74,13.7,9
"8106","SIFL","HY",65,11.1,9
"8107","SIFL","AHY",NA,13,9
"8108","SIFL","HY",NA,12.7,9
"8109","SIFL","HY",NA,12.6,9
"8110","SIFL","HY",NA,12.5,9
"8111","SIFL","HY",NA,12.2,9
"8112","SIFL","AHY",NA,14.1,9
"8113","SIFL","HY",NA,11.9,9
"8114","SIFL","HY",NA,13.9,9
"8115","TAPI","HY",NA,14.7,9
"8116","SIFL","HY",NA,13.1,9
"8117","SIFL","AHY",73,13.3,9
"8118","TAPI","AHY",NA,12.8,9
"8119","SIFL","HY",NA,13.1,9
"8120","TAPI","AHY",NA,13.1,9
"8121","SIFL","HY",NA,13.4,9
"8122","SIFL","HY",NA,12.8,9
"8123","TAPI","HY",NA,12.9,9
"8124","SIFL","AHY",NA,12.8,9
"8125","SIFL","HY",NA,12.2,9
"8126","SIFL","AHY",NA,14.1,9
"8127","SIFL","HY",NA,12.2,9
"8128","SIFL","HY",NA,12,9
"8129","SIFL","HY",NA,15.3,9
"8130","SIFL","HY",NA,12.8,9
"8131","SIFL","AHY",NA,13.2,9
"8132","SIFL","HY",NA,10.6,9
"8133","SIFL","HY",NA,12.3,9
"8134","SIFL","HY",NA,14.3,9
"8135","SIFL","AHY",75,13.5,9
"8136","SIFL","AHY",NA,14,9
"8137","SIFL","AHY",NA,13.2,9
"8138","TAPI","HY",NA,13.5,9
"8139","SIFL","HY",NA,12.8,9
"8140","SIFL","HY",NA,13.8,9
"8141","SIFL","HY",NA,12.4,9
"8142","SIFL","HY",NA,NA,9
"8143","SIFL","AHY",NA,13.1,9
"8144","SIFL","HY",NA,14.7,9
"8145","SIFL","HY",NA,10.9,9
"8146","SIFL","HY",NA,12.2,9
"8147","SIFL","HY",NA,11.8,9
"8148","SIFL","AHY",NA,13.1,9
"8149","SIFL","HY",NA,12.9,9
"8150","SIFL","HY",NA,11.8,9
"8151","TAPI","HY",NA,12.4,9
"8152","TAPI","HY",NA,12.7,9
"8153","SIFL","HY",NA,14.3,9
"8154","SIFL","HY",NA,11.9,9
"8155","SIFL","HY",NA,11.9,9
"8156","SIFL","HY",NA,12,9
"8157","SIFL","AHY",NA,12.3,9
"8158","SIFL","HY",NA,12,9
"8159","SIFL","HY",NA,NA,9
"8160","TAPI","HY",73,13.3,9
"8161","SIFL","AHY",NA,12.1,9
"8162","SIFL","HY",NA,12.6,9
"8163","TAPI","HY",NA,12.2,9
"8164","SIFL","HY",NA,13.2,9
"8165","SIFL","HY",71,11.2,9
"8166","SIFL","HY",NA,13.2,9
"8167","SIFL","HY",NA,12,9
"8168","TAPI","AHY",NA,13.5,9
"8169","SIFL","HY",NA,12,9
"8170","SIFL","AHY",NA,14.1,9
"8171","TAPI","HY",NA,13.5,9
"8172","SIFL","HY",NA,13.4,9
"8173","TAPI","HY",NA,12.9,9
"8174","SIFL","HY",NA,12.4,9
"8175","SIFL","AHY",NA,12.5,9
"8176","SIFL","HY",NA,12.6,9
"8177","SIFL","HY",NA,11.5,9
"8178","SIFL","HY",NA,14.1,9
"8179","TAPI","AHY",NA,14,9
"8180","SIFL","HY",NA,12.4,9
"8181","TAPI","HY",NA,13.4,9
"8182","SIFL","HY",NA,14.4,9
"8183","SIFL","HY",NA,12.6,9
"8184","SIFL","HY",NA,12.2,9
"8185","SIFL","HY",NA,11,9
"8186","SIFL","HY",NA,13.4,9
"8187","SIFL","HY",NA,13.1,9
"8188","SIFL","HY",NA,13.8,9
"8189","SIFL","AHY",NA,12.4,9
"8190","SIFL","AHY",NA,12.5,9
"8191","SIFL","HY",NA,14.2,9
"8192","SIFL","HY",NA,13,9
"8193","SIFL","AHY",NA,13.1,9
"8194","SIFL","HY",NA,11.7,9
"8195","SIFL","AHY",NA,15.3,9
"8196","TAPI","HY",NA,14.3,9
"8197","SIFL","HY",NA,11.2,9
"8198","SIFL","AHY",NA,14,9
"8199","SIFL","HY",NA,13.8,9
"8200","SIFL","HY",NA,12.1,9
"8201","SIFL","HY",NA,12.2,9
"8202","SIFL","AHY",NA,15.34,9
"8203","TAPI","HY",NA,13.5,9
"8204","SIFL","AHY",NA,13.7,9
"8205","TAPI","HY",NA,13.3,9
"8206","SIFL","HY",NA,12.8,9
"8207","TAPI","AHY",NA,13.9,9
"8208","SIFL","HY",NA,12.7,9
"8209","TAPI","HY",NA,13.8,9
"8210","TAPI","HY",NA,12.6,9
"8211","TAPI","HY",NA,14.1,9
"8212","TAPI","HY",NA,13.4,9
"8213","TAPI","HY",NA,12.8,9
"8214","TAPI","AHY",NA,12.8,9
"8215","TAPI","HY",NA,13.7,9
"8216","SIFL","HY",NA,14.2,9
"8217","SIFL","HY",NA,13.1,9
"8218","SIFL","HY",NA,13,9
"8219","TAPI","HY",NA,13.4,9
"8220","SIFL","HY",NA,14,9
"8221","TAPI","HY",NA,12.5,9
"8222","SIFL","AHY",NA,12.8,9
"8223","SIFL","HY",NA,13,9
"8224","SIFL","HY",NA,12.8,9
"8225","SIFL","HY",NA,13.3,9
"8226","SIFL","AHY",NA,13.5,9
"8227","TAPI","AHY",NA,13,9
"8228","SIFL","HY",NA,13.8,9
"8229","SIFL","HY",NA,13.8,9
"8230","TAPI","HY",NA,12.5,9
"8231","SIFL","HY",72,13.1,9
"8232","TAPI","HY",72,14.3,9
"8233","SIFL","HY",74,13.8,9
"8234","SIFL","HY",73,12.9,9
"8235","TAPI","HY",72,14,9
"8236","SIFL","HY",74,13.8,9
"8237","TAPI","HY",72,14.4,9
"8238","SIFL","AHY",NA,12.8,9
"8239","TAPI","HY",70,14.5,9
"8240","TAPI","HY",74,14.5,9
"8241","TAPI","HY",69,12.8,9
"8242","TAPI","HY",69,12.6,9
"8243","SIFL","AHY",74,13.4,9
"8244","TAPI","AHY",NA,13,9
"8245","SIFL","HY",74,13.9,9
"8246","TAPI","HY",70,15.3,9
"8247","SIFL","AHY",76,15.5,9
"8248","SIFL","AHY",72,12.4,9
"8249","TAPI","HY",73,14,9
"8250","TAPI","HY",70,14.9,9
"8251","SIFL","HY",72,13.5,9
"8252","TAPI","HY",72,14.4,9
"8253","SIFL","HY",72,13.4,9
"8254","TAPI","HY",69,13.6,9
"8255","TAPI","HY",72,12.3,9
"8256","SIFL","AHY",NA,13.9,9
"8257","TAPI","HY",74,13.5,9
"8258","SIFL","AHY",77,12.8,9
"8259","SIFL","AHY",71,12.5,9
"8260","SIFL","AHY",72,14,9
"8261","SIFL","HY",69,13.2,9
"8262","SIFL","HY",70,12.2,9
"8263","TAPI","HY",68,13.3,9
"8264","SIFL","AHY",71,12.5,9
"8265","SIFL","AHY",70,13,9
"8266","SIFL","AHY",72,15.4,9
"8267","SIFL","AHY",72,13.6,9
"8268","SIFL","AHY",72,12.9,9
"8269","SIFL","AHY",74,15.2,9
"8270","SIFL","AHY",69,13.7,9
"8271","SIFL","HY",71,12.9,9
"8272","SIFL","HY",71,14.1,9
"8273","SIFL","HY",71,13.7,9
"8274","SIFL","HY",75,13.6,9
"8275","SIFL","HY",69,12.8,9
"8276","SIFL","HY",70,13.4,9
"8277","SIFL","HY",69,13.2,9
"8278","SIFL","HY",74,13.7,9
"8279","SIFL","HY",70,13.3,9
"8280","SIFL","AHY",73,14.2,9
"8281","DUSA","HY",NA,60.2,9
"8282","JABO","HY",NA,62.9,9
"8283","JABO","AHY",NA,51.5,9
"8284","JABO","HY",NA,51.6,9
"8285","DUSA","HY",NA,50.7,9
"8286","JABO","AHY",NA,53.7,9
"8287","JABO","AHY",110,49.6,9
"8288","JABO","AHY",NA,57.3,9
"8289","JABO","AHY",108,53.7,9
"8290","JABO","AHY",NA,49.5,9
"8291","JABO","AHY",NA,59.2,9
"8292","JABO","AHY",NA,54.4,9
"8293","JABO","AHY",NA,60.7,9
"8294","JABO","AHY",NA,50.1,9
"8295","JABO","HY",NA,55.3,9
"8296","JABO","HY",NA,52.7,9
"8297","DUSA","AHY",NA,66,9
"8298","DUSA","AHY",NA,64.7,9
"8299","DUSA","AHY",NA,60,9
"8300","JABO","AHY",NA,61,9
"8301","DUSA","AHY",113,61.3,9
"8302","DUSA","HY",107,61.7,9
"8303","JABO","AHY",NA,55.4,9
"8304","JABO","AHY",NA,47.5,9
"8305","JABO","HY",NA,48.8,9
"8306","DUSA","HY",NA,53,9
"8307","DUSA","HY",NA,61.2,9
"8308","DUSA","AHY",NA,60.6,9
"8309","DUSA","HY",NA,55.8,9
"8310","DUSA","AHY",NA,53.5,9
"8311","DUSA","HY",NA,64.6,9
"8312","DUSA","HY",NA,50.5,9
"8313","DUSA","AHY",NA,64.2,9
"8314","DUSA","AHY",NA,64.4,9
"8315","DUSA","HY",NA,51.9,9
"8316","DUSA","AHY",NA,60.3,9
"8317","DUSA","HY",NA,53.2,9
"8318","DUSA","HY",NA,67.8,9
"8319","DUSA","HY",NA,60.4,9
"8320","DUSA","HY",NA,61,9
"8321","DUSA","HY",NA,56.8,9
"8322","DUSA","HY",NA,55.8,9
"8323","DUSA","AHY",123,66.8,9
"8324","DUSA","HY",117,65.8,9
"8325","SIFL","HY",73,14.3,9
"8326","SIFL","AHY",NA,13.3,9
"8327","SIFL","AHY",70,12,9
"8328","SIFL","HY",70,11.3,9
"8329","SIFL","HY",71,12.2,9
"8330","SIFL","HY",74,13.7,9
"8331","SIFL","HY",73,13.6,9
"8332","SIFL","HY",70,11.7,9
"8333","SIFL","HY",72,13,9
"8334","SIFL","HY",73,10.2,9
"8335","SIFL","AHY",78,14,9
"8336","SIFL","HY",72,15.3,9
"8337","SIFL","HY",72,13,9
"8338","SIFL","HY",71,12.4,9
"8339","SIFL","HY",73,13.2,9
"8340","SIFL","HY",74,13.2,9
"8341","SIFL","HY",70,14.2,9
"8342","SIFL","HY",69,11.4,9
"8343","SIFL","HY",70,12,9
"8344","SIFL","HY",72,12.3,9
"8345","SIFL","HY",72,13,9
"8346","SIFL","HY",72,13,9
"8347","SIFL","AHY",76,14.2,9
"8348","SIFL","HY",72,13.7,9
"8349","SIFL","HY",NA,12.1,9
"8350","SIFL","AHY",68,11.8,9
"8351","SIFL","HY",70,13.7,9
"8352","SIFL","AHY",73,14,9
"8353","SIFL","HY",72,13.3,9
"8354","SIFL","AHY",72,13.6,9
"8355","SIFL","AHY",74,14.6,9
"8356","SIFL","AHY",75,15.6,9
"8357","SIFL","HY",73,13.4,9
"8358","SIFL","AHY",76,17.1,9
"8359","TAPI","AHY",70,14.2,9
"8360","SIFL","HY",70,13.2,9
"8361","SIFL","HY",74,13.2,9
"8362","SIFL","AHY",72,12.5,9
"8363","SIFL","HY",72,13.9,9
"8364","SIFL","AHY",70,11.3,9
"8365","SIFL","AHY",75,14.6,9
"8366","SIFL","AHY",73,13.7,9
"8367","SIFL","AHY",75,14.3,9
"8368","SIFL","HY",71,12,9
"8369","SIFL","HY",69,11.5,9
"8370","SIFL","AHY",72,13.5,9
"8371","SIFL","AHY",71,14.4,9
"8372","SIFL","HY",74,13.6,9
"8373","SIFL","AHY",76,14.6,9
"8374","SIFL","HY",72,12.1,9
"8375","SIFL","HY",69,13,9
"8376","SIFL","AHY",75,15.4,9
"8377","SIFL","HY",70,12.9,9
"8378","SIFL","AHY",73,12.9,9
"8379","SIFL","AHY",74,15.3,9
"8380","SIFL","AHY",72,13.4,9
"8381","SIFL","HY",69,15.4,9
"8382","SIFL","HY",69,12.7,9
"8383","SIFL","HY",72,13.9,9
"8384","SIFL","HY",NA,13.3,9
"8385","SIFL","HY",NA,13.4,9
"8386","SIFL","HY",NA,13.8,9
"8387","SIFL","HY",NA,13.3,9
"8388","SIFL","HY",NA,NA,9
"8389","SIFL","HY",NA,13.4,9
"8390","SIFL","HY",NA,13,9
"8391","SIFL","HY",NA,13.3,9
"8392","SIFL","HY",NA,14.3,9
"8393","SIFL","HY",NA,13.4,9
"8394","SIFL","AHY",NA,13.1,9
"8395","SIFL","HY",NA,13.7,9
"8396","SIFL","AHY",NA,15.7,9
"8397","SIFL","HY",NA,13.5,9
"8398","SIFL","AHY",NA,12.4,9
"8399","SIFL","HY",NA,13.8,9
"8400","SIFL","HY",NA,13.1,9
"8401","SIFL","HY",74,13,9
"8402","SIFL","AHY",NA,14,9
"8403","SIFL","HY",NA,12.8,9
"8404","SIFL","HY",NA,14.3,9
"8405","SIFL","HY",NA,12.8,9
"8406","SIFL","AHY",NA,13.9,9
"8407","SIFL","AHY",NA,12.6,9
"8408","SIFL","HY",NA,13,9
"8409","SIFL","HY",NA,13.6,9
"8410","SIFL","HY",NA,13.4,9
"8411","SIFL","AHY",NA,12.9,9
"8412","SIFL","HY",NA,13.1,9
"8413","TAPI","HY",NA,13.8,9
"8414","SIFL","AHY",NA,13.1,9
"8415","SIFL","HY",NA,13.5,9
"8416","SIFL","HY",NA,14.7,9
"8417","SIFL","HY",NA,13.2,9
"8418","SIFL","HY",NA,12.1,9
"8419","SIFL","HY",NA,12.9,9
"8420","SIFL","AHY",NA,14.6,9
"8421","SIFL","HY",NA,14,9
"8422","SIFL","AHY",NA,15,9
"8423","SIFL","HY",NA,13.2,9
"8424","SIFL","HY",NA,12.6,9
"8425","SIFL","AHY",NA,13.6,9
"8426","SIFL","AHY",NA,15.4,9
"8427","SIFL","AHY",NA,12.8,9
"8428","SIFL","HY",NA,13.3,9
"8429","SIFL","HY",NA,13.3,9
"8430","SIFL","HY",NA,12.2,9
"8431","SIFL","AHY",NA,15.4,9
"8432","SIFL","HY",NA,13.1,9
"8433","SIFL","AHY",NA,14.1,9
"8434","SIFL","AHY",NA,14.6,9
"8435","SIFL","HY",NA,12.1,9
"8436","SIFL","HY",NA,12.5,9
"8437","SIFL","HY",NA,14.1,9
"8438","SIFL","HY",NA,12.7,9
"8439","SIFL","HY",NA,12.5,9
"8440","SIFL","HY",NA,12.7,9
"8441","SIFL","HY",NA,13.2,9
"8442","SIFL","AHY",NA,13,9
"8443","SIFL","HY",NA,13.4,9
"8444","SIFL","HY",NA,11.8,9
"8445","SIFL","AHY",NA,13.1,9
"8446","SIFL","AHY",NA,14.4,9
"8447","SIFL","HY",NA,12,9
"8448","SIFL","HY",NA,13.8,9
"8449","SIFL","HY",NA,13.4,9
"8450","SIFL","HY",NA,12.4,9
"8451","SIFL","AHY",NA,14.1,9
"8452","SIFL","HY",NA,12.1,9
"8453","SIFL","AHY",NA,12.6,9
"8454","SIFL","HY",NA,14.5,9
"8455","SIFL","HY",NA,13.1,9
"8456","SIFL","AHY",NA,13.8,9
"8457","SIFL","HY",NA,13.1,9
"8458","SIFL","HY",NA,11.6,9
"8459","SIFL","HY",NA,13.4,9
"8460","SIFL","HY",NA,12.8,9
"8461","SIFL","AHY",NA,11.8,9
"8462","SIFL","HY",NA,12.7,9
"8463","SIFL","HY",NA,12.2,9
"8464","SIFL","HY",NA,13.6,9
"8465","SIFL","AHY",NA,12.9,9
"8466","SIFL","HY",NA,12.9,9
"8467","SIFL","AHY",NA,14.3,9
"8468","SIFL","HY",NA,12.4,9
"8469","SIFL","HY",NA,13.4,9
"8470","TAPI","HY",NA,12.6,9
"8471","SIFL","HY",NA,12.7,9
"8472","SIFL","HY",NA,13.7,9
"8473","TAPI","HY",NA,13.2,9
"8474","SIFL","AHY",NA,13.3,9
"8475","SIFL","HY",NA,13,9
"8476","SIFL","AHY",NA,12.6,9
"8477","SIFL","HY",NA,12.6,9
"8478","SIFL","HY",NA,14.5,9
"8479","SIFL","AHY",NA,14,9
"8480","SIFL","HY",NA,13.6,9
"8481","SIFL","HY",NA,14.8,9
"8482","SIFL","AHY",NA,13,9
"8483","SIFL","HY",NA,12.2,9
"8484","SIFL","HY",NA,11.7,9
"8485","SIFL","HY",NA,12.3,9
"8486","SIFL","HY",NA,11.6,9
"8487","SIFL","AHY",NA,11.6,9
"8488","SIFL","HY",NA,14.7,9
"8489","SIFL","HY",NA,12.9,9
"8490","SIFL","HY",NA,13.3,9
"8491","SIFL","HY",NA,13.2,9
"8492","SIFL","HY",NA,13.6,9
"8493","SIFL","HY",NA,13.2,9
"8494","SIFL","HY",NA,12.7,9
"8495","SIFL","AHY",NA,12.6,9
"8496","SIFL","HY",NA,12.4,9
"8497","SIFL","HY",NA,13.3,9
"8498","SIFL","HY",NA,13.5,9
"8499","SIFL","HY",NA,12.6,9
"8500","SIFL","AHY",NA,14.7,9
"8501","SIFL","HY",NA,13.3,9
"8502","SIFL","HY",NA,12.9,9
"8503","SIFL","HY",NA,12.7,9
"8504","SIFL","HY",NA,12.3,9
"8505","SIFL","HY",NA,12.5,9
"8506","SIFL","AHY",NA,14.7,9
"8507","SIFL","AHY",NA,12.6,9
"8508","SIFL","HY",NA,12.8,9
"8509","SIFL","HY",NA,12.3,9
"8510","SIFL","HY",NA,12.1,9
"8511","SIFL","HY",NA,12.8,9
"8512","SIFL","HY",NA,12.3,9
"8513","SIFL","HY",NA,12.7,9
"8514","SIFL","HY",NA,13.7,9
"8515","SIFL","HY",NA,13.7,9
"8516","SIFL","HY",NA,12.2,9
"8517","SIFL","AHY",NA,13.2,9
"8518","SIFL","HY",NA,12.7,9
"8519","SIFL","HY",NA,12,9
"8520","SIFL","HY",NA,14.4,9
"8521","SIFL","HY",NA,14,9
"8522","SIFL","AHY",NA,13.3,9
"8523","SIFL","HY",NA,14.5,9
"8524","SIFL","HY",NA,12.5,9
"8525","SIFL","AHY",NA,13.4,9
"8526","SIFL","AHY",NA,12.2,9
"8527","SIFL","AHY",NA,12.9,9
"8528","TAPI","HY",NA,13.5,9
"8529","SIFL","HY",NA,13,9
"8530","TAPI","HY",NA,13.5,9
"8531","SIFL","HY",NA,14.1,9
"8532","SIFL","HY",NA,13.1,9
"8533","SIFL","HY",NA,14.2,9
"8534","SIFL","HY",NA,14.4,9
"8535","SIFL","AHY",NA,13.8,9
"8536","SIFL","HY",NA,13.9,9
"8537","SIFL","HY",NA,12.7,9
"8538","SIFL","AHY",NA,13.8,9
"8539","SIFL","AHY",NA,13.7,9
"8540","SIFL","AHY",NA,13.9,9
"8541","SIFL","HY",NA,13.3,9
"8542","SIFL","HY",NA,15,9
"8543","SIFL","HY",NA,13.2,9
"8544","SIFL","HY",NA,13.2,9
"8545","SIFL","HY",NA,13.1,9
"8546","SIFL","HY",NA,13.2,9
"8547","SIFL","HY",NA,13.2,9
"8548","SIFL","HY",NA,15,9
"8549","SIFL","AHY",NA,13.5,9
"8550","SIFL","HY",NA,13,9
"8551","SIFL","HY",NA,13.6,9
"8552","SIFL","HY",NA,12.4,9
"8553","SIFL","HY",NA,15.1,9
"8554","SIFL","AHY",NA,13.9,9
"8555","SIFL","HY",NA,14.4,9
"8556","SIFL","HY",NA,13.3,9
"8557","SIFL","HY",NA,13.7,9
"8558","SIFL","HY",NA,14.7,9
"8559","SIFL","AHY",NA,14.4,9
"8560","SIFL","HY",NA,12.7,9
"8561","SIFL","HY",NA,12.9,9
"8562","SIFL","HY",NA,13.3,9
"8563","SIFL","HY",NA,12.1,9
"8564","SIFL","HY",NA,12.8,9
"8565","SIFL","HY",NA,11.7,9
"8566","SIFL","AHY",NA,13.1,9
"8567","SIFL","AHY",NA,13,9
"8568","SIFL","AHY",NA,12.7,9
"8569","SIFL","HY",NA,12.4,9
"8570","SIFL","HY",NA,12.5,9
"8571","SIFL","AHY",NA,14.2,9
"8572","SIFL","AHY",73,16.1,9
"8573","SIFL","HY",NA,13.5,9
"8574","SIFL","AHY",NA,12.4,9
"8575","SIFL","HY",NA,13.4,9
"8576","SIFL","HY",NA,12.3,9
"8577","SIFL","HY",72,16.2,9
"8578","SIFL","HY",NA,14.2,9
"8579","SIFL","AHY",NA,14.9,9
"8580","SIFL","AHY",NA,13.5,9
"8581","SIFL","HY",NA,13.5,9
"8582","SIFL","HY",NA,13.9,9
"8583","SIFL","HY",NA,14.9,9
"8584","SIFL","HY",NA,12.3,9
"8585","SIFL","HY",NA,13.8,9
"8586","SIFL","HY",NA,14.2,9
"8587","SIFL","HY",NA,12.5,9
"8588","SIFL","AHY",NA,13.7,9
"8589","SIFL","AHY",NA,15.8,9
"8590","SIFL","AHY",NA,14.1,9
"8591","SIFL","HY",NA,12.3,9
"8592","SIFL","AHY",NA,14.5,9
"8593","SIFL","HY",NA,13.7,9
"8594","SIFL","HY",NA,13.3,9
"8595","SIFL","AHY",NA,12.5,9
"8596","SIFL","HY",NA,12.5,9
"8597","SIFL","HY",NA,13.2,9
"8598","SIFL","HY",70,13.6,9
"8599","SIFL","HY",70,13.9,9
"8600","SIFL","HY",71,12.9,9
"8601","SIFL","HY",70,14.3,9
"8602","SIFL","HY",70,13.8,9
"8603","SIFL","HY",76,15.3,9
"8604","SIFL","HY",75,14.7,9
"8605","SIFL","HY",72,13.9,9
"8606","DUSA","HY",115,54.4,9
"8607","DUSA","AHY",115,71.1,9
"8608","DUSA","HY",117,65,9
"8609","DUSA","AHY",119,62.1,9
"8610","DUSA","AHY",115,60.5,9
"8611","DUSA","AHY",119,58.6,9
"8612","DUSA","AHY",120,58.6,9
"8613","DUSA","AHY",117,56.5,9
"8614","JABO","HY",113,62,9
"8615","DUSA","AHY",114,60.3,9
"8616","DUSA","HY",111,56.1,9
"8617","JABO","AHY",NA,54.2,9
"8618","DUSA","HY",116,66.6,9
"8619","DUSA","AHY",120,62.8,9
"8620","DUSA","AHY",115,61.2,9
"8621","DUSA","AHY",116,58.8,9
"8622","DUSA","HY",112,61.5,9
"8623","DUSA","AHY",115,61.4,9
"8624","DUSA","AHY",116,63.1,9
"8625","JABO","HY",113,42.7,9
"8626","DUSA","HY",113,52.6,9
"8627","DUSA","AHY",115,67.2,9
"8628","DUSA","HY",112,63,9
"8629","DUSA","HY",113,58.4,9
"8630","DUSA","HY",112,60.5,9
"8631","DUSA","AHY",111,61.3,9
"8632","DUSA","HY",112,60.7,9
"8633","DUSA","HY",112,62,9
"8634","DUSA","HY",114,53.6,9
"8635","DUSA","AHY",120,68.5,9
"8636","DUSA","AHY",115,65.5,9
"8637","DUSA","HY",110,58.9,9
"8638","DUSA","AHY",112,62.2,9
"8639","DUSA","AHY",115,69.6,9
"8640","DUSA","AHY",111,57.7,9
"8641","DUSA","AHY",118,60.7,9
"8642","DUSA","HY",115,57.9,9
"8643","DUSA","AHY",120,62.7,9
"8644","DUSA","AHY",114,65.8,9
"8645","DUSA","AHY",111,62,9
"8646","DUSA","AHY",110,64.9,9
"8647","JABO","AHY",113,54.8,9
"8648","JABO","HY",116,56.4,9
"8649","JABO","AHY",116,46.5,9
"8650","JABO","AHY",110,54.4,9
"8651","JABO","AHY",114,58.6,9
"8652","DUSA","AHY",119,64.8,9
"8653","JABO","HY",108,54.5,9
"8654","JABO","AHY",115,54.7,9
"8655","DUSA","AHY",121,68.9,9
"8656","DUSA","HY",115,67.7,9
"8657","DUSA","AHY",110,57.9,9
"8658","DUSA","AHY",118,67.5,9
"8659","DUSA","AHY",109,54.6,9
"8660","DUSA","AHY",115,61.6,9
"8661","DUSA","AHY",107,59.1,9
"8662","DUSA","HY",112,66.7,9
"8663","DUSA","HY",113,64.5,9
"8664","JABO","AHY",112,48.9,9
"8665","SIFL","AHY",76,13,9
"8666","SIFL","HY",73,13.5,9
"8667","SIFL","HY",73,12.6,9
"8668","SIFL","AHY",72,13.4,9
"8669","SIFL","AHY",78,14.2,9
"8670","SIFL","AHY",69,12.7,9
"8671","SIFL","HY",70,12.6,9
"8672","SIFL","AHY",72,12.8,9
"8673","TAPI","HY",70,13.2,9
"8674","TAPI","HY",70,12,9
"8675","TAPI","HY",70,12.8,9
"8676","SIFL","AHY",76,13.6,9
"8677","TAPI","AHY",76,13.7,9
"8678","TAPI","AHY",76,14.1,9
"8679","TAPI","AHY",70,13.5,9
"8680","TAPI","AHY",74,12.7,9
"8681","TAPI","AHY",71,14.4,9
"8682","TAPI","HY",73,14.8,9
"8683","SIFL","HY",69,12.5,9
"8684","TAPI","HY",70,14,9
"8685","TAPI","HY",67,12.6,9
"8686","SIFL","HY",70,13.6,9
"8687","TAPI","HY",71,13,9
"8688","SIFL","HY",NA,14.7,9
"8689","SIFL","AHY",NA,12.8,9
"8690","SIFL","HY",NA,13.4,9
"8691","SIFL","AHY",NA,13.6,9
"8692","SIFL","HY",74,13.4,9
"8693","SIFL","AHY",74,13.5,9
"8694","SIFL","AHY",70,11.4,9
"8695","SIFL","HY",71,14.4,9
"8696","SIFL","HY",75,13.2,9
"8697","SIFL","AHY",73,13.4,9
"8698","SIFL","HY",68,11.9,9
"8699","SIFL","HY",70,12.7,9
"8700","TAPI","AHY",69,13.5,9
"8701","SIFL","AHY",73,12.2,9
"8702","TAPI","HY",68,12.3,9
"8703","SIFL","HY",69,12.9,9
"8704","SIFL","AHY",71,13,9
"8705","SIFL","HY",NA,12.6,9
"8706","SIFL","HY",73,12.6,9
"8707","SIFL","AHY",75,12.6,9
"8708","TAPI","HY",72,15.5,9
"8709","SIFL","AHY",72,13.3,9
"8710","TAPI","HY",72,11.8,9
"8711","DUSA","AHY",114,61,9
"8712","DUSA","HY",111,58.4,9
"8713","DUSA","AHY",113,62,9
"8714","DUSA","AHY",118,75.1,9
"8715","DUSA","AHY",115,57.1,9
"8716","DUSA","HY",111,61,9
"8717","DUSA","AHY",115,58.2,9
"8718","DUSA","AHY",111,63.7,9
"8719","DUSA","HY",112,52.6,9
"8720","DUSA","HY",108,58.1,9
"8721","DUSA","HY",114,64.2,9
"8722","DUSA","HY",109,57.1,9
"8723","JABO","AHY",110,47.7,9
"8724","JABO","AHY",117,67.1,9
"8725","JABO","HY",115,52.5,9
"8726","JABO","HY",119,63.3,9
"8727","JABO","AHY",111,59.3,9
"8728","JABO","AHY",101,51.6,9
"8729","JABO","AHY",106,50,9
"8730","JABO","HY",107,51.1,9
"8731","JABO","AHY",115,47.7,9
"8732","DUSA","AHY",118,59.9,9
"8733","DUSA","AHY",116,67,9
"8734","DUSA","HY",114,62.8,9
"8735","DUSA","AHY",NA,69.7,9
"8736","DUSA","AHY",116,63.8,9
"8737","DUSA","HY",109,61.2,9
"8738","DUSA","HY",110,62.2,9
"8739","DUSA","HY",107,59.6,9
"8740","DUSA","AHY",119,60.5,9
"8741","DUSA","AHY",119,63.8,9
"8742","DUSA","AHY",117,64.5,9
"8743","DUSA","AHY",111,53,9
"8744","DUSA","AHY",116,53.1,9
"8745","DUSA","AHY",112,62.8,9
"8746","JABO","AHY",103,59.4,9
"8747","JABO","AHY",112,53.4,9
"8748","JABO","HY",114,59.2,9
"8749","JABO","AHY",116,64.6,9
"8750","JABO","AHY",113,57.8,9
"8751","JABO","AHY",112,60.6,9
"8752","JABO","AHY",112,52.6,9
"8753","JABO","AHY",112,51.8,9
"8754","JABO","AHY",117,57,9
"8755","JABO","AHY",113,58.8,9
"8756","JABO","AHY",111,56.3,9
"8757","JABO","AHY",116,69.3,9
"8758","JABO","HY",107,45.9,9
"8759","JABO","AHY",117,62.1,9
"8760","JABO","HY",114,62.6,9
"8761","JABO","AHY",108,56.9,9
"8762","JABO","HY",112,57.1,9
"8763","JABO","AHY",115,60.3,9
"8764","JABO","HY",120,58.7,9
"8765","DUSA","AHY",113,54.7,9
"8766","JABO","HY",111,49.8,9
"8767","JABO","HY",114,62,9
"8768","JABO","AHY",112,61,9
"8769","DUSA","HY",115,55,9
"8770","JABO","AHY",108,51.6,9
"8771","DUSA","HY",113,60.9,9
"8772","DUSA","HY",105,59.8,9
"8773","JABO","HY",116,42.9,9
"8774","JABO","HY",110,52.2,9
"8775","JABO","AHY",112,47.6,9
"8776","JABO","AHY",109,57.9,9
"8777","JABO","AHY",111,53.6,9
"8778","JABO","AHY",110,52,9
"8779","DUSA","AHY",120,54.4,9
"8780","DUSA","AHY",117,67.6,9
"8781","DUSA","HY",112,55.2,9
"8782","DUSA","HY",110,63.4,9
"8783","DUSA","AHY",112,59.3,9
"8784","DUSA","HY",113,64.9,9
"8785","JABO","AHY",112,63.6,9
"8786","DUSA","AHY",115,65,9
"8787","DUSA","HY",118,59.3,9
"8788","DUSA","AHY",114,65.3,9
"8789","DUSA","AHY",115,61,9
"8790","DUSA","AHY",115,56.2,9
"8791","DUSA","HY",111,56.6,9
"8792","DUSA","AHY",112,60.3,9
"8793","DUSA","HY",110,68.9,9
"8794","DUSA","AHY",116,67.9,9
"8795","DUSA","AHY",119,56.7,9
"8796","DUSA","AHY",115,66.3,9
"8797","DUSA","AHY",118,68.1,9
"8798","DUSA","HY",110,56.8,9
"8799","DUSA","HY",111,57.3,9
"8800","DUSA","AHY",115,67.3,9
"8801","DUSA","HY",116,65.4,9
"8802","JABO","HY",113,56.7,9
"8803","JABO","HY",113,63.6,9
"8804","JABO","HY",110,57,9
"8805","JABO","AHY",112,60.9,9
"8806","JABO","AHY",120,73.6,9
"8807","JABO","HY",109,NA,9
"8808","JABO","AHY",115,60.2,9
"8809","JABO","HY",115,66.6,9
"8810","JABO","HY",110,57.7,9
"8811","JABO","AHY",109,52.4,9
"8812","JABO","AHY",112,54.9,9
"8813","JABO","HY",112,60.1,9
"8814","JABO","HY",110,46.1,9
"8815","JABO","HY",106,43.1,9
"8816","JABO","AHY",112,60.6,9
"8817","JABO","AHY",109,53.2,9
"8818","JABO","AHY",104,48.3,9
"8819","JABO","AHY",110,58.1,9
"8820","JABO","AHY",103,51.6,9
"8821","JABO","HY",112,56.9,9
"8822","JABO","HY",120,61.6,9
"8823","JABO","HY",111,48.9,9
"8824","JABO","HY",110,57.5,9
"8825","JABO","HY",111,60,9
"8826","JABO","HY",113,49.8,9
"8827","JABO","HY",113,57.4,9
"8828","JABO","HY",109,38.9,9
"8829","DUSA","AHY",114,62.4,9
"8830","SIFL","HY",70,12.3,9
"8831","SIFL","HY",72,12.8,9
"8832","SIFL","AHY",73,13.9,9
"8833","SIFL","HY",70,12.9,9
"8834","SIFL","HY",72,13,9
"8835","SIFL","HY",71,11.9,9
"8836","SIFL","AHY",72,15.8,9
"8837","SIFL","HY",73,14.9,9
"8838","SIFL","AHY",73,13.7,9
"8839","SIFL","AHY",75,13.9,9
"8840","SIFL","HY",70,13.6,9
"8841","SIFL","HY",71,14,9
"8842","SIFL","HY",72,16,9
"8843","SIFL","AHY",73,14.2,9
"8844","SIFL","HY",72,13.8,9
"8845","SIFL","AHY",70,13.3,9
"8846","SIFL","HY",68,12.1,9
"8847","TAPI","HY",70,14.3,9
"8848","SIFL","HY",70,11.8,9
"8849","SIFL","AHY",77,13.3,9
"8850","SIFL","HY",70,11.9,9
"8851","SIFL","HY",74,14.7,9
"8852","SIFL","AHY",74,13.6,9
"8853","TAPI","HY",73,14.3,9
"8854","SIFL","HY",75,14.4,9
"8855","SIFL","HY",73,14.3,9
"8856","SIFL","HY",74,16.5,9
"8857","SIFL","HY",69,13.5,9
"8858","SIFL","HY",73,15.2,9
"8859","SIFL","HY",71,13.3,9
"8860","SIFL","HY",74,14.5,9
"8861","SIFL","HY",74,15,9
"8862","SIFL","HY",73,13.6,9
"8863","SIFL","HY",71,12.3,9
"8864","DUSA","HY",110,60.8,9
"8865","DUSA","AHY",114,63,9
"8866","DUSA","HY",113,56.2,9
"8867","DUSA","HY",114,60.6,9
"8868","DUSA","HY",110,56.7,9
"8869","DUSA","HY",117,60.6,9
"8870","DUSA","HY",116,60.9,9
"8871","DUSA","HY",115,67.2,9
"8872","DUSA","AHY",119,62.1,9
"8873","DUSA","HY",116,60.1,9
"8874","DUSA","AHY",116,54.7,9
"8875","DUSA","AHY",113,56.3,9
"8876","DUSA","HY",112,63.7,9
"8877","DUSA","AHY",116,58.2,9
"8878","JABO","AHY",112,52.7,9
"8879","JABO","HY",110,63.4,9
"8880","JABO","AHY",107,50.1,9
"8881","DUSA","AHY",109,48.6,9
"8882","DUSA","HY",116,58.4,9
"8883","DUSA","AHY",119,55,9
"8884","DUSA","HY",112,66.1,9
"8885","DUSA","AHY",112,57.3,9
"8886","DUSA","HY",115,60.5,9
"8887","DUSA","HY",116,62.2,9
"8888","DUSA","AHY",112,60.8,9
"8889","DUSA","AHY",117,58.7,9
"8890","DUSA","AHY",113,60.1,9
"8891","DUSA","HY",109,54.8,9
"8892","DUSA","HY",110,60.6,9
"8893","DUSA","HY",115,59.8,9
"8894","DUSA","HY",113,62.2,9
"8895","DUSA","HY",113,57.4,9
"8896","DUSA","AHY",113,62,9
"8897","DUSA","AHY",113,58.1,9
"8898","DUSA","AHY",111,52.2,9
"8899","DUSA","AHY",114,59.9,9
"8900","DUSA","AHY",115,66.2,9
"8901","DUSA","HY",113,54.1,9
"8902","DUSA","HY",113,55.8,9
"8903","DUSA","AHY",108,53,9
"8904","DUSA","AHY",114,66.2,9
"8905","DUSA","HY",113,57.1,9
"8906","DUSA","HY",119,61.8,9
"8907","DUSA","AHY",115,60.1,9
"8908","DUSA","HY",116,65.7,9
"8909","DUSA","HY",117,68.2,9
"8910","DUSA","AHY",NA,60.4,9
"8911","DUSA","HY",112,63.3,9
"8912","DUSA","HY",110,58.5,9
"8913","DUSA","HY",111,66.1,9
"8914","JABO","HY",114,63.1,9
"8915","JABO","HY",112,56.2,9
"8916","JABO","AHY",113,54.1,9
"8917","JABO","HY",117,53.2,9
"8918","SIFL","HY",73,12.6,9
"8919","SIFL","AHY",69,12.9,9
"8920","SIFL","HY",71,13.3,9
"8921","SIFL","HY",73,14,9
"8922","TAPI","AHY",73,14.4,9
"8923","TAPI","HY",75,13.5,9
"8924","TAPI","HY",71,14.2,9
"8925","JABO","HY",116,53.8,9
"8926","DUSA","AHY",109,58.6,9
"8927","DUSA","AHY",114,NA,9
"8928","DUSA","AHY",118,60.5,9
"8929","JABO","AHY",111,53.9,9
"8930","JABO","AHY",111,49.3,9
"8931","DUSA","AHY",113,58.3,9
"8932","DUSA","AHY",115,59.6,9
"8933","DUSA","HY",115,62.1,9
"8934","DUSA","AHY",113,53.5,9
"8935","DUSA","HY",NA,54.1,9
"8936","DUSA","AHY",115,59.1,9
"8937","DUSA","HY",112,61.2,9
"8938","DUSA","AHY",119,67.2,9
"8939","DUSA","HY",116,63.4,9
"8940","DUSA","HY",113,65.5,9
"8941","DUSA","HY",113,54.7,9
"8942","DUSA","HY",114,55.5,9
"8943","JABO","AHY",115,NA,9
"8944","JABO","AHY",111,49.6,9
"8945","DUSA","HY",108,61.3,9
"8946","DUSA","HY",115,56.9,9
"8947","DUSA","AHY",115,56.5,9
"8948","DUSA","HY",111,50.3,9
"8949","DUSA","AHY",110,56.9,9
"8950","DUSA","AHY",105,56.9,9
"8951","DUSA","HY",109,53.8,9
"8952","DUSA","HY",114,54.7,9
"8953","DUSA","AHY",114,55.1,9
"8954","DUSA","AHY",115,64,9
"8955","SIFL","AHY",72,13.9,9
"8956","SIFL","AHY",72,12.8,9
"8957","SIFL","HY",71,13.3,9
"8958","SIFL","HY",72,15.1,9
"8959","SIFL","HY",72,13.6,9
"8960","SIFL","HY",72,13.8,9
"8961","SIFL","AHY",70,13.1,9
"8962","SIFL","AHY",73,13.8,9
"8963","SIFL","HY",69,13.2,9
"8964","SIFL","AHY",71,12.2,9
"8965","SIFL","HY",74,13.7,9
"8966","SIFL","AHY",76,13.9,9
"8967","SIFL","HY",75,15,9
"8968","SIFL","HY",73,14.4,9
"8969","JABO","HY",117,54.1,9
"8970","DUSA","HY",110,57,9
"8971","DUSA","HY",110,54.9,9
"8972","DUSA","HY",116,51.1,9
"8973","DUSA","HY",114,52.1,9
"8974","TAPI","HY",70,13.8,9
"8975","SIFL","HY",77,17,9
"8976","TAPI","HY",73,13.9,9
"8977","TAPI","AHY",73,13.4,9
"8978","SIFL","HY",70,13.2,9
"8979","SIFL","AHY",80,16.4,9
"8980","SIFL","HY",78,15.8,9
"8981","SIFL","AHY",74,13.5,9
"8982","SIFL","HY",71,12.6,9
"8983","TAPI","HY",69,NA,9
"8984","TAPI","HY",70,12.5,9
"8985","SIFL","HY",73,12.3,9
"8986","SIFL","AHY",72,12.4,9
"8987","SIFL","HY",71,13,9
"8988","SIFL","HY",69,13.5,9
"8989","SIFL","AHY",69,12.7,9
"8990","SIFL","AHY",69,13.4,9
"8991","SIFL","AHY",71,14.4,9
"8992","SIFL","HY",72,14.8,9
"8993","SIFL","HY",70,14.1,9
"8994","SIFL","AHY",72,12.8,9
"8995","SIFL","AHY",71,12.9,9
"8996","SIFL","HY",76,13,9
"8997","SIFL","AHY",71,13.5,9
"8998","SIFL","HY",74,16.1,9
"8999","SIFL","HY",70,11.7,9
"9000","SIFL","HY",74,14,9
"9001","SIFL","HY",75,15.2,9
"9002","SIFL","HY",79,12.6,9
"9003","SIFL","AHY",72,13.2,9
"9004","SIFL","HY",70,12.2,9
"9005","SIFL","HY",73,15,9
"9006","SIFL","AHY",75,12.8,9
"9007","SIFL","AHY",72,12.5,9
"9008","SIFL","HY",68,12.6,9
"9009","SIFL","AHY",74,13.8,9
"9010","SIFL","AHY",72,15.4,9
"9011","SIFL","AHY",80,18.1,9
"9012","SIFL","HY",72,13,9
"9013","SIFL","AHY",70,13.1,9
"9014","SIFL","HY",71,13.3,9
"9015","SIFL","AHY",74,13.7,9
"9016","SIFL","AHY",73,14.2,9
"9017","SIFL","HY",72,13.8,9
"9018","SIFL","HY",71,13.4,9
"9019","SIFL","HY",69,11.6,9
"9020","SIFL","HY",70,12.1,9
"9021","SIFL","HY",71,12.4,9
"9022","SIFL","HY",71,13.2,9
"9023","SIFL","HY",69,13.1,9
"9024","SIFL","AHY",72,13.2,9
"9025","SIFL","HY",74,NA,9
"9026","SIFL","AHY",72,13.1,9
"9027","SIFL","HY",71,12.6,9
"9028","SIFL","HY",73,14.4,9
"9029","SIFL","HY",72,14.7,9
"9030","TAPI","HY",70,13.4,9
"9031","SIFL","HY",70,11.7,9
"9032","SIFL","AHY",70,11.3,9
"9033","SIFL","HY",74,14.3,9
"9034","SIFL","HY",72,13,9
"9035","SIFL","HY",75,13.1,9
"9036","SIFL","HY",73,14.8,9
"9037","SIFL","AHY",69,12.4,9
"9038","SIFL","HY",70,13.1,9
"9039","SIFL","HY",74,12.9,9
"9040","SIFL","AHY",73,12.3,9
"9041","SIFL","HY",72,13.1,9
"9042","SIFL","AHY",72,13.1,9
"9043","SIFL","AHY",75,13.4,9
"9044","SIFL","AHY",70,12.7,9
"9045","SIFL","AHY",72,13.1,9
"9046","TAPI","HY",71,11.3,10
"9047","TAPI","HY",72,12.8,10
"9048","TAPI","AHY",72,11.4,10
"9049","TAPI","HY",68,11.4,10
"9050","TAPI","AHY",71,13.8,10
"9051","TAPI","AHY",70,12.2,10
"9052","TAPI","AHY",72,12.8,10
"9053","TAPI","HY",72,12.1,10
"9054","TAPI","AHY",66,12.5,10
"9055","TAPI","AHY",70,12.5,10
"9056","TAPI","AHY",70,11.3,10
"9057","TAPI","HY",72,11.1,10
"9058","TAPI","AHY",68,11.7,10
"9059","TAPI","HY",69,11.9,10
"9060","TAPI","AHY",72,12.8,10
"9061","TAPI","AHY",70,11.9,10
"9062","TAPI","AHY",72,12.6,10
"9063","TAPI","AHY",72,12.3,10
"9064","TAPI","HY",72,12.2,10
"9065","TAPI","HY",72,11.9,10
"9066","TAPI","AHY",72,13.4,10
"9067","TAPI","HY",68,11.3,10
"9068","TAPI","AHY",68,13.4,10
"9069","TAPI","HY",68,11.2,10
"9070","TAPI","AHY",68,12,10
"9071","TAPI","AHY",69,12.5,10
"9072","TAPI","HY",72,13,10
"9073","TAPI","AHY",71,13,10
"9074","TAPI","AHY",67,11.5,10
"9075","TAPI","AHY",70,11.5,10
"9076","TAPI","HY",73,11.6,10
"9077","TAPI","AHY",69,12.1,10
"9078","TAPI","AHY",71,13.6,10
"9079","TAPI","AHY",70,12.9,10
"9080","TAPI","HY",71,11.6,10
"9081","TAPI","HY",71,11.6,10
"9082","TAPI","HY",68,11.9,10
"9083","TAPI","AHY",71,13.3,10
"9084","TAPI","AHY",70,13.4,10
"9085","TAPI","AHY",68,10.3,10
"9086","TAPI","AHY",68,12.7,10
"9087","TAPI","AHY",70,14.6,10
"9088","TAPI","AHY",73,12,10
"9089","TAPI","HY",68,11.4,10
"9090","TAPI","AHY",69,12.4,10
"9091","TAPI","AHY",67,12.1,10
"9092","TAPI","AHY",70,12.4,10
"9093","TAPI","AHY",70,11.3,10
"9094","TAPI","HY",71,12.7,10
"9095","TAPI","HY",70,12.1,10
"9096","TAPI","AHY",70,11.7,10
"9097","TAPI","HY",73,11.7,10
"9098","TAPI","AHY",69,10.7,10
"9099","TAPI","AHY",65,12.4,10
"9100","TAPI","AHY",66,12.2,10
"9101","TAPI","AHY",71,11,10
"9102","TAPI","AHY",72,13.1,10
"9103","TAPI","HY",71,13.9,10
"9104","TAPI","HY",73,12.8,10
"9105","TAPI","HY",71,11.5,10
"9106","TAPI","AHY",70,12.3,10
"9107","TAPI","HY",66,11.1,10
"9108","TAPI","AHY",67,12.8,10
"9109","TAPI","AHY",71,11.9,10
"9110","TAPI","AHY",70,13.2,10
"9111","TAPI","HY",72,13.9,10
"9112","TAPI","AHY",72,14.2,10
"9113","TAPI","AHY",73,13.8,10
"9114","TAPI","AHY",69,12,10
"9115","TAPI","AHY",77,14.5,10
"9116","TAPI","AHY",69,13.6,10
"9117","TAPI","AHY",71,11.6,10
"9118","TAPI","AHY",69,14,10
"9119","TAPI","AHY",73,13.1,10
"9120","TAPI","HY",71,11.7,10
"9121","TAPI","HY",68,13.4,10
"9122","TAPI","HY",69,11.9,10
"9123","TAPI","AHY",70,11.6,10
"9124","TAPI","HY",68,12.1,10
"9125","TAPI","HY",71,12.7,10
"9126","TAPI","HY",70,12,10
"9127","TAPI","HY",71,12.9,10
"9128","TAPI","AHY",70,12.1,10
"9129","TAPI","HY",69,12.2,10
"9130","TAPI","HY",68,11.1,10
"9131","TAPI","AHY",71,12.3,10
"9132","TAPI","AHY",71,12.2,10
"9133","TAPI","HY",70,15.5,10
"9134","TAPI","AHY",72,12.5,10
"9135","TAPI","AHY",74,12.8,10
"9136","TAPI","HY",71,14.5,10
"9137","TAPI","AHY",72,14.6,10
"9138","TAPI","AHY",70,16.3,10
"9139","TAPI","HY",69,NA,10
"9140","TAPI","AHY",NA,13.5,10
"9141","TAPI","AHY",73,11.3,10
"9142","TAPI","HY",70,13.3,10
"9143","TAPI","AHY",71,14.2,10
"9144","TAPI","HY",70,14.8,10
"9145","TAPI","HY",70,12.8,10
"9146","TAPI","AHY",70,13.7,10
"9147","TAPI","AHY",66,13,10
"9148","TAPI","HY",69,14.3,10
"9149","TAPI","AHY",NA,14.4,10
"9150","TAPI","AHY",70,14.2,10
"9151","TAPI","HY",72,15.3,10
"9152","TAPI","AHY",72,11.8,10
"9153","TAPI","AHY",71,13.4,10
"9154","TAPI","AHY",73,12.5,10
"9155","TAPI","HY",70,14.8,10
"9156","TAPI","HY",70,14.3,10
"9157","TAPI","AHY",72,13.4,10
"9158","TAPI","HY",69,13.5,10
"9159","TAPI","AHY",69,12.6,10
"9160","TAPI","HY",73,13.3,10
"9161","TAPI","AHY",69,13.4,10
"9162","TAPI","HY",71,13.2,10
"9163","TAPI","AHY",70,12.2,10
"9164","TAPI","AHY",68,13.2,10
"9165","TAPI","HY",67,12,10
"9166","TAPI","AHY",73,14.2,10
"9167","TAPI","HY",70,11.7,10
"9168","TAPI","HY",70,12.9,10
"9169","TAPI","HY",71,12.2,10
"9170","TAPI","HY",68,12,10
"9171","TAPI","HY",70,13.8,10
"9172","TAPI","HY",71,12.7,10
"9173","TAPI","AHY",70,12.4,10
"9174","TAPI","HY",73,12.1,10
"9175","TAPI","HY",74,11.9,10
"9176","TAPI","HY",70,11.3,10
"9177","TAPI","HY",71,12,10
"9178","DUSA","HY",106,44,10
"9179","TAPI","HY",68,10.8,10
"9180","TAPI","AHY",75,12.5,10
"9181","TAPI","AHY",70,11.9,10
"9182","TAPI","AHY",70,12.5,10
"9183","TAPI","AHY",69,12,10
"9184","SIFL","HY",76,10.7,10
"9185","TAPI","AHY",71,12.4,10
"9186","TAPI","HY",73,10.9,10
"9187","TAPI","AHY",70,12.4,10
"9188","DUSA","HY",104,42.8,10
"9189","TAPI","HY",69,11.9,10
"9190","TAPI","HY",68,12,10
"9191","TAPI","AHY",71,11.1,10
"9192","TAPI","HY",67,11.9,10
"9193","TAPI","HY",70,NA,10
"9194","TAPI","AHY",69,12.8,10
"9195","TAPI","HY",69,11.7,10
"9196","TAPI","AHY",71,11.9,10
"9197","TAPI","HY",72,11.9,10
"9198","TAPI","HY",68,11.8,10
"9199","TAPI","AHY",68,10.9,10
"9200","TAPI","AHY",74,11.9,10
"9201","TAPI","AHY",71,12.9,10
"9202","TAPI","AHY",67,11.7,10
"9203","TAPI","AHY",72,12.7,10
"9204","TAPI","AHY",73,13.4,10
"9205","TAPI","HY",71,12.2,10
"9206","TAPI","AHY",71,13.3,10
"9207","TAPI","AHY",72,12,10
"9208","TAPI","AHY",71,12,10
"9209","TAPI","AHY",69,12.2,10
"9210","TAPI","AHY",71,12.3,10
"9211","TAPI","AHY",69,11.8,10
"9212","TAPI","AHY",71,12.4,10
"9213","TAPI","AHY",72,12.1,10
"9214","TAPI","AHY",69,13.5,10
"9215","TAPI","HY",72,11.9,10
"9216","TAPI","AHY",70,12.4,10
"9217","TAPI","AHY",72,13,10
"9218","TAPI","HY",70,13,10
"9219","TAPI","HY",71,NA,10
"9220","TAPI","AHY",73,12.2,10
"9221","SIFL","HY",70,10.7,10
"9222","TAPI","HY",70,13.8,10
"9223","TAPI","HY",75,12.4,10
"9224","TAPI","HY",71,12.4,10
"9225","TAPI","AHY",71,12.9,10
"9226","TAPI","AHY",72,13.2,10
"9227","TAPI","HY",70,13.6,10
"9228","TAPI","AHY",71,13,10
"9229","TAPI","AHY",69,11.9,10
"9230","TAPI","AHY",69,13.5,10
"9231","TAPI","AHY",71,12.8,10
"9232","TAPI","AHY",72,12.6,10
"9233","TAPI","AHY",70,12.4,10
"9234","TAPI","AHY",70,12.6,10
"9235","TAPI","AHY",71,13,10
"9236","TAPI","AHY",67,11.3,10
"9237","TAPI","AHY",70,12.6,10
"9238","TAPI","AHY",68,13.7,10
"9239","TAPI","AHY",68,12.7,10
"9240","TAPI","AHY",65,12.3,10
"9241","TAPI","AHY",69,11.7,10
"9242","TAPI","AHY",72,11.3,10
"9243","TAPI","HY",69,NA,10
"9244","TAPI","AHY",72,13,10
"9245","TAPI","AHY",72,13.3,10
"9246","TAPI","HY",72,11.9,10
"9247","TAPI","AHY",68,12.2,10
"9248","TAPI","AHY",72,12.5,10
"9249","TAPI","AHY",69,13.8,10
"9250","SIFL","HY",74,13.9,10
"9251","TAPI","AHY",75,12.6,10
"9252","TAPI","AHY",72,12.9,10
"9253","TAPI","HY",71,12.2,10
"9254","TAPI","AHY",70,12.5,10
"9255","TAPI","AHY",70,NA,10
"9256","TAPI","HY",71,12.5,10
"9257","TAPI","AHY",72,13.5,10
"9258","TAPI","AHY",69,12.7,10
"9259","TAPI","AHY",74,12.2,10
"9260","TAPI","AHY",73,12.5,10
"9261","TAPI","HY",71,13.3,10
"9262","TAPI","HY",72,12.8,10
"9263","TAPI","HY",69,12.1,10
"9264","TAPI","AHY",71,12.2,10
"9265","TAPI","AHY",68,10.9,10
"9266","TAPI","AHY",73,13.2,10
"9267","SIFL","HY",72,10.5,10
"9268","TAPI","AHY",71,11.4,10
"9269","TAPI","AHY",69,12.4,10
"9270","TAPI","HY",67,11.3,10
"9271","TAPI","AHY",71,13,10
"9272","TAPI","AHY",71,13.5,10
"9273","TAPI","AHY",69,11.4,10
"9274","TAPI","HY",70,11,10
"9275","TAPI","AHY",73,12.8,10
"9276","TAPI","HY",68,13.1,10
"9277","SIFL","HY",70,10.4,10
"9278","TAPI","AHY",69,11.8,10
"9279","TAPI","HY",72,13.2,10
"9280","TAPI","AHY",73,13.4,10
"9281","TAPI","AHY",69,11.7,10
"9282","TAPI","AHY",73,12.7,10
"9283","TAPI","AHY",73,14,10
"9284","TAPI","HY",72,12.7,10
"9285","TAPI","AHY",71,13.2,10
"9286","TAPI","AHY",70,11.3,10
"9287","TAPI","AHY",70,13.9,10
"9288","TAPI","HY",73,12.1,10
"9289","TAPI","AHY",69,12.4,10
"9290","TAPI","AHY",72,12.1,10
"9291","TAPI","AHY",73,12.7,10
"9292","TAPI","AHY",71,12.4,10
"9293","TAPI","AHY",69,11.6,10
"9294","TAPI","AHY",73,12.1,10
"9295","TAPI","HY",72,12.8,10
"9296","TAPI","HY",71,12.5,10
"9297","TAPI","HY",68,12.5,10
"9298","TAPI","AHY",71,12.9,10
"9299","TAPI","AHY",74,13.9,10
"9300","TAPI","AHY",68,13.3,10
"9301","TAPI","HY",69,13.1,10
"9302","TAPI","AHY",70,12,10
"9303","TAPI","HY",71,13.6,10
"9304","DUSA","AHY",112,60.1,10
"9305","DUSA","AHY",108,55.3,10
"9306","DUSA","HY",111,50.6,10
"9307","DUSA","HY",114,56.1,10
"9308","DUSA","HY",113,60.4,10
"9309","DUSA","AHY",111,56.8,10
"9310","DUSA","HY",115,58,10
"9311","DUSA","AHY",112,62.5,10
"9312","DUSA","AHY",117,59.1,10
"9313","DUSA","HY",114,56.2,10
"9314","DUSA","AHY",109,49.8,10
"9315","DUSA","HY",110,55.5,10
"9316","DUSA","AHY",114,59,10
"9317","DUSA","AHY",116,66.3,10
"9318","DUSA","HY",107,53.5,10
"9319","DUSA","AHY",108,54.7,10
"9320","DUSA","HY",112,56.3,10
"9321","DUSA","HY",111,57,10
"9322","DUSA","AHY",113,55.4,10
"9323","DUSA","AHY",123,66,10
"9324","DUSA","AHY",117,58.8,10
"9325","DUSA","AHY",119,60.8,10
"9326","DUSA","AHY",116,56.8,10
"9327","DUSA","HY",111,58.6,10
"9328","DUSA","HY",115,61.9,10
"9329","DUSA","HY",110,54.8,10
"9330","DUSA","AHY",109,54.8,10
"9331","DUSA","AHY",114,62.2,10
"9332","DUSA","HY",108,53.2,10
"9333","DUSA","AHY",122,64.2,10
"9334","DUSA","AHY",119,58.4,10
"9335","DUSA","AHY",109,51.7,10
"9336","DUSA","HY",110,55.4,10
"9337","DUSA","AHY",116,61.9,10
"9338","DUSA","AHY",111,53.8,10
"9339","DUSA","HY",114,60.3,10
"9340","DUSA","HY",113,54.5,10
"9341","DUSA","AHY",108,62,10
"9342","DUSA","AHY",115,66,10
"9343","DUSA","HY",110,53.3,10
"9344","DUSA","AHY",110,50.8,10
"9345","DUSA","HY",106,46.5,10
"9346","DUSA","AHY",108,49.9,10
"9347","DUSA","AHY",112,50.9,10
"9348","DUSA","HY",112,51.2,10
"9349","DUSA","HY",113,60.5,10
"9350","DUSA","HY",108,56.9,10
"9351","DUSA","AHY",114,58.6,10
"9352","DUSA","HY",111,56.7,10
"9353","DUSA","AHY",118,65.4,10
"9354","DUSA","HY",120,59.1,10
"9355","DUSA","HY",116,48.6,10
"9356","DUSA","AHY",116,57.1,10
"9357","DUSA","AHY",117,66.6,10
"9358","DUSA","HY",110,55.9,10
"9359","DUSA","AHY",112,52.4,10
"9360","DUSA","HY",114,54,10
"9361","DUSA","AHY",116,58.9,10
"9362","DUSA","HY",111,54.9,10
"9363","DUSA","AHY",113,60.6,10
"9364","DUSA","AHY",115,55.4,10
"9365","DUSA","AHY",116,60.6,10
"9366","DUSA","AHY",117,53.8,10
"9367","SIFL","HY",71,12.5,10
"9368","SIFL","AHY",71,11.8,10
"9369","SIFL","HY",73,14,10
"9370","DUSA","AHY",111,50.2,10
"9371","DUSA","AHY",110,48.2,10
"9372","DUSA","AHY",112,61,10
"9373","DUSA","AHY",119,61.7,10
"9374","DUSA","AHY",122,58.1,10
"9375","DUSA","AHY",108,51.7,10
"9376","JABO","HY",111,57.9,10
"9377","JABO","HY",112,54.7,10
"9378","DUSA","AHY",108,56.5,10
"9379","DUSA","AHY",114,52.6,10
"9380","DUSA","AHY",114,65.6,10
"9381","DUSA","HY",110,53.8,10
"9382","DUSA","HY",113,56.4,10
"9383","DUSA","HY",113,56.4,10
"9384","DUSA","AHY",115,57.6,10
"9385","DUSA","HY",110,54.1,10
"9386","DUSA","HY",113,60,10
"9387","DUSA","AHY",119,55.9,10
"9388","DUSA","AHY",110,48.7,10
"9389","DUSA","AHY",110,51,10
"9390","DUSA","AHY",113,61.7,10
"9391","DUSA","HY",109,58.8,10
"9392","DUSA","HY",110,55.5,10
"9393","DUSA","HY",112,51.6,10
"9394","DUSA","HY",111,61,10
"9395","DUSA","HY",111,57.3,10
"9396","DUSA","AHY",112,54.1,10
"9397","DUSA","AHY",121,61.1,10
"9398","DUSA","HY",114,46.9,10
"9399","DUSA","HY",114,60.1,10
"9400","DUSA","HY",110,51.6,10
"9401","DUSA","HY",110,53,10
"9402","DUSA","AHY",113,52,10
"9403","DUSA","HY",113,55.5,10
"9404","JABO","HY",110,41.6,10
"9405","JABO","HY",115,52.3,10
"9406","DUSA","AHY",114,54.3,10
"9407","DUSA","AHY",119,61.6,10
"9408","DUSA","AHY",114,56.4,10
"9409","DUSA","HY",112,58.9,10
"9410","DUSA","AHY",116,51.6,10
"9411","DUSA","AHY",112,54.2,10
"9412","DUSA","AHY",110,53.9,10
"9413","DUSA","HY",114,53.5,10
"9414","DUSA","HY",110,56.9,10
"9415","DUSA","HY",110,56,10
"9416","DUSA","HY",116,60.1,10
"9417","DUSA","HY",116,54.4,10
"9418","DUSA","HY",112,56.8,10
"9419","DUSA","AHY",115,61.4,10
"9420","DUSA","AHY",109,54,10
"9421","DUSA","AHY",116,61.3,10
"9422","DUSA","HY",117,55,10
"9423","DUSA","AHY",113,55.6,10
"9424","DUSA","HY",115,57.6,10
"9425","DUSA","HY",117,56.7,10
"9426","DUSA","AHY",116,58,10
"9427","DUSA","AHY",107,50.9,10
"9428","DUSA","AHY",108,50.4,10
"9429","DUSA","AHY",113,58.8,10
"9430","JABO","AHY",109,46.4,10
"9431","DUSA","HY",108,55.1,10
"9432","DUSA","HY",114,56.2,10
"9433","DUSA","AHY",112,57.2,10
"9434","DUSA","HY",117,54.5,10
"9435","JABO","AHY",106,49.3,10
"9436","DUSA","AHY",115,56.8,10
"9437","JABO","AHY",113,52.1,10
"9438","JABO","AHY",113,47.3,10
"9439","JABO","HY",113,53.2,10
"9440","DUSA","AHY",116,60.6,10
"9441","DUSA","HY",115,56.8,10
"9442","JABO","AHY",105,51.3,10
"9443","JABO","HY",116,54.1,10
"9444","JABO","AHY",114,51.3,10
"9445","JABO","HY",115,55.3,10
"9446","JABO","AHY",110,45.7,10
"9447","JABO","HY",109,46.6,10
"9448","DUSA","HY",110,NA,10
"9449","DUSA","HY",119,55.9,10
"9450","DUSA","AHY",114,58.3,10
"9451","DUSA","HY",113,55.5,10
"9452","JABO","HY",114,48.7,10
"9453","DUSA","HY",115,53.2,10
"9454","DUSA","AHY",110,50.4,10
"9455","DUSA","HY",112,55,10
"9456","DUSA","AHY",116,55.5,10
"9457","DUSA","HY",113,55.8,10
"9458","DUSA","HY",110,53.2,10
"9459","DUSA","HY",107,50.2,10
"9460","DUSA","HY",115,54.9,10
"9461","DUSA","HY",112,53.9,10
"9462","DUSA","HY",117,55,10
"9463","DUSA","HY",116,55.2,10
"9464","DUSA","AHY",111,47.9,10
"9465","DUSA","HY",112,60.9,10
"9466","DUSA","HY",110,51.4,10
"9467","DUSA","HY",110,52.8,10
"9468","DUSA","AHY",106,49.8,10
"9469","DUSA","HY",114,58,10
"9470","DUSA","AHY",116,55.6,10
"9471","DUSA","HY",110,56.1,10
"9472","DUSA","AHY",110,45.9,10
"9473","DUSA","HY",110,53,10
"9474","DUSA","AHY",114,58.8,10
"9475","JABO","AHY",110,58,10
"9476","JABO","AHY",110,50.7,10
"9477","DUSA","AHY",117,53.9,10
"9478","DUSA","HY",107,53.7,10
"9479","DUSA","HY",112,54.7,10
"9480","DUSA","HY",110,53.3,10
"9481","DUSA","HY",111,57.8,10
"9482","DUSA","HY",116,55.8,10
"9483","DUSA","HY",112,50.4,10
"9484","DUSA","AHY",115,56.8,10
"9485","DUSA","HY",106,50.1,10
"9486","DUSA","AHY",112,50.8,10
"9487","DUSA","HY",120,62.5,10
"9488","DUSA","HY",111,53.3,10
"9489","DUSA","HY",106,48.6,10
"9490","DUSA","HY",109,53.7,10
"9491","DUSA","HY",114,53.8,10
"9492","DUSA","HY",110,59.2,10
"9493","JABO","HY",110,52,10
"9494","JABO","HY",113,58.6,10
"9495","DUSA","AHY",112,62,10
"9496","DUSA","HY",110,53.2,10
"9497","DUSA","HY",111,60.3,10
"9498","DUSA","HY",115,54.4,10
"9499","DUSA","HY",112,62.8,10
"9500","DUSA","HY",113,57.2,10
"9501","DUSA","HY",115,52.4,10
"9502","DUSA","HY",113,58.5,10
"9503","DUSA","HY",108,58,10
"9504","DUSA","AHY",111,54.4,10
"9505","DUSA","HY",112,57.8,10
"9506","DUSA","HY",114,56.8,10
"9507","DUSA","AHY",112,45.9,10
"9508","DUSA","HY",110,60.9,10
"9509","DUSA","HY",111,54,10
"9510","DUSA","AHY",114,50.5,10
"9511","DUSA","AHY",121,66.7,10
"9512","DUSA","AHY",114,57.2,10
"9513","JABO","HY",114,59.6,10
"9514","JABO","HY",111,54.3,10
"9515","JABO","HY",112,49,10
"9516","JABO","AHY",114,54.4,10
"9517","DUSA","HY",111,49.9,10
"9518","JABO","HY",113,59.1,10
"9519","JABO","AHY",114,50.4,10
"9520","JABO","HY",112,47.3,10
"9521","JABO","HY",119,55.1,10
"9522","JABO","AHY",113,58.7,10
"9523","JABO","AHY",101,51.6,10
"9524","JABO","HY",115,55.7,10
"9525","JABO","HY",115,54.4,10
"9526","JABO","HY",114,58.9,10
"9527","JABO","HY",113,52.6,10
"9528","JABO","AHY",111,55.5,10
"9529","JABO","HY",112,47.8,10
"9530","JABO","AHY",109,50.2,10
"9531","JABO","HY",111,47.6,10
"9532","JABO","AHY",114,61.6,10
"9533","JABO","AHY",116,48.8,10
"9534","JABO","HY",112,56,10
"9535","SIFL","HY",75,12.1,10
"9536","SIFL","HY",71,12.1,10
"9537","JABO","AHY",110,56.4,10
"9538","DUSA","AHY",113,53.2,10
"9539","DUSA","AHY",117,61.2,10
"9540","DUSA","HY",114,58.6,10
"9541","DUSA","HY",113,62.8,10
"9542","DUSA","HY",114,51.4,10
"9543","DUSA","AHY",116,62.1,10
"9544","DUSA","AHY",111,53.9,10
"9545","DUSA","AHY",115,59.9,10
"9546","DUSA","AHY",116,56.9,10
"9547","DUSA","HY",117,63.2,10
"9548","DUSA","HY",113,55.6,10
"9549","DUSA","AHY",115,52.7,10
"9550","DUSA","HY",111,57.2,10
"9551","DUSA","HY",109,48.3,10
"9552","DUSA","HY",NA,NA,10
"9553","DUSA","AHY",NA,NA,10
"9554","DUSA","AHY",NA,NA,10
"9555","DUSA","AHY",NA,NA,10
"9556","DUSA","HY",NA,NA,10
"9557","DUSA","HY",NA,NA,10
"9558","DUSA","HY",NA,NA,10
"9559","DUSA","AHY",NA,NA,10
"9560","DUSA","AHY",NA,NA,10
"9561","DUSA","HY",NA,NA,10
"9562","DUSA","AHY",NA,NA,10
"9563","DUSA","HY",NA,NA,10
"9564","DUSA","AHY",NA,NA,10
"9565","DUSA","HY",NA,NA,10
"9566","DUSA","AHY",NA,NA,10
"9567","DUSA","HY",NA,NA,10
"9568","DUSA","HY",NA,NA,10
"9569","DUSA","AHY",NA,NA,10
"9570","DUSA","AHY",NA,NA,10
"9571","DUSA","HY",NA,NA,10
"9572","DUSA","AHY",NA,NA,10
"9573","DUSA","HY",NA,NA,10
"9574","DUSA","HY",NA,NA,10
"9575","DUSA","AHY",NA,NA,10
"9576","DUSA","HY",NA,NA,10
"9577","DUSA","HY",NA,NA,10
"9578","DUSA","HY",NA,NA,10
"9579","DUSA","HY",NA,NA,10
"9580","DUSA","AHY",NA,NA,10
"9581","DUSA","HY",NA,NA,10
"9582","DUSA","AHY",NA,NA,10
"9583","DUSA","HY",NA,NA,10
"9584","DUSA","AHY",NA,NA,10
"9585","DUSA","AHY",NA,NA,10
"9586","DUSA","HY",NA,NA,10
"9587","DUSA","HY",NA,NA,10
"9588","DUSA","HY",115,NA,10
"9589","DUSA","AHY",NA,NA,10
"9590","DUSA","AHY",NA,NA,10
"9591","DUSA","AHY",NA,NA,10
"9592","DUSA","AHY",NA,NA,10
"9593","DUSA","HY",NA,NA,10
"9594","DUSA","AHY",NA,NA,10
"9595","DUSA","HY",NA,NA,10
"9596","DUSA","AHY",NA,NA,10
"9597","DUSA","AHY",NA,NA,10
"9598","DUSA","AHY",NA,NA,10
"9599","DUSA","HY",NA,NA,10
"9600","DUSA","AHY",NA,NA,10
"9601","DUSA","HY",NA,NA,10
"9602","DUSA","HY",NA,NA,10
"9603","DUSA","HY",NA,NA,10
"9604","DUSA","HY",NA,NA,10
"9605","DUSA","HY",NA,NA,10
"9606","DUSA","HY",NA,NA,10
"9607","DUSA","AHY",NA,NA,10
"9608","DUSA","AHY",NA,NA,10
"9609","DUSA","HY",NA,NA,10
"9610","DUSA","HY",NA,NA,10
"9611","DUSA","HY",NA,NA,10
"9612","DUSA","HY",NA,NA,10
"9613","DUSA","AHY",NA,NA,10
"9614","DUSA","HY",NA,NA,10
"9615","DUSA","AHY",NA,NA,10
"9616","JABO","HY",NA,NA,10
"9617","DUSA","HY",NA,NA,10
"9618","JABO","AHY",NA,NA,10
"9619","JABO","AHY",NA,NA,10
"9620","JABO","HY",NA,NA,10
"9621","DUSA","AHY",NA,NA,10
"9622","DUSA","AHY",NA,NA,10
"9623","DUSA","AHY",NA,NA,10
"9624","DUSA","AHY",NA,NA,10
"9625","DUSA","HY",NA,NA,10
"9626","DUSA","AHY",NA,NA,10
"9627","JABO","AHY",NA,NA,10
"9628","DUSA","AHY",NA,NA,10
"9629","DUSA","AHY",NA,NA,10
"9630","DUSA","HY",NA,NA,10
"9631","DUSA","AHY",NA,NA,10
"9632","DUSA","AHY",NA,NA,10
"9633","DUSA","AHY",NA,NA,10
"9634","DUSA","AHY",NA,NA,10
"9635","DUSA","AHY",NA,NA,10
"9636","DUSA","HY",NA,NA,10
"9637","DUSA","AHY",NA,NA,10
"9638","DUSA","HY",NA,NA,10
"9639","DUSA","HY",NA,NA,10
"9640","DUSA","AHY",NA,NA,10
"9641","DUSA","AHY",NA,NA,10
"9642","DUSA","HY",NA,NA,10
"9643","DUSA","AHY",NA,NA,10
"9644","DUSA","AHY",NA,NA,10
"9645","DUSA","HY",NA,NA,10
"9646","JABO","AHY",NA,NA,10
"9647","DUSA","HY",NA,NA,10
"9648","DUSA","HY",NA,NA,10
"9649","DUSA","HY",NA,NA,10
"9650","DUSA","AHY",NA,NA,10
"9651","DUSA","HY",NA,NA,10
"9652","DUSA","AHY",NA,NA,10
"9653","DUSA","HY",NA,NA,10
"9654","DUSA","HY",NA,NA,10
"9655","DUSA","HY",NA,NA,10
"9656","DUSA","AHY",NA,NA,10
"9657","DUSA","HY",NA,NA,10
"9658","DUSA","HY",NA,NA,10
"9659","DUSA","HY",NA,NA,10
"9660","DUSA","HY",NA,NA,10
"9661","JABO","AHY",NA,NA,10
"9662","JABO","AHY",NA,NA,10
"9663","JABO","AHY",NA,NA,10
"9664","JABO","HY",NA,NA,10
"9665","JABO","HY",NA,NA,10
"9666","DUSA","HY",NA,NA,10
"9667","DUSA","AHY",NA,NA,10
"9668","DUSA","HY",NA,NA,10
"9669","DUSA","AHY",NA,NA,10
"9670","DUSA","AHY",NA,NA,10
"9671","DUSA","HY",NA,NA,10
"9672","DUSA","AHY",NA,NA,10
"9673","DUSA","HY",NA,NA,10
"9674","DUSA","HY",NA,NA,10
"9675","DUSA","HY",NA,NA,10
"9676","DUSA","AHY",NA,NA,10
"9677","DUSA","HY",NA,NA,10
"9678","DUSA","HY",NA,NA,10
"9679","DUSA","AHY",NA,NA,10
"9680","DUSA","HY",NA,NA,10
"9681","DUSA","HY",NA,NA,10
"9682","DUSA","HY",NA,NA,10
"9683","DUSA","AHY",NA,NA,10
"9684","DUSA","HY",NA,NA,10
"9685","DUSA","AHY",NA,NA,10
"9686","DUSA","AHY",NA,NA,10
"9687","DUSA","AHY",NA,NA,10
"9688","DUSA","HY",NA,NA,10
"9689","DUSA","HY",NA,NA,10
"9690","DUSA","AHY",NA,NA,10
"9691","DUSA","HY",NA,NA,10
"9692","DUSA","AHY",NA,NA,10
"9693","JABO","AHY",NA,NA,10
"9694","DUSA","AHY",NA,NA,10
"9695","JABO","HY",NA,NA,10
"9696","DUSA","HY",NA,NA,10
"9697","JABO","AHY",NA,NA,10
"9698","DUSA","AHY",NA,NA,10
"9699","DUSA","AHY",NA,NA,10
"9700","DUSA","AHY",NA,NA,10
"9701","JABO","HY",NA,NA,10
"9702","DUSA","HY",NA,NA,10
"9703","JABO","AHY",NA,NA,10
"9704","DUSA","AHY",NA,NA,10
"9705","JABO","AHY",NA,NA,10
"9706","DUSA","HY",NA,NA,10
"9707","DUSA","AHY",NA,NA,10
"9708","JABO","AHY",NA,NA,10
"9709","DUSA","HY",NA,NA,10
"9710","DUSA","HY",NA,NA,10
"9711","JABO","AHY",NA,NA,10
"9712","DUSA","AHY",NA,NA,10
"9713","DUSA","AHY",NA,NA,10
"9714","DUSA","HY",NA,NA,10
"9715","DUSA","AHY",NA,NA,10
"9716","DUSA","AHY",NA,NA,10
"9717","DUSA","HY",NA,NA,10
"9718","DUSA","AHY",NA,NA,10
"9719","DUSA","HY",NA,NA,10
"9720","DUSA","HY",NA,NA,10
"9721","JABO","AHY",NA,NA,10
"9722","JABO","AHY",NA,NA,10
"9723","JABO","AHY",NA,NA,10
"9724","JABO","HY",NA,NA,10
"9725","JABO","HY",NA,NA,10
"9726","DUSA","AHY",NA,NA,10
"9727","DUSA","AHY",NA,NA,10
"9728","DUSA","HY",NA,NA,10
"9729","JABO","HY",NA,NA,10
"9730","DUSA","AHY",NA,NA,10
"9731","JABO","HY",NA,NA,10
"9732","DUSA","AHY",NA,NA,10
"9733","DUSA","AHY",NA,NA,10
"9734","JABO","AHY",NA,NA,10
"9735","DUSA","AHY",NA,NA,10
"9736","DUSA","HY",NA,NA,10
"9737","DUSA","HY",NA,NA,10
"9738","DUSA","AHY",NA,NA,10
"9739","DUSA","HY",NA,NA,10
"9740","DUSA","HY",NA,NA,10
"9741","DUSA","AHY",NA,NA,10
"9742","DUSA","HY",NA,NA,10
"9743","DUSA","HY",NA,NA,10
"9744","DUSA","AHY",NA,NA,10
"9745","DUSA","HY",NA,NA,10
"9746","DUSA","AHY",NA,NA,10
"9747","DUSA","AHY",NA,NA,10
"9748","DUSA","AHY",NA,NA,10
"9749","DUSA","HY",NA,NA,10
"9750","SIFL","HY",74,12.6,10
"9751","SIFL","HY",75,13.1,10
"9752","SIFL","HY",74,13.4,10
"9753","SIFL","AHY",74,13.3,10
"9754","SIFL","HY",73,12.3,10
"9755","SIFL","HY",75,13.2,10
"9756","TAPI","HY",70,14.1,10
"9757","TAPI","AHY",69,15.8,10
"9758","SIFL","HY",72,11.4,10
"9759","SIFL","AHY",73,12.9,10
"9760","SIFL","AHY",72,11.9,10
"9761","SIFL","HY",NA,NA,10
"9762","SIFL","HY",75,12.3,10
"9763","SIFL","AHY",72,13.3,10
"9764","SIFL","HY",72,13,10
"9765","TAPI","AHY",68,12.1,10
"9766","SIFL","HY",72,12.5,10
"9767","SIFL","AHY",68,12.4,10
"9768","SIFL","HY",NA,NA,10
"9769","SIFL","HY",NA,NA,10
"9770","SIFL","HY",NA,NA,10
"9771","SIFL","HY",NA,NA,10
"9772","SIFL","AHY",NA,NA,10
"9773","SIFL","AHY",NA,NA,10
"9774","TAPI","AHY",NA,NA,10
"9775","TAPI","HY",NA,NA,10
"9776","SIFL","AHY",NA,NA,10
"9777","SIFL","AHY",NA,NA,10
"9778","TAPI","AHY",NA,NA,10
"9779","TAPI","HY",NA,NA,10
"9780","TAPI","HY",NA,NA,10
"9781","SIFL","AHY",NA,NA,10
"9782","TAPI","AHY",NA,NA,10
"9783","TAPI","AHY",NA,NA,10
"9784","SIFL","HY",NA,NA,10
"9785","TAPI","AHY",NA,NA,10
"9786","TAPI","AHY",NA,NA,10
"9787","SIFL","HY",NA,NA,10
"9788","TAPI","HY",NA,NA,10
"9789","TAPI","AHY",NA,NA,10
"9790","TAPI","HY",NA,NA,10
"9791","DUSA","AHY",120,58.8,10
"9792","DUSA","AHY",118,61.2,10
"9793","DUSA","HY",110,55.9,10
"9794","DUSA","HY",109,53.3,10
"9795","DUSA","HY",116,61.1,10
"9796","DUSA","HY",118,57.3,10
"9797","DUSA","HY",111,50.5,10
"9798","JABO","AHY",110,55.5,10
"9799","DUSA","HY",115,54.5,10
"9800","DUSA","AHY",115,54.5,10
"9801","DUSA","HY",111,56.1,10
"9802","DUSA","AHY",110,50.2,10
"9803","DUSA","HY",112,51.6,10
"9804","DUSA","AHY",115,55.7,10
"9805","DUSA","HY",116,58.1,10
"9806","DUSA","AHY",111,NA,10
"9807","DUSA","HY",111,56.3,10
"9808","DUSA","HY",111,53.2,10
"9809","DUSA","HY",108,52,10
"9810","DUSA","AHY",110,60.5,10
"9811","DUSA","AHY",118,63.2,10
"9812","DUSA","AHY",108,52.3,10
"9813","DUSA","HY",111,55.7,10
"9814","DUSA","HY",110,55.5,10
"9815","DUSA","AHY",112,56.9,10
"9816","DUSA","AHY",112,53.3,10
"9817","JABO","AHY",106,57.2,10
"9818","JABO","AHY",115,51.7,10
"9819","JABO","AHY",114,53.3,10
"9820","JABO","AHY",109,52.3,10
"9821","JABO","AHY",111,53,10
"9822","DUSA","HY",112,54.6,10
"9823","DUSA","AHY",115,54.7,10
"9824","JABO","AHY",110,50.5,10
"9825","DUSA","AHY",116,61.9,10
"9826","DUSA","AHY",115,52,10
"9827","DUSA","AHY",111,50,10
"9828","JABO","AHY",111,57.6,10
"9829","JABO","AHY",114,56.8,10
"9830","JABO","AHY",110,53.8,10
"9831","DUSA","AHY",113,59.8,10
"9832","DUSA","HY",112,61.4,10
"9833","DUSA","AHY",NA,56.6,10
"9834","DUSA","HY",113,61,10
"9835","DUSA","AHY",113,52.9,10
"9836","DUSA","AHY",112,52.4,10
"9837","DUSA","AHY",118,57.1,10
"9838","DUSA","AHY",111,53.6,10
"9839","DUSA","AHY",123,59.2,10
"9840","DUSA","AHY",114,58.9,10
"9841","DUSA","HY",119,61.8,10
"9842","DUSA","AHY",114,58.2,10
"9843","DUSA","HY",110,59.8,10
"9844","DUSA","AHY",118,60.3,10
"9845","DUSA","AHY",120,60.7,10
"9846","DUSA","HY",110,56.4,10
"9847","DUSA","AHY",118,60.7,10
"9848","DUSA","AHY",112,55.3,10
"9849","DUSA","AHY",113,54.4,10
"9850","DUSA","HY",113,52.7,10
"9851","DUSA","AHY",112,60.3,10
"9852","DUSA","AHY",112,54.2,10
"9853","DUSA","HY",111,59.5,10
"9854","DUSA","HY",109,58.8,10
"9855","DUSA","HY",113,50.5,10
"9856","DUSA","HY",116,54.6,10
"9857","DUSA","HY",114,53.4,10
"9858","JABO","AHY",108,52.6,10
"9859","JABO","AHY",110,55,10
"9860","JABO","AHY",117,57.54,10
"9861","JABO","AHY",109,50,10
"9862","DUSA","HY",108,51.2,10
"9863","DUSA","AHY",112,62.6,10
"9864","DUSA","AHY",115,57.9,10
"9865","DUSA","AHY",112,56.1,10
"9866","DUSA","AHY",114,52.9,10
"9867","DUSA","HY",114,55.7,10
"9868","DUSA","HY",113,51.9,10
"9869","DUSA","AHY",109,53,10
"9870","DUSA","AHY",115,51.2,10
"9871","DUSA","AHY",114,56.9,10
"9872","DUSA","AHY",117,68.7,10
"9873","DUSA","AHY",113,56.2,10
"9874","DUSA","HY",113,56.4,10
"9875","DUSA","HY",111,52.2,10
"9876","DUSA","AHY",113,54.6,10
"9877","DUSA","HY",113,59.2,10
"9878","JABO","AHY",111,56.2,10
"9879","JABO","AHY",113,49.6,10
"9880","JABO","AHY",117,56.3,10
"9881","DUSA","AHY",111,56.7,10
"9882","JABO","AHY",114,56.2,10
"9883","DUSA","HY",108,55,10
"9884","DUSA","AHY",111,55.8,10
"9885","DUSA","AHY",120,60.1,10
"9886","DUSA","HY",116,56.4,10
"9887","DUSA","AHY",113,59.6,10
"9888","DUSA","AHY",112,62.9,10
"9889","DUSA","AHY",115,59.2,10
"9890","DUSA","AHY",120,62.1,10
"9891","DUSA","AHY",116,57.7,10
"9892","DUSA","AHY",116,57.7,10
"9893","DUSA","AHY",117,59.2,10
"9894","DUSA","HY",114,55.4,10
"9895","DUSA","AHY",110,56,10
"9896","DUSA","AHY",110,53.5,10
"9897","DUSA","AHY",115,60.7,10
"9898","DUSA","AHY",119,61,10
"9899","DUSA","AHY",114,55.6,10
"9900","DUSA","AHY",115,62.1,10
"9901","DUSA","AHY",114,57.4,10
"9902","DUSA","AHY",117,50.6,10
"9903","DUSA","AHY",110,53.1,10
"9904","DUSA","AHY",112,57.2,10
"9905","DUSA","AHY",116,57.7,10
"9906","DUSA","AHY",120,57.6,10
"9907","DUSA","AHY",115,58.6,10
"9908","DUSA","AHY",110,51.8,10
"9909","DUSA","AHY",111,57.5,10
"9910","DUSA","HY",114,52.4,10
"9911","DUSA","HY",106,52.8,10
"9912","DUSA","AHY",117,59.6,10
"9913","DUSA","AHY",117,58,10
"9914","DUSA","AHY",118,55.5,10
"9915","DUSA","AHY",111,51.4,10
"9916","DUSA","HY",113,58.5,10
"9917","DUSA","AHY",118,57,10
"9918","DUSA","AHY",113,60,10
"9919","DUSA","AHY",112,59.9,10
"9920","DUSA","AHY",118,61.1,10
"9921","DUSA","AHY",113,58,10
"9922","DUSA","AHY",115,52.6,10
"9923","DUSA","HY",116,56.5,10
"9924","DUSA","AHY",115,56.2,10
"9925","DUSA","AHY",115,57.2,10
"9926","DUSA","HY",114,58,10
"9927","DUSA","HY",111,57.3,10
"9928","DUSA","HY",111,53.5,10
"9929","DUSA","HY",111,54.1,10
"9930","DUSA","HY",110,54.5,10
"9931","DUSA","HY",111,53.7,10
"9932","DUSA","AHY",111,55.6,10
"9933","DUSA","AHY",108,62.8,10
"9934","DUSA","AHY",116,50,10
"9935","DUSA","AHY",111,56.7,10
"9936","DUSA","HY",110,51,10
"9937","DUSA","HY",105,55,10
"9938","JABO","HY",112,47.1,10
"9939","DUSA","HY",110,55.4,10
"9940","DUSA","AHY",115,58.7,10
"9941","DUSA","HY",109,55.1,10
"9942","DUSA","HY",111,61.4,10
"9943","DUSA","HY",112,51.1,10
"9944","DUSA","AHY",110,51.5,10
"9945","DUSA","AHY",113,56.1,10
"9946","DUSA","AHY",113,63.4,10
"9947","DUSA","AHY",118,54.3,10
"9948","DUSA","AHY",105,54.1,10
"9949","JABO","HY",114,45.7,10
"9950","JABO","HY",112,49.3,10
"9951","JABO","HY",112,44.1,10
"9952","JABO","HY",111,50.4,10
"9953","JABO","HY",114,48.1,10
"9954","JABO","AHY",109,53.5,10
"9955","JABO","HY",116,56.1,10
"9956","DUSA","AHY",114,61.4,10
"9957","DUSA","AHY",119,58.2,10
"9958","JABO","AHY",114,55.6,10
"9959","TAPI","AHY",69,14.1,10
"9960","TAPI","HY",73,11.8,10
"9961","SIFL","HY",73,13.7,10
"9962","SIFL","AHY",72,11.7,10
"9963","TAPI","AHY",69,14.5,10
"9964","SIFL","HY",72,11.3,10
"9965","SIFL","AHY",73,12.4,10
"9966","SIFL","HY",72,12.8,10
"9967","SIFL","AHY",72,11.6,10
"9968","TAPI","AHY",71,13.1,10
"9969","SIFL","AHY",71,12,10
"9970","SIFL","AHY",72,12.1,10
"9971","SIFL","HY",70,12.2,10
"9972","TAPI","AHY",70,13,10
"9973","SIFL","AHY",72,13.1,10
"9974","SIFL","HY",71,9.8,10
"9975","SIFL","AHY",73,11.9,10
"9976","SIFL","HY",73,11.3,10
"9977","TAPI","AHY",73,12.6,10
"9978","SIFL","HY",72,11.8,10
"9979","TAPI","AHY",69,11.6,10
"9980","SIFL","HY",71,11.9,10
"9981","SIFL","AHY",73,12.4,10
"9982","SIFL","HY",70,11.2,10
"9983","SIFL","HY",71,11.3,10
"9984","TAPI","AHY",69,12.2,10
"9985","TAPI","AHY",73,13.3,10
"9986","TAPI","HY",70,12.3,10
"9987","TAPI","AHY",74,12.5,10
"9988","TAPI","AHY",67,11.7,10
"9989","TAPI","AHY",72,12.1,10
"9990","TAPI","AHY",69,12.8,10
"9991","TAPI","AHY",69,14.2,10
"9992","TAPI","HY",68,14.4,10
"9993","TAPI","AHY",70,12.7,10
"9994","TAPI","HY",72,12.9,10
"9995","TAPI","AHY",71,14.2,10
"9996","TAPI","AHY",73,13.3,10
"9997","TAPI","HY",69,12.2,10
"9998","TAPI","HY",71,13.7,10
"9999","TAPI","AHY",70,14.4,10
"10000","TAPI","HY",71,13.7,10
"10001","DUSA","AHY",111,53.7,10
"10002","DUSA","HY",109,53.3,10
"10003","DUSA","AHY",112,57,10
"10004","SIFL","AHY",72,13.2,10
"10005","SIFL","AHY",73,15,10
"10006","DUSA","HY",106,56.4,10
"10007","DUSA","HY",111,53.6,10
"10008","DUSA","AHY",112,48.4,10
"10009","DUSA","HY",113,56.7,10
"10010","DUSA","AHY",116,55.6,10
"10011","DUSA","AHY",117,59.6,10
"10012","DUSA","AHY",113,56.2,10
"10013","DUSA","AHY",108,54.6,10
"10014","DUSA","HY",111,60.2,10
"10015","DUSA","HY",116,61.5,10
"10016","DUSA","AHY",115,56.8,10
"10017","DUSA","AHY",117,55.9,10
"10018","JABO","AHY",110,52.6,10
"10019","JABO","HY",116,52.8,10
"10020","JABO","HY",114,49.9,10
"10021","JABO","AHY",107,49.8,10
"10022","JABO","AHY",104,43.9,10
"10023","JABO","AHY",113,51.9,10
"10024","DUSA","AHY",113,52.8,10
"10025","DUSA","AHY",117,59.1,10
"10026","DUSA","HY",110,51.8,10
"10027","DUSA","AHY",112,54.1,10
"10028","DUSA","HY",107,49.7,10
"10029","DUSA","HY",114,50.6,10
"10030","DUSA","AHY",118,54.2,10
"10031","JABO","AHY",112,NA,10
"10032","JABO","AHY",105,55,10
"10033","JABO","AHY",107,50.4,10
"10034","DUSA","HY",111,59,10
"10035","DUSA","HY",109,56,10
"10036","DUSA","AHY",119,59,10
"10037","DUSA","AHY",112,54.3,10
"10038","DUSA","AHY",113,61.4,10
"10039","DUSA","AHY",115,61.8,10
"10040","DUSA","AHY",116,48.9,10
"10041","DUSA","AHY",107,51,10
"10042","DUSA","AHY",117,63,10
"10043","DUSA","HY",116,59,10
"10044","DUSA","AHY",117,61.1,10
"10045","DUSA","AHY",116,62.8,10
"10046","DUSA","AHY",118,62.5,10
"10047","DUSA","HY",118,57.6,10
"10048","DUSA","AHY",115,59.5,10
"10049","DUSA","AHY",114,64.3,10
"10050","DUSA","AHY",118,59.8,10
"10051","DUSA","AHY",115,61.2,10
"10052","DUSA","HY",116,57.6,10
"10053","DUSA","AHY",116,53.8,10
"10054","DUSA","AHY",118,61.4,10
"10055","DUSA","HY",111,59.9,10
"10056","DUSA","HY",113,50.4,10
"10057","JABO","HY",117,54.8,10
"10058","JABO","AHY",111,54.7,10
"10059","JABO","HY",109,38.5,10
"10060","JABO","AHY",108,50.3,10
"10061","DUSA","HY",108,50.2,10
"10062","DUSA","HY",112,54.1,10
"10063","DUSA","AHY",116,62,10
"10064","DUSA","AHY",117,53.5,10
"10065","DUSA","AHY",110,52.7,10
"10066","DUSA","HY",111,60.4,10
"10067","DUSA","HY",114,54.4,10
"10068","DUSA","AHY",115,55.8,10
"10069","DUSA","HY",107,51.5,10
"10070","DUSA","AHY",114,55.7,10
"10071","DUSA","AHY",118,56.3,10
"10072","DUSA","AHY",111,57.5,10
"10073","DUSA","AHY",114,56.8,10
"10074","DUSA","AHY",119,67.5,10
"10075","DUSA","AHY",112,58.6,10
"10076","DUSA","AHY",115,62.3,10
"10077","DUSA","AHY",117,59.4,10
"10078","DUSA","AHY",113,58.8,10
"10079","SIFL","AHY",73,13.6,10
"10080","SIFL","AHY",71,12.4,10
"10081","TAPI","AHY",NA,12.5,10
"10082","TAPI","HY",72,11.1,10
"10083","TAPI","AHY",71,12.1,10
"10084","TAPI","AHY",NA,13.2,10
"10085","TAPI","AHY",71,12.8,10
"10086","TAPI","HY",67,11.1,10
"10087","TAPI","AHY",69,13,10
"10088","TAPI","AHY",66,12.2,10
"10089","TAPI","HY",69,11.6,10
"10090","TAPI","AHY",64,11.9,10
"10091","SIFL","HY",71,11.7,10
"10092","SIFL","AHY",72,15,10
"10093","SIFL","HY",70,12.8,10
"10094","SIFL","AHY",71,12.8,10
"10095","SIFL","HY",74,12.6,10
"10096","TAPI","AHY",72,13.1,10
"10097","TAPI","AHY",69,12,10
"10098","SIFL","HY",76,12.6,10
"10099","DUSA","AHY",115,57.6,10
"10100","DUSA","AHY",121,61.2,10
"10101","DUSA","AHY",114,54.5,10
"10102","DUSA","AHY",117,59.6,10
"10103","DUSA","AHY",116,55,10
"10104","DUSA","AHY",112,49.6,10
"10105","DUSA","HY",112,54.7,10
"10106","DUSA","AHY",110,47.2,10
"10107","DUSA","HY",109,58.1,10
"10108","DUSA","AHY",120,57.1,10
"10109","DUSA","AHY",111,49.4,10
"10110","DUSA","AHY",118,55.5,10
"10111","DUSA","AHY",111,53.4,10
"10112","DUSA","AHY",108,51.8,10
"10113","DUSA","HY",109,57.3,10
"10114","DUSA","AHY",117,57.4,10
"10115","DUSA","HY",108,53.6,10
"10116","DUSA","HY",117,57.8,10
"10117","DUSA","AHY",116,54,10
"10118","DUSA","AHY",113,57.8,10
"10119","DUSA","AHY",119,59,10
"10120","JABO","HY",111,50.8,10
"10121","DUSA","AHY",115,59.2,10
"10122","JABO","AHY",113,53,10
"10123","JABO","HY",116,51,10
"10124","DUSA","AHY",118,63.1,10
"10125","DUSA","AHY",117,58.8,10
"10126","DUSA","AHY",111,53.6,10
"10127","DUSA","AHY",114,59.4,10
"10128","JABO","AHY",110,53.8,10
"10129","DUSA","AHY",119,59.7,10
"10130","DUSA","HY",117,55.2,10
"10131","DUSA","AHY",108,58.8,10
"10132","DUSA","HY",110,55.9,10
"10133","DUSA","AHY",108,56.9,10
"10134","DUSA","HY",117,55.3,10
"10135","DUSA","AHY",115,56.9,10
"10136","DUSA","AHY",110,56.5,10
"10137","DUSA","AHY",110,50,10
"10138","DUSA","AHY",110,51.8,10
"10139","DUSA","HY",109,50.5,10
"10140","DUSA","AHY",108,50.6,10
"10141","DUSA","HY",112,52.4,10
"10142","DUSA","AHY",106,46.3,10
"10143","DUSA","AHY",114,59,10
"10144","JABO","AHY",115,52.8,10
"10145","JABO","HY",115,67.6,10
"10146","DUSA","AHY",117,59.1,10
"10147","DUSA","AHY",113,48.3,10
"10148","DUSA","AHY",113,61.3,10
"10149","DUSA","AHY",115,61.9,10
"10150","DUSA","AHY",117,56.1,10
"10151","DUSA","HY",107,60,10
"10152","DUSA","AHY",116,52.7,10
"10153","DUSA","HY",113,57.6,10
"10154","DUSA","AHY",112,57.4,10
"10155","DUSA","AHY",116,58.6,10
"10156","DUSA","AHY",109,53.5,10
"10157","DUSA","HY",117,61.7,10
"10158","DUSA","AHY",NA,57.9,10
"10159","DUSA","AHY",NA,58.2,10
"10160","DUSA","AHY",114,58.1,10
"10161","DUSA","AHY",117,59.5,10
"10162","DUSA","AHY",114,55.6,10
"10163","DUSA","AHY",114,51.6,10
"10164","DUSA","AHY",117,62.5,10
"10165","DUSA","AHY",114,55,10
"10166","DUSA","AHY",113,52.1,10
"10167","DUSA","AHY",118,64.6,10
"10168","DUSA","AHY",114,55.4,10
"10169","DUSA","AHY",117,58.7,10
"10170","DUSA","AHY",113,48.8,10
"10171","DUSA","AHY",112,57.3,10
"10172","DUSA","AHY",117,56,10
"10173","DUSA","HY",112,55.3,10
"10174","DUSA","AHY",114,56.9,10
"10175","DUSA","AHY",112,53.7,10
"10176","DUSA","AHY",110,54.5,10
"10177","DUSA","AHY",107,49.2,10
"10178","DUSA","AHY",117,60.5,10
"10179","DUSA","HY",109,55.5,10
"10180","DUSA","AHY",116,63.1,10
"10181","DUSA","HY",111,57.3,10
"10182","DUSA","HY",108,59.8,10
"10183","DUSA","AHY",115,55.4,10
"10184","DUSA","AHY",108,54.6,10
"10185","DUSA","AHY",113,59.7,10
"10186","DUSA","AHY",116,50.5,10
"10187","DUSA","AHY",115,52.4,10
"10188","DUSA","AHY",111,54.3,10
"10189","DUSA","HY",117,64.9,10
"10190","DUSA","HY",108,49.3,10
"10191","DUSA","HY",109,54.5,10
"10192","DUSA","AHY",111,54.1,10
"10193","DUSA","HY",112,53.9,10
"10194","DUSA","HY",113,60.4,10
"10195","DUSA","AHY",114,57.9,10
"10196","DUSA","HY",109,55.1,10
"10197","DUSA","AHY",123,59.1,10
"10198","DUSA","HY",108,58.2,10
"10199","DUSA","AHY",112,57.3,10
"10200","DUSA","AHY",116,59.5,10
"10201","DUSA","HY",113,52.7,10
"10202","DUSA","AHY",106,57,10
"10203","DUSA","HY",109,55.8,10
"10204","DUSA","AHY",111,57.2,10
"10205","DUSA","AHY",116,61.4,10
"10206","DUSA","AHY",115,54.9,10
"10207","DUSA","AHY",119,60.9,10
"10208","DUSA","AHY",116,53.9,10
"10209","DUSA","AHY",112,57,10
"10210","DUSA","AHY",113,62,10
"10211","DUSA","AHY",118,61.4,10
"10212","DUSA","HY",113,53.7,10
"10213","DUSA","AHY",117,55.1,10
"10214","DUSA","AHY",113,54.6,10
"10215","DUSA","AHY",113,57.8,10
"10216","DUSA","AHY",112,56.7,10
"10217","DUSA","AHY",118,51.4,10
"10218","DUSA","AHY",116,59.5,10
"10219","DUSA","AHY",114,62.8,10
"10220","DUSA","HY",110,53.6,10
"10221","DUSA","AHY",108,58.1,10
"10222","DUSA","AHY",108,58.7,10
"10223","DUSA","AHY",120,56.7,10
"10224","DUSA","AHY",116,54.8,10
"10225","DUSA","AHY",113,55.3,10
"10226","DUSA","AHY",116,60.2,10
"10227","DUSA","AHY",115,61,10
"10228","DUSA","HY",107,58.2,10
"10229","DUSA","AHY",112,57,10
"10230","DUSA","AHY",116,57.9,10
"10231","DUSA","AHY",113,59.6,10
"10232","DUSA","HY",115,57.2,10
"10233","DUSA","AHY",116,61.4,10
"10234","DUSA","AHY",110,52.7,10
"10235","DUSA","AHY",108,53.6,10
"10236","DUSA","HY",112,58.4,10
"10237","DUSA","AHY",115,60.7,10
"10238","DUSA","HY",112,56.2,10
"10239","DUSA","AHY",105,51.2,10
"10240","DUSA","AHY",114,58.6,10
"10241","DUSA","AHY",111,57.5,10
"10242","DUSA","AHY",113,60.2,10
"10243","DUSA","AHY",117,57.1,10
"10244","DUSA","AHY",109,56.9,10
"10245","DUSA","AHY",120,57.3,10
"10246","DUSA","AHY",110,50.7,10
"10247","DUSA","AHY",116,59.8,10
"10248","DUSA","HY",113,58,10
"10249","DUSA","AHY",115,64.2,10
"10250","DUSA","AHY",113,57.3,10
"10251","DUSA","AHY",108,56.1,10
"10252","DUSA","HY",115,54.9,10
"10253","DUSA","HY",115,54.7,10
"10254","DUSA","AHY",114,61,10
"10255","DUSA","AHY",116,60.2,10
"10256","DUSA","AHY",113,57.7,10
"10257","DUSA","AHY",115,56,10
"10258","DUSA","HY",110,53.8,10
"10259","TAPI","AHY",71,14,10
"10260","SIFL","HY",70,11.6,10
"10261","SIFL","HY",73,13.9,10
"10262","SIFL","HY",71,11.4,10
"10263","SIFL","HY",73,12.2,10
"10264","SIFL","HY",71,12.2,10
"10265","SIFL","HY",70,11.6,10
"10266","SIFL","HY",70,12.9,10
"10267","SIFL","AHY",71,13.5,10
"10268","SIFL","AHY",72,12.8,10
"10269","SIFL","HY",69,12.8,10
"10270","SIFL","AHY",72,12.5,10
"10271","SIFL","HY",72,11.9,10
"10272","SIFL","AHY",72,13.8,10
"10273","SIFL","HY",73,12,10
"10274","TAPI","HY",69,15.1,10
"10275","SIFL","HY",71,11.6,10
"10276","TAPI","HY",68,13.8,10
"10277","SIFL","AHY",73,12.6,10
"10278","SIFL","HY",71,12.8,10
"10279","SIFL","HY",74,11.9,10
"10280","SIFL","HY",72,13.3,10
"10281","TAPI","AHY",70,12.9,10
"10282","SIFL","AHY",69,12.8,10
"10283","TAPI","AHY",71,14.1,10
"10284","SIFL","HY",73,11.8,10
"10285","SIFL","AHY",73,13.2,10
"10286","SIFL","HY",74,14,10
"10287","SIFL","AHY",74,13.2,10
"10288","SIFL","HY",69,13.3,10
"10289","SIFL","HY",72,12.6,10
"10290","TAPI","HY",69,12.5,10
"10291","SIFL","HY",72,13.2,10
"10292","SIFL","HY",74,14.1,10
"10293","SIFL","HY",70,12,10
"10294","TAPI","AHY",71,13.4,10
"10295","SIFL","HY",68,11.6,10
"10296","TAPI","HY",72,12.2,10
"10297","TAPI","AHY",69,11.6,10
"10298","TAPI","HY",70,13.8,10
"10299","TAPI","HY",71,14.3,10
"10300","TAPI","AHY",69,12.6,10
"10301","TAPI","AHY",72,12.5,10
"10302","TAPI","HY",68,14.6,10
"10303","TAPI","AHY",72,12.2,10
"10304","TAPI","AHY",70,14.3,10
"10305","SIFL","HY",73,12.8,10
"10306","SIFL","HY",75,12.7,10
"10307","TAPI","AHY",74,13.6,10
"10308","SIFL","HY",71,14.3,10
"10309","TAPI","HY",71,12.7,10
"10310","SIFL","HY",69,10.8,10
"10311","TAPI","AHY",72,13.9,10
"10312","TAPI","HY",72,14,10
"10313","TAPI","HY",73,14.9,10
"10314","TAPI","AHY",72,15.5,10
"10315","TAPI","HY",72,12.6,10
"10316","TAPI","HY",70,12.4,10
"10317","TAPI","HY",70,12.4,10
"10318","SIFL","HY",65,11.1,10
"10319","TAPI","AHY",72,14.2,10
"10320","SIFL","HY",72,12.6,10
"10321","SIFL","HY",72,10.4,10
"10322","SIFL","HY",69,11.9,10
"10323","SIFL","HY",74,15.7,10
"10324","DUSA","AHY",115,55,10
"10325","DUSA","AHY",116,53.7,10
"10326","DUSA","HY",114,58.1,10
"10327","DUSA","HY",111,57.8,10
"10328","DUSA","HY",114,52.3,10
"10329","DUSA","HY",112,46.8,10
"10330","DUSA","HY",113,56.4,10
"10331","DUSA","AHY",117,53.6,10
"10332","DUSA","AHY",116,61.5,10
"10333","DUSA","HY",109,54.7,10
"10334","DUSA","HY",113,57.5,10
"10335","DUSA","AHY",114,52.1,10
"10336","DUSA","HY",111,47.4,10
"10337","DUSA","HY",116,50.9,10
"10338","DUSA","HY",111,57.6,10
"10339","DUSA","AHY",116,59.1,10
"10340","DUSA","AHY",107,52.5,10
"10341","DUSA","AHY",117,59.8,10
"10342","DUSA","AHY",112,60.4,10
"10343","DUSA","HY",116,63.4,10
"10344","DUSA","HY",113,58.1,10
"10345","DUSA","AHY",118,55.1,10
"10346","DUSA","AHY",110,50.9,10
"10347","DUSA","HY",112,54,10
"10348","DUSA","AHY",114,58.8,10
"10349","DUSA","HY",114,51.5,10
"10350","DUSA","AHY",115,60,10
"10351","DUSA","AHY",117,58.8,10
"10352","DUSA","HY",116,57.3,10
"10353","DUSA","AHY",121,58.9,10
"10354","DUSA","AHY",116,58.9,10
"10355","DUSA","AHY",113,60.5,10
"10356","DUSA","AHY",110,52.8,10
"10357","JABO","HY",110,46.3,10
"10358","JABO","AHY",112,53.6,10
"10359","DUSA","HY",113,53.3,10
"10360","DUSA","HY",119,57.3,10
"10361","DUSA","HY",114,55.7,10
"10362","DUSA","AHY",116,57.2,10
"10363","DUSA","AHY",115,59,10
"10364","DUSA","AHY",119,67.7,10
"10365","DUSA","AHY",117,60.5,10
"10366","DUSA","AHY",112,50.9,10
"10367","DUSA","AHY",115,58.7,10
"10368","DUSA","AHY",112,55.6,10
"10369","DUSA","AHY",118,60.5,10
"10370","DUSA","HY",114,59.2,10
"10371","DUSA","AHY",116,60.3,10
"10372","DUSA","HY",110,52.1,10
"10373","DUSA","AHY",116,56.1,10
"10374","DUSA","AHY",122,60.5,10
"10375","DUSA","AHY",113,57,10
"10376","DUSA","HY",116,50.3,10
"10377","DUSA","HY",110,52,10
"10378","DUSA","AHY",113,56.2,10
"10379","DUSA","AHY",120,63.9,10
"10380","JABO","AHY",116,58.8,10
"10381","DUSA","HY",110,54.6,10
"10382","DUSA","HY",114,61.4,10
"10383","DUSA","AHY",117,61.1,10
"10384","DUSA","AHY",119,58.5,10
"10385","DUSA","AHY",116,59.5,10
"10386","DUSA","AHY",113,57.5,10
"10387","DUSA","AHY",114,59.6,10
"10388","DUSA","HY",111,52,10
"10389","DUSA","HY",115,57.9,10
"10390","JABO","HY",116,55.4,10
"10391","JABO","HY",113,57.6,10
"10392","JABO","AHY",112,48.8,10
"10393","JABO","AHY",115,53.5,10
"10394","DUSA","HY",119,56.4,10
"10395","JABO","AHY",115,62.4,10
"10396","DUSA","HY",113,59.3,10
"10397","JABO","AHY",112,47.1,10
"10398","DUSA","AHY",112,62.4,10
"10399","JABO","AHY",109,51.8,10
"10400","JABO","AHY",112,58.9,10
"10401","DUSA","HY",113,57.7,10
"10402","JABO","AHY",113,49.1,10
"10403","DUSA","HY",112,56.1,10
"10404","DUSA","HY",114,55.2,10
"10405","DUSA","HY",110,56.3,10
"10406","DUSA","AHY",117,56.2,10
"10407","DUSA","AHY",112,53.8,10
"10408","DUSA","AHY",117,52.7,10
"10409","DUSA","AHY",110,55,10
"10410","DUSA","HY",109,56.2,10
"10411","DUSA","AHY",116,57,10
"10412","DUSA","AHY",113,59.4,10
"10413","DUSA","HY",108,51.7,10
"10414","DUSA","AHY",111,56.6,10
"10415","DUSA","AHY",112,58.2,10
"10416","DUSA","AHY",113,52.7,10
"10417","DUSA","HY",112,53.4,10
"10418","DUSA","AHY",116,63.1,10
"10419","DUSA","AHY",111,57.6,10
"10420","DUSA","AHY",116,61.9,10
"10421","DUSA","AHY",112,59.2,10
"10422","JABO","HY",110,NA,10
"10423","DUSA","AHY",113,57.9,10
"10424","DUSA","HY",109,53.9,10
"10425","DUSA","AHY",110,61.5,10
"10426","DUSA","AHY",112,54.1,10
"10427","DUSA","HY",115,65.4,10
"10428","DUSA","HY",110,57.1,10
"10429","DUSA","AHY",109,60.9,10
"10430","DUSA","AHY",120,60.7,10
"10431","DUSA","HY",109,53.2,10
"10432","DUSA","AHY",117,57.6,10
"10433","DUSA","AHY",116,57.5,10
"10434","DUSA","AHY",116,58.8,10
"10435","DUSA","AHY",111,66.6,10
"10436","DUSA","HY",110,42.6,10
"10437","DUSA","HY",111,58.7,10
"10438","DUSA","AHY",112,55.3,10
"10439","DUSA","AHY",115,56.8,10
"10440","DUSA","AHY",115,57,10
"10441","DUSA","AHY",110,55.2,10
"10442","DUSA","AHY",110,53.5,10
"10443","DUSA","HY",109,50.6,10
"10444","DUSA","AHY",112,56.9,10
"10445","DUSA","HY",112,53.7,10
"10446","DUSA","AHY",119,58.4,10
"10447","DUSA","AHY",113,62.1,10
"10448","DUSA","AHY",113,NA,10
"10449","DUSA","AHY",110,63,10
"10450","DUSA","AHY",115,54,10
"10451","DUSA","AHY",112,52.8,10
"10452","DUSA","AHY",112,63.8,10
"10453","DUSA","AHY",106,57.2,10
"10454","DUSA","AHY",121,64.4,10
"10455","DUSA","HY",110,56.8,10
"10456","SIFL","HY",69,11.6,10
"10457","SIFL","HY",74,12.6,10
"10458","SIFL","HY",70,12.2,10
"10459","SIFL","HY",72,11.5,10
"10460","SIFL","HY",71,12.5,10
"10461","SIFL","HY",73,13.6,10
"10462","TAPI","HY",73,13.9,10
"10463","SIFL","HY",69,12.1,10
"10464","SIFL","HY",70,11.6,10
"10465","SIFL","HY",74,12.4,10
"10466","SIFL","AHY",77,16.8,10
"10467","SIFL","HY",72,12.6,10
"10468","SIFL","HY",72,12.2,10
"10469","SIFL","AHY",70,12,10
"10470","SIFL","AHY",78,16.7,10
"10471","SIFL","HY",70,12.5,10
"10472","TAPI","HY",68,12.2,10
"10473","TAPI","HY",71,11.9,10
"10474","TAPI","AHY",73,16.1,10
"10475","TAPI","HY",75,11.3,10
"10476","SIFL","HY",69,NA,10
"10477","SIFL","HY",73,12.7,10
"10478","SIFL","HY",73,14.5,10
"10479","SIFL","AHY",72,12.4,10
"10480","SIFL","HY",71,11.8,10
"10481","SIFL","HY",72,12.4,10
"10482","SIFL","HY",70,11.4,10
"10483","SIFL","HY",70,11.6,10
"10484","TAPI","HY",72,13.9,10
"10485","SIFL","HY",74,12.2,10
"10486","TAPI","AHY",74,14.8,10
"10487","SIFL","HY",75,12.9,10
"10488","SIFL","HY",70,10.7,10
"10489","SIFL","HY",73,13.9,10
"10490","TAPI","AHY",73,16.1,10
"10491","SIFL","HY",70,11.8,10
"10492","SIFL","HY",71,11,10
"10493","TAPI","AHY",73,12.6,10
"10494","TAPI","HY",73,13.7,10
"10495","TAPI","AHY",70,13.7,10
"10496","SIFL","HY",71,13.1,10
"10497","SIFL","HY",70,14,10
"10498","SIFL","AHY",75,19.9,10
"10499","SIFL","HY",72,13.4,10
"10500","SIFL","HY",72,12.7,10
"10501","SIFL","HY",71,13,10
"10502","SIFL","AHY",74,14.8,10
"10503","SIFL","AHY",72,11.9,10
"10504","SIFL","AHY",72,14.5,10
"10505","TAPI","HY",NA,NA,10
"10506","SIFL","AHY",71,12,10
"10507","SIFL","AHY",73,12.6,10
"10508","SIFL","HY",73,11.3,10
"10509","SIFL","HY",73,12.1,10
"10510","DUSA","AHY",119,63.3,10
"10511","DUSA","AHY",118,56.8,10
"10512","DUSA","AHY",115,59.9,10
"10513","DUSA","AHY",113,60.7,10
"10514","DUSA","HY",111,58.2,10
"10515","DUSA","HY",114,55.2,10
"10516","JABO","AHY",111,50.9,10
"10517","JABO","AHY",108,50.8,10
"10518","DUSA","AHY",112,56.2,10
"10519","DUSA","HY",110,51.9,10
"10520","DUSA","HY",113,51,10
"10521","DUSA","HY",110,53.3,10
"10522","DUSA","AHY",107,60.9,10
"10523","DUSA","AHY",114,58.1,10
"10524","DUSA","HY",112,59.9,10
"10525","DUSA","HY",114,62.8,10
"10526","DUSA","AHY",NA,63.3,10
"10527","DUSA","AHY",118,50.8,10
"10528","DUSA","HY",109,52.2,10
"10529","DUSA","HY",111,57.4,10
"10530","DUSA","AHY",112,58.8,10
"10531","DUSA","AHY",114,54.9,10
"10532","JABO","HY",112,56.5,10
"10533","JABO","AHY",110,62,10
"10534","JABO","HY",114,50.4,10
"10535","JABO","HY",111,57.4,10
"10536","JABO","AHY",113,56.6,10
"10537","JABO","AHY",106,45.8,10
"10538","SIFL","HY",70,11.9,10
"10539","SIFL","AHY",72,12.1,10
"10540","TAPI","AHY",71,14.2,10
"10541","SIFL","HY",69,11.3,10
"10542","TAPI","AHY",70,14,10
"10543","SIFL","AHY",73,12.5,10
"10544","TAPI","AHY",71,12.6,10
"10545","TAPI","AHY",71,12.9,10
"10546","TAPI","HY",70,12.3,10
"10547","SIFL","HY",79,19.2,10
"10548","TAPI","AHY",73,15.2,10
"10549","TAPI","AHY",71,12.1,10
"10550","TAPI","AHY",69,14.4,10
"10551","TAPI","AHY",70,11.1,10
"10552","SIFL","HY",71,12.8,10
"10553","SIFL","AHY",70,13.7,10
"10554","SIFL","HY",72,14.7,10
"10555","SIFL","HY",70,12.1,10
"10556","SIFL","AHY",72,12.5,10
"10557","TAPI","AHY",68,11.4,10
"10558","TAPI","AHY",70,11.6,10
"10559","TAPI","HY",72,12.3,10
"10560","TAPI","AHY",75,12.8,10
"10561","SIFL","HY",72,11.7,10
"10562","TAPI","AHY",74,11.9,10
"10563","TAPI","HY",68,13.1,10
"10564","TAPI","AHY",72,11.2,10
"10565","SIFL","HY",71,12.5,10
"10566","SIFL","HY",73,13.2,10
"10567","SIFL","HY",68,12.2,10
"10568","JABO","AHY",116,58.2,10
"10569","JABO","AHY",112,54.3,10
"10570","JABO","HY",115,58.3,10
"10571","SIFL","AHY",69,11.1,10
"10572","SIFL","HY",73,10.7,10
"10573","SIFL","AHY",73,10.9,10
"10574","SIFL","HY",72,11.8,10
"10575","SIFL","HY",75,10.6,10
"10576","DUSA","AHY",118,55.5,10
"10577","DUSA","HY",115,59.7,10
"10578","DUSA","AHY",116,59.4,10
"10579","DUSA","HY",113,56.3,10
"10580","DUSA","AHY",115,60,10
"10581","DUSA","AHY",115,56.6,10
"10582","DUSA","AHY",117,61,10
"10583","DUSA","HY",113,54.8,10
"10584","DUSA","AHY",116,58.3,10
"10585","DUSA","HY",112,59.3,10
"10586","DUSA","AHY",115,50.7,10
"10587","DUSA","AHY",113,56.5,10
"10588","DUSA","AHY",115,58.2,10
"10589","DUSA","AHY",117,55.6,10
"10590","DUSA","AHY",120,62.3,10
"10591","DUSA","AHY",112,56.3,10
"10592","DUSA","HY",112,52.2,10
"10593","DUSA","AHY",115,53.7,10
"10594","DUSA","HY",112,54.5,10
"10595","DUSA","AHY",115,55.3,10
"10596","DUSA","AHY",123,57.2,10
"10597","DUSA","AHY",118,58.4,10
"10598","DUSA","AHY",113,58.3,10
"10599","DUSA","AHY",NA,55.5,10
"10600","DUSA","HY",113,53.7,10
"10601","DUSA","HY",116,56.3,10
"10602","DUSA","HY",115,67,10
"10603","DUSA","AHY",110,48.3,10
"10604","DUSA","AHY",114,48.9,10
"10605","DUSA","AHY",118,59.7,10
"10606","DUSA","HY",110,57.1,10
"10607","DUSA","HY",108,54.6,10
"10608","DUSA","HY",110,51.2,10
"10609","SIFL","HY",70,11.9,10
"10610","SIFL","AHY",73,12.8,10
"10611","SIFL","HY",70,14.2,10
"10612","SIFL","AHY",70,12.2,10
"10613","SIFL","HY",74,12.7,10
"10614","SIFL","HY",75,12.8,10
"10615","TAPI","AHY",70,10.5,10
"10616","TAPI","AHY",71,13.5,10
"10617","TAPI","HY",69,9.8,10
"10618","SIFL","AHY",72,14.3,10
"10619","SIFL","HY",75,13.6,10
"10620","DUSA","AHY",116,59.5,10
"10621","DUSA","AHY",126,57.4,10
"10622","DUSA","HY",111,53.2,10
"10623","DUSA","AHY",118,62.8,10
"10624","DUSA","HY",110,53.7,10
"10625","DUSA","AHY",108,47.3,10
"10626","DUSA","HY",118,58,10
"10627","DUSA","AHY",106,58.8,10
"10628","DUSA","AHY",116,55.6,10
"10629","DUSA","HY",111,56.7,10
"10630","DUSA","AHY",115,55.8,10
"10631","DUSA","HY",113,53.8,10
"10632","DUSA","HY",115,52.9,10
"10633","DUSA","AHY",120,60.3,10
"10634","DUSA","AHY",118,53.2,10
"10635","DUSA","HY",111,54.2,10
"10636","DUSA","HY",111,53.6,10
"10637","DUSA","HY",110,55.2,10
"10638","JABO","AHY",NA,57.1,10
"10639","DUSA","HY",110,53.1,10
"10640","DUSA","AHY",118,57.6,10
"10641","DUSA","HY",112,48.7,10
"10642","DUSA","HY",111,53.2,10
"10643","DUSA","AHY",117,52.5,10
"10644","DUSA","AHY",114,73.4,10
"10645","DUSA","AHY",112,NA,10
"10646","DUSA","HY",112,63,10
"10647","DUSA","HY",112,52.2,10
"10648","DUSA","AHY",115,53.6,10
"10649","DUSA","AHY",116,56.7,10
"10650","DUSA","AHY",117,56.4,10
"10651","DUSA","HY",112,NA,10
"10652","DUSA","AHY",116,59,10
"10653","DUSA","AHY",108,55,10
"10654","DUSA","AHY",114,59,10
"10655","DUSA","HY",110,52.1,10
"10656","DUSA","HY",106,52.8,10
"10657","DUSA","AHY",113,59.3,10
"10658","DUSA","AHY",115,56.8,10
"10659","DUSA","HY",112,53.8,10
"10660","DUSA","HY",117,53.4,10
"10661","DUSA","HY",115,52,10
"10662","DUSA","AHY",118,61.3,10
"10663","DUSA","AHY",117,55.2,10
"10664","DUSA","HY",113,49.2,10
"10665","DUSA","AHY",116,54,10
"10666","DUSA","HY",113,54,10
"10667","JABO","HY",114,46.4,10
"10668","DUSA","AHY",113,50.7,10
"10669","DUSA","HY",115,55.8,10
"10670","DUSA","AHY",119,59.8,10
"10671","DUSA","HY",114,56.3,10
"10672","DUSA","HY",110,61.2,10
"10673","DUSA","HY",115,52.1,10
"10674","DUSA","AHY",114,52.2,10
"10675","DUSA","HY",112,54.7,10
"10676","DUSA","HY",112,56.4,10
"10677","DUSA","AHY",110,55.7,10
"10678","DUSA","AHY",113,NA,10
"10679","DUSA","AHY",114,53.2,10
"10680","DUSA","HY",111,61.9,10
"10681","DUSA","AHY",110,52.9,10
"10682","DUSA","AHY",108,56,10
"10683","JABO","AHY",114,54.4,10
"10684","JABO","AHY",107,52.1,10
"10685","DUSA","HY",114,54.6,10
"10686","DUSA","HY",115,53.5,10
"10687","DUSA","AHY",116,70.3,10
"10688","DUSA","AHY",110,59,10
"10689","DUSA","HY",108,61.8,10
"10690","DUSA","HY",115,64.2,10
"10691","DUSA","AHY",112,56.7,10
"10692","DUSA","AHY",115,63.5,10
"10693","SIFL","HY",75,13.3,10
"10694","SIFL","HY",72,13,10
"10695","TAPI","AHY",73,15,10
"10696","TAPI","HY",70,12.4,10
"10697","SIFL","AHY",71,11.4,10
"10698","SIFL","AHY",68,12.7,10
"10699","TAPI","AHY",69,12.2,10
"10700","SIFL","HY",68,11.9,10
"10701","TAPI","AHY",72,13.3,10
"10702","SIFL","HY",68,12,10
"10703","TAPI","HY",73,14.4,10
"10704","TAPI","HY",74,13.6,10
"10705","SIFL","HY",73,12.5,10
"10706","SIFL","AHY",72,15.5,10
"10707","SIFL","HY",71,13.4,10
"10708","SIFL","HY",71,14.1,10
"10709","SIFL","AHY",70,12.1,10
"10710","SIFL","HY",68,12.4,10
"10711","SIFL","HY",72,14.8,10
"10712","SIFL","HY",71,10.9,10
"10713","SIFL","HY",69,11.6,10
"10714","SIFL","HY",75,12.9,10
"10715","SIFL","HY",74,14.2,10
"10716","SIFL","HY",73,13.9,10
"10717","TAPI","AHY",72,15.2,10
"10718","SIFL","HY",75,15.5,10
"10719","SIFL","AHY",67,12.9,10
"10720","SIFL","AHY",71,13.2,10
"10721","SIFL","HY",70,12.3,10
"10722","SIFL","HY",75,13.5,10
"10723","SIFL","HY",76,15.1,10
"10724","SIFL","HY",71,14.8,10
"10725","SIFL","HY",70,12.5,10
"10726","SIFL","AHY",72,12,10
"10727","SIFL","AHY",72,12.9,10
"10728","SIFL","HY",71,14.9,10
"10729","SIFL","HY",69,13.2,10
"10730","SIFL","AHY",76,15.9,10
"10731","SIFL","HY",72,11.8,10
"10732","TAPI","HY",71,12.7,10
"10733","SIFL","HY",69,11.2,10
"10734","SIFL","HY",70,14,10
"10735","SIFL","HY",72,14.4,10
"10736","SIFL","HY",71,13.5,10
"10737","SIFL","HY",70,14.5,10
"10738","SIFL","HY",74,12.8,10
"10739","SIFL","HY",74,13.1,10
"10740","SIFL","HY",72,11.7,10
"10741","SIFL","HY",70,12,10
"10742","SIFL","HY",70,12.5,10
"10743","SIFL","HY",72,13.2,10
"10744","SIFL","HY",72,NA,10
"10745","SIFL","HY",69,13.2,10
"10746","SIFL","HY",72,11.9,10
"10747","SIFL","HY",72,12,10
"10748","SIFL","HY",72,12.3,10
"10749","SIFL","HY",74,13.1,10
"10750","TAPI","HY",74,12.2,10
"10751","SIFL","HY",74,13,10
"10752","SIFL","HY",73,11.4,10
"10753","SIFL","HY",70,12.4,10
"10754","SIFL","AHY",73,13,10
"10755","SIFL","HY",73,13.6,10
"10756","SIFL","HY",67,11.4,10
"10757","SIFL","HY",70,11.5,10
"10758","DUSA","HY",115,76.3,10
"10759","DUSA","AHY",116,64.1,10
"10760","DUSA","AHY",115,59.5,10
"10761","SIFL","HY",73,12,10
"10762","SIFL","HY",72,11.5,10
"10763","SIFL","HY",71,11.7,10
"10764","SIFL","HY",74,12.1,10
"10765","SIFL","HY",71,10.9,10
"10766","SIFL","HY",69,10.2,10
"10767","SIFL","HY",67,12.2,10
"10768","SIFL","HY",73,14.4,10
"10769","SIFL","HY",72,10.8,10
"10770","SIFL","HY",73,11.8,10
"10771","SIFL","HY",76,12,10
"10772","SIFL","HY",69,12.7,10
"10773","DUSA","AHY",114,58.4,10
"10774","DUSA","AHY",105,56.3,10
"10775","DUSA","HY",112,52,10
"10776","DUSA","AHY",106,53.1,10
"10777","DUSA","AHY",108,52.2,10
"10778","DUSA","HY",118,53.9,10
"10779","DUSA","AHY",109,46.8,10
"10780","DUSA","HY",115,54.3,10
"10781","DUSA","HY",119,55,10
"10782","DUSA","HY",110,54.7,10
"10783","DUSA","AHY",109,49.5,10
"10784","DUSA","AHY",118,54.1,10
"10785","DUSA","HY",112,57.2,10
"10786","DUSA","HY",114,56.9,10
"10787","DUSA","AHY",119,59,10
"10788","DUSA","HY",109,49.1,10
"10789","DUSA","AHY",114,53.6,10
"10790","DUSA","HY",113,51.8,10
"10791","DUSA","AHY",115,60.2,10
"10792","SIFL","AHY",74,12.1,10
"10793","SIFL","HY",69,13.4,10
"10794","SIFL","HY",71,11.5,10
"10795","SIFL","HY",72,12.3,10
"10796","TAPI","AHY",73,13.9,10
"10797","SIFL","HY",75,12.7,10
"10798","SIFL","HY",75,12.8,10
"10799","SIFL","HY",69,11.3,10
"10800","SIFL","HY",70,11.7,10
"10801","SIFL","AHY",67,11,10
"10802","SIFL","HY",70,11.2,10
"10803","SIFL","HY",78,15,10
"10804","SIFL","HY",76,11.9,10
"10805","TAPI","HY",70,12.6,11
"10806","TAPI","HY",71,NA,11
"10807","TAPI","HY",74,13.9,11
"10808","TAPI","HY",74,12.3,11
"10809","TAPI","AHY",70,11.6,11
"10810","TAPI","HY",72,12.4,11
"10811","TAPI","HY",68,12.2,11
"10812","TAPI","HY",71,13.3,11
"10813","TAPI","HY",69,13.1,11
"10814","TAPI","HY",73,12.7,11
"10815","TAPI","HY",68,13.2,11
"10816","TAPI","HY",70,12.1,11
"10817","TAPI","HY",72,11.5,11
"10818","TAPI","HY",72,13.5,11
"10819","TAPI","AHY",71,12.3,11
"10820","TAPI","HY",72,14.1,11
"10821","TAPI","HY",73,14,11
"10822","TAPI","HY",66,11.8,11
"10823","TAPI","HY",71,12.7,11
"10824","TAPI","HY",71,13.6,11
"10825","TAPI","HY",70,11.6,11
"10826","TAPI","HY",75,13.5,11
"10827","TAPI","HY",66,10.6,11
"10828","TAPI","AHY",70,12.9,11
"10829","TAPI","AHY",73,12.2,11
"10830","TAPI","AHY",72,12.9,11
"10831","TAPI","HY",72,13.2,11
"10832","TAPI","HY",70,13.6,11
"10833","TAPI","HY",69,13.2,11
"10834","TAPI","HY",71,12.3,11
"10835","TAPI","HY",68,12.1,11
"10836","TAPI","HY",75,13.3,11
"10837","TAPI","HY",71,13.3,11
"10838","TAPI","HY",71,11.7,11
"10839","TAPI","HY",71.5,12.3,11
"10840","TAPI","HY",73,12.6,11
"10841","TAPI","HY",71,12,11
"10842","TAPI","HY",71,12.9,11
"10843","TAPI","HY",73,12.5,11
"10844","TAPI","HY",72,13.2,11
"10845","TAPI","AHY",71,13.8,11
"10846","TAPI","AHY",69.5,13.8,11
"10847","TAPI","AHY",71,13.1,11
"10848","TAPI","AHY",75,13.4,11
"10849","TAPI","HY",72,12.9,11
"10850","TAPI","HY",75,13,11
"10851","TAPI","HY",72,13.4,11
"10852","TAPI","HY",70,12.1,11
"10853","TAPI","HY",71,12.8,11
"10854","TAPI","HY",67.5,12.7,11
"10855","TAPI","HY",NA,NA,11
"10856","TAPI","AHY",74,15,11
"10857","TAPI","HY",73,13.1,11
"10858","TAPI","HY",71,12.9,11
"10859","TAPI","HY",69,13.6,11
"10860","TAPI","HY",73,12.9,11
"10861","TAPI","HY",72,11.7,11
"10862","TAPI","HY",71,13,11
"10863","TAPI","HY",70,12.5,11
"10864","TAPI","HY",71,12.6,11
"10865","TAPI","HY",74,12.8,11
"10866","TAPI","HY",71,13.2,11
"10867","TAPI","HY",71,13.7,11
"10868","TAPI","AHY",73,12.8,11
"10869","TAPI","HY",71,12.4,11
"10870","TAPI","HY",70,12.1,11
"10871","TAPI","HY",67,13,11
"10872","TAPI","HY",75,12.4,11
"10873","TAPI","HY",71,13,11
"10874","TAPI","HY",70,11.9,11
"10875","TAPI","HY",69,12.2,11
"10876","TAPI","HY",71,13.4,11
"10877","TAPI","HY",69,12.7,11
"10878","TAPI","HY",72,14.5,11
"10879","TAPI","HY",71,12.7,11
"10880","TAPI","HY",68,11.8,11
"10881","TAPI","HY",72.5,12.3,11
"10882","TAPI","HY",72,12.6,11
"10883","TAPI","HY",72,12,11
"10884","TAPI","HY",74,12.7,11
"10885","TAPI","HY",70,13.7,11
"10886","TAPI","HY",74,13.3,11
"10887","TAPI","HY",71,13.3,11
"10888","TAPI","HY",68,11.8,11
"10889","TAPI","AHY",71.5,13.3,11
"10890","TAPI","HY",71.5,14.6,11
"10891","TAPI","AHY",74,12.2,11
"10892","TAPI","HY",73,13.1,11
"10893","TAPI","HY",69,13.1,11
"10894","TAPI","HY",73,13.1,11
"10895","TAPI","HY",71,13,11
"10896","TAPI","HY",70,11.4,11
"10897","TAPI","HY",75,13,11
"10898","TAPI","HY",72,13,11
"10899","TAPI","HY",75,13.4,11
"10900","TAPI","HY",70,12.5,11
"10901","TAPI","HY",75,13.2,11
"10902","TAPI","HY",71,12.5,11
"10903","TAPI","HY",71,11.4,11
"10904","TAPI","AHY",72,12,11
"10905","TAPI","HY",75,13.6,11
"10906","TAPI","HY",73,13.3,11
"10907","TAPI","HY",72,12.3,11
"10908","TAPI","HY",72,12.9,11
"10909","TAPI","HY",72,12.8,11
"10910","TAPI","HY",69,11.4,11
"10911","TAPI","AHY",74,12.7,11
"10912","TAPI","HY",71,13.2,11
"10913","TAPI","AHY",72,14,11
"10914","TAPI","AHY",74,12.6,11
"10915","TAPI","AHY",76,13.6,11
"10916","TAPI","AHY",75,13.1,11
"10917","TAPI","HY",69,12.4,11
"10918","TAPI","HY",70,13,11
"10919","TAPI","HY",69.5,13.1,11
"10920","TAPI","AHY",71.5,14.1,11
"10921","TAPI","AHY",72.5,11.8,11
"10922","TAPI","AHY",72,12.8,11
"10923","TAPI","HY",73,13.1,11
"10924","TAPI","HY",71.5,13.4,11
"10925","TAPI","HY",68,14,11
"10926","TAPI","AHY",70,12.5,11
"10927","TAPI","HY",74,13.4,11
"10928","TAPI","HY",69,12.9,11
"10929","TAPI","HY",72,12.4,11
"10930","TAPI","HY",72,13.6,11
"10931","TAPI","HY",74,12.3,11
"10932","TAPI","HY",73,12.1,11
"10933","TAPI","HY",71,12.3,11
"10934","TAPI","HY",70,12.8,11
"10935","TAPI","HY",68,11.8,11
"10936","TAPI","HY",69,11.5,11
"10937","TAPI","HY",68,12.6,11
"10938","TAPI","HY",73,12.2,11
"10939","TAPI","HY",73.5,13.4,11
"10940","TAPI","HY",72,14.1,11
"10941","TAPI","HY",70.5,12.1,11
"10942","TAPI","HY",74,12.1,11
"10943","TAPI","HY",70,13.3,11
"10944","TAPI","AHY",75.5,13.8,11
"10945","TAPI","HY",74,13,11
"10946","TAPI","AHY",69,12.5,11
"10947","TAPI","AHY",71,12.4,11
"10948","TAPI","AHY",75,12.8,11
"10949","TAPI","HY",74,14.5,11
"10950","TAPI","HY",72,12.2,11
"10951","TAPI","AHY",74,13.1,11
"10952","TAPI","HY",69,13.4,11
"10953","TAPI","AHY",70,14.2,11
"10954","TAPI","HY",69,12.2,11
"10955","TAPI","HY",72,12.6,11
"10956","TAPI","HY",71,13.5,11
"10957","TAPI","AHY",72,11,11
"10958","TAPI","HY",71,12.1,11
"10959","TAPI","HY",72,12.6,11
"10960","TAPI","HY",71,11.2,11
"10961","TAPI","HY",72,11.6,11
"10962","TAPI","HY",NA,11.2,11
"10963","TAPI","AHY",73,13.1,11
"10964","TAPI","HY",72,13.3,11
"10965","TAPI","HY",68,12.9,11
"10966","TAPI","AHY",NA,13.1,11
"10967","TAPI","HY",72,12.5,11
"10968","TAPI","HY",74,12.8,11
"10969","TAPI","HY",63,12.3,11
"10970","TAPI","HY",71,13.5,11
"10971","TAPI","HY",70,11.9,11
"10972","TAPI","AHY",72,12.1,11
"10973","TAPI","HY",73,13.5,11
"10974","TAPI","AHY",72,12.5,11
"10975","TAPI","HY",71,13.9,11
"10976","TAPI","HY",72,12.8,11
"10977","TAPI","HY",72,12.1,11
"10978","TAPI","AHY",74,12.8,11
"10979","TAPI","HY",70,12.6,11
"10980","TAPI","HY",72,13.4,11
"10981","TAPI","HY",73,13,11
"10982","TAPI","HY",72,12.1,11
"10983","TAPI","AHY",75,12.6,11
"10984","TAPI","HY",73,13.2,11
"10985","TAPI","AHY",72,12.8,11
"10986","TAPI","HY",70,13.4,11
"10987","TAPI","HY",71,12.7,11
"10988","TAPI","HY",68,13.4,11
"10989","TAPI","HY",72,13.3,11
"10990","TAPI","HY",NA,13.5,11
"10991","TAPI","HY",71,13.7,11
"10992","TAPI","AHY",73,13.5,11
"10993","TAPI","AHY",74,14.1,11
"10994","TAPI","HY",72,13.6,11
"10995","TAPI","AHY",68,12.3,11
"10996","TAPI","HY",72,13,11
"10997","TAPI","AHY",73,13.2,11
"10998","TAPI","HY",71,13.3,11
"10999","TAPI","HY",72,14.1,11
"11000","TAPI","HY",74,12.3,11
"11001","TAPI","HY",72,13.8,11
"11002","TAPI","HY",73,12.6,11
"11003","TAPI","HY",71,12.4,11
"11004","TAPI","HY",72,13.2,11
"11005","TAPI","AHY",68,12.5,11
"11006","TAPI","HY",71,13.2,11
"11007","TAPI","HY",76,13.1,11
"11008","TAPI","HY",72,12.5,11
"11009","TAPI","AHY",72,11.8,11
"11010","TAPI","HY",71,12.8,11
"11011","TAPI","HY",72,12.9,11
"11012","TAPI","HY",69,12.8,11
"11013","TAPI","HY",NA,NA,11
"11014","TAPI","HY",NA,NA,11
"11015","TAPI","HY",NA,NA,11
"11016","TAPI","HY",NA,NA,11
"11017","TAPI","AHY",NA,NA,11
"11018","TAPI","HY",72,NA,11
"11019","TAPI","HY",NA,NA,11
"11020","TAPI","AHY",NA,NA,11
"11021","TAPI","HY",NA,NA,11
"11022","TAPI","HY",NA,NA,11
"11023","TAPI","HY",NA,NA,11
"11024","TAPI","HY",NA,NA,11
"11025","TAPI","AHY",NA,NA,11
"11026","TAPI","HY",NA,NA,11
"11027","TAPI","HY",NA,NA,11
"11028","TAPI","HY",NA,NA,11
"11029","TAPI","HY",NA,NA,11
"11030","TAPI","HY",NA,NA,11
"11031","TAPI","HY",NA,NA,11
"11032","TAPI","HY",NA,NA,11
"11033","TAPI","HY",NA,NA,11
"11034","TAPI","HY",NA,NA,11
"11035","TAPI","HY",NA,NA,11
"11036","TAPI","HY",NA,NA,11
"11037","TAPI","HY",NA,NA,11
"11038","TAPI","AHY",NA,NA,11
"11039","TAPI","HY",NA,NA,11
"11040","TAPI","HY",NA,NA,11
"11041","TAPI","AHY",NA,NA,11
"11042","TAPI","HY",NA,NA,11
"11043","TAPI","HY",NA,NA,11
"11044","TAPI","AHY",NA,NA,11
"11045","TAPI","HY",NA,NA,11
"11046","TAPI","HY",NA,NA,11
"11047","TAPI","HY",NA,NA,11
"11048","TAPI","HY",NA,NA,11
"11049","TAPI","HY",NA,NA,11
"11050","TAPI","HY",NA,NA,11
"11051","TAPI","AHY",NA,NA,11
"11052","TAPI","HY",NA,NA,11
"11053","TAPI","AHY",NA,NA,11
"11054","TAPI","HY",NA,NA,11
"11055","TAPI","AHY",NA,NA,11
"11056","TAPI","HY",NA,NA,11
"11057","TAPI","HY",NA,NA,11
"11058","TAPI","AHY",NA,NA,11
"11059","TAPI","AHY",NA,NA,11
"11060","TAPI","AHY",NA,NA,11
"11061","TAPI","HY",NA,NA,11
"11062","TAPI","HY",NA,NA,11
"11063","TAPI","HY",NA,NA,11
"11064","TAPI","HY",NA,NA,11
"11065","TAPI","HY",NA,NA,11
"11066","TAPI","HY",NA,NA,11
"11067","TAPI","HY",NA,NA,11
"11068","TAPI","HY",NA,NA,11
"11069","TAPI","HY",NA,NA,11
"11070","TAPI","HY",NA,NA,11
"11071","TAPI","HY",NA,NA,11
"11072","TAPI","AHY",NA,NA,11
"11073","TAPI","AHY",NA,NA,11
"11074","TAPI","HY",NA,NA,11
"11075","TAPI","AHY",NA,NA,11
"11076","TAPI","HY",NA,NA,11
"11077","TAPI","AHY",NA,NA,11
"11078","TAPI","HY",NA,NA,11
"11079","TAPI","HY",NA,NA,11
"11080","TAPI","HY",NA,NA,11
"11081","TAPI","HY",NA,NA,11
"11082","TAPI","HY",NA,NA,11
"11083","TAPI","HY",NA,NA,11
"11084","TAPI","HY",NA,NA,11
"11085","TAPI","HY",NA,NA,11
"11086","TAPI","AHY",NA,NA,11
"11087","TAPI","HY",NA,NA,11
"11088","TAPI","HY",NA,NA,11
"11089","TAPI","HY",NA,NA,11
"11090","TAPI","HY",NA,NA,11
"11091","TAPI","AHY",NA,NA,11
"11092","TAPI","AHY",NA,NA,11
"11093","TAPI","HY",NA,NA,11
"11094","TAPI","HY",NA,NA,11
"11095","TAPI","HY",NA,NA,11
"11096","TAPI","HY",NA,NA,11
"11097","TAPI","HY",NA,NA,11
"11098","TAPI","HY",NA,NA,11
"11099","TAPI","AHY",NA,NA,11
"11100","TAPI","HY",NA,NA,11
"11101","TAPI","AHY",NA,NA,11
"11102","TAPI","HY",NA,NA,11
"11103","TAPI","HY",NA,NA,11
"11104","TAPI","HY",NA,NA,11
"11105","TAPI","HY",NA,NA,11
"11106","TAPI","HY",NA,NA,11
"11107","TAPI","HY",NA,NA,11
"11108","TAPI","HY",NA,NA,11
"11109","TAPI","HY",NA,NA,11
"11110","TAPI","HY",NA,NA,11
"11111","TAPI","AHY",NA,NA,11
"11112","TAPI","HY",NA,NA,11
"11113","TAPI","HY",NA,NA,11
"11114","TAPI","HY",NA,NA,11
"11115","TAPI","HY",NA,NA,11
"11116","TAPI","HY",NA,NA,11
"11117","TAPI","HY",NA,NA,11
"11118","TAPI","HY",NA,NA,11
"11119","TAPI","HY",NA,NA,11
"11120","TAPI","HY",NA,NA,11
"11121","TAPI","HY",NA,NA,11
"11122","TAPI","HY",NA,NA,11
"11123","TAPI","HY",NA,NA,11
"11124","TAPI","HY",NA,NA,11
"11125","TAPI","HY",NA,NA,11
"11126","TAPI","AHY",NA,NA,11
"11127","TAPI","AHY",NA,NA,11
"11128","TAPI","AHY",NA,NA,11
"11129","TAPI","HY",NA,NA,11
"11130","TAPI","AHY",NA,NA,11
"11131","TAPI","HY",NA,NA,11
"11132","TAPI","HY",NA,NA,11
"11133","TAPI","HY",NA,NA,11
"11134","TAPI","HY",NA,NA,11
"11135","TAPI","HY",NA,NA,11
"11136","TAPI","HY",NA,NA,11
"11137","TAPI","HY",NA,NA,11
"11138","TAPI","HY",NA,NA,11
"11139","TAPI","HY",NA,NA,11
"11140","TAPI","HY",NA,NA,11
"11141","TAPI","HY",NA,NA,11
"11142","TAPI","HY",NA,NA,11
"11143","TAPI","HY",NA,NA,11
"11144","TAPI","HY",NA,NA,11
"11145","TAPI","HY",NA,NA,11
"11146","TAPI","HY",NA,NA,11
"11147","TAPI","HY",NA,NA,11
"11148","TAPI","AHY",NA,NA,11
"11149","TAPI","AHY",NA,NA,11
"11150","TAPI","HY",NA,NA,11
"11151","TAPI","HY",NA,NA,11
"11152","TAPI","HY",NA,NA,11
"11153","TAPI","HY",NA,NA,11
"11154","TAPI","HY",NA,NA,11
"11155","TAPI","HY",NA,NA,11
"11156","TAPI","HY",NA,NA,11
"11157","TAPI","HY",NA,NA,11
"11158","TAPI","HY",NA,NA,11
"11159","TAPI","HY",NA,NA,11
"11160","TAPI","HY",NA,NA,11
"11161","TAPI","AHY",NA,NA,11
"11162","TAPI","HY",NA,NA,11
"11163","TAPI","HY",NA,NA,11
"11164","TAPI","HY",NA,NA,11
"11165","TAPI","HY",NA,NA,11
"11166","TAPI","HY",NA,NA,11
"11167","TAPI","AHY",NA,NA,11
"11168","TAPI","HY",NA,NA,11
"11169","TAPI","HY",NA,NA,11
"11170","TAPI","HY",NA,NA,11
"11171","TAPI","HY",NA,NA,11
"11172","TAPI","HY",NA,NA,11
"11173","TAPI","HY",NA,NA,11
"11174","TAPI","HY",NA,NA,11
"11175","TAPI","HY",NA,NA,11
"11176","TAPI","AHY",NA,NA,11
"11177","TAPI","AHY",NA,NA,11
"11178","TAPI","HY",NA,NA,11
"11179","TAPI","HY",NA,NA,11
"11180","TAPI","HY",NA,NA,11
"11181","TAPI","AHY",NA,NA,11
"11182","TAPI","HY",NA,NA,11
"11183","TAPI","HY",NA,NA,11
"11184","TAPI","HY",NA,NA,11
"11185","TAPI","HY",NA,NA,11
"11186","TAPI","AHY",NA,NA,11
"11187","TAPI","HY",NA,NA,11
"11188","TAPI","HY",NA,NA,11
"11189","TAPI","HY",NA,NA,11
"11190","TAPI","HY",NA,NA,11
"11191","TAPI","AHY",NA,NA,11
"11192","TAPI","AHY",NA,NA,11
"11193","TAPI","HY",NA,NA,11
"11194","TAPI","HY",NA,NA,11
"11195","TAPI","HY",NA,NA,11
"11196","TAPI","HY",NA,NA,11
"11197","TAPI","HY",NA,NA,11
"11198","TAPI","HY",NA,NA,11
"11199","TAPI","HY",NA,NA,11
"11200","TAPI","HY",NA,NA,11
"11201","TAPI","HY",NA,NA,11
"11202","TAPI","HY",NA,NA,11
"11203","TAPI","HY",NA,NA,11
"11204","TAPI","HY",NA,NA,11
"11205","TAPI","HY",NA,NA,11
"11206","TAPI","HY",NA,NA,11
"11207","TAPI","HY",NA,NA,11
"11208","TAPI","HY",NA,NA,11
"11209","TAPI","HY",NA,NA,11
"11210","TAPI","HY",NA,NA,11
"11211","TAPI","HY",NA,NA,11
"11212","TAPI","AHY",NA,NA,11
"11213","TAPI","HY",NA,NA,11
"11214","TAPI","AHY",NA,NA,11
"11215","TAPI","HY",NA,NA,11
"11216","TAPI","HY",NA,NA,11
"11217","TAPI","HY",NA,NA,11
"11218","TAPI","HY",NA,NA,11
"11219","TAPI","HY",NA,NA,11
"11220","TAPI","AHY",NA,NA,11
"11221","TAPI","HY",NA,NA,11
"11222","TAPI","HY",NA,NA,11
"11223","TAPI","HY",NA,NA,11
"11224","TAPI","HY",NA,NA,11
"11225","TAPI","AHY",NA,NA,11
"11226","TAPI","HY",NA,NA,11
"11227","TAPI","HY",NA,NA,11
"11228","TAPI","HY",NA,NA,11
"11229","TAPI","HY",NA,NA,11
"11230","TAPI","HY",NA,NA,11
"11231","TAPI","AHY",NA,NA,11
"11232","TAPI","HY",NA,NA,11
"11233","TAPI","HY",NA,NA,11
"11234","TAPI","HY",NA,NA,11
"11235","TAPI","HY",74,NA,11
"11236","TAPI","HY",NA,NA,11
"11237","TAPI","HY",NA,NA,11
"11238","TAPI","HY",NA,NA,11
"11239","TAPI","AHY",NA,NA,11
"11240","TAPI","HY",NA,NA,11
"11241","TAPI","HY",NA,NA,11
"11242","TAPI","HY",NA,NA,11
"11243","TAPI","HY",NA,NA,11
"11244","TAPI","HY",NA,NA,11
"11245","TAPI","HY",NA,NA,11
"11246","TAPI","HY",NA,NA,11
"11247","TAPI","HY",NA,NA,11
"11248","TAPI","HY",NA,NA,11
"11249","TAPI","HY",NA,NA,11
"11250","TAPI","HY",NA,NA,11
"11251","TAPI","HY",NA,NA,11
"11252","TAPI","HY",NA,NA,11
"11253","TAPI","AHY",NA,NA,11
"11254","TAPI","HY",NA,NA,11
"11255","TAPI","HY",NA,NA,11
"11256","TAPI","AHY",NA,NA,11
"11257","TAPI","AHY",NA,NA,11
"11258","TAPI","HY",NA,NA,11
"11259","TAPI","AHY",NA,NA,11
"11260","TAPI","HY",NA,NA,11
"11261","TAPI","HY",NA,NA,11
"11262","TAPI","HY",NA,NA,11
"11263","TAPI","HY",NA,NA,11
"11264","TAPI","HY",NA,NA,11
"11265","TAPI","HY",NA,NA,11
"11266","TAPI","HY",NA,NA,11
"11267","TAPI","HY",NA,NA,11
"11268","TAPI","HY",NA,NA,11
"11269","TAPI","HY",NA,NA,11
"11270","TAPI","HY",NA,NA,11
"11271","TAPI","HY",NA,NA,11
"11272","TAPI","HY",NA,NA,11
"11273","TAPI","HY",NA,NA,11
"11274","TAPI","HY",NA,NA,11
"11275","TAPI","HY",NA,NA,11
"11276","TAPI","HY",NA,NA,11
"11277","TAPI","AHY",NA,NA,11
"11278","TAPI","HY",NA,NA,11
"11279","TAPI","AHY",NA,NA,11
"11280","TAPI","HY",NA,NA,11
"11281","TAPI","AHY",NA,NA,11
"11282","TAPI","HY",NA,NA,11
"11283","TAPI","HY",NA,NA,11
"11284","TAPI","HY",NA,NA,11
"11285","TAPI","HY",NA,NA,11
"11286","TAPI","HY",NA,NA,11
"11287","TAPI","AHY",NA,NA,11
"11288","TAPI","HY",NA,NA,11
"11289","TAPI","HY",NA,NA,11
"11290","TAPI","HY",NA,NA,11
"11291","TAPI","HY",NA,NA,11
"11292","TAPI","HY",NA,NA,11
"11293","TAPI","HY",NA,NA,11
"11294","TAPI","HY",NA,NA,11
"11295","TAPI","HY",NA,NA,11
"11296","TAPI","HY",NA,NA,11
"11297","TAPI","AHY",NA,NA,11
"11298","TAPI","HY",NA,NA,11
"11299","TAPI","HY",NA,NA,11
"11300","TAPI","HY",NA,NA,11
"11301","TAPI","HY",NA,NA,11
"11302","TAPI","HY",NA,NA,11
"11303","TAPI","HY",NA,NA,11
"11304","TAPI","HY",NA,NA,11
"11305","TAPI","HY",NA,NA,11
"11306","TAPI","AHY",NA,NA,11
"11307","TAPI","HY",NA,NA,11
"11308","TAPI","HY",NA,NA,11
"11309","TAPI","HY",NA,NA,11
"11310","TAPI","HY",NA,NA,11
"11311","TAPI","HY",NA,NA,11
"11312","TAPI","HY",NA,NA,11
"11313","TAPI","HY",NA,NA,11
"11314","TAPI","AHY",NA,NA,11
"11315","TAPI","AHY",NA,NA,11
"11316","TAPI","HY",NA,NA,11
"11317","TAPI","AHY",NA,NA,11
"11318","TAPI","HY",NA,NA,11
"11319","TAPI","HY",NA,NA,11
"11320","TAPI","HY",NA,NA,11
"11321","TAPI","HY",NA,NA,11
"11322","TAPI","HY",NA,NA,11
"11323","TAPI","HY",NA,NA,11
"11324","TAPI","HY",NA,NA,11
"11325","TAPI","AHY",NA,NA,11
"11326","TAPI","HY",NA,NA,11
"11327","TAPI","HY",NA,NA,11
"11328","TAPI","HY",NA,NA,11
"11329","TAPI","HY",NA,NA,11
"11330","TAPI","HY",NA,NA,11
"11331","TAPI","HY",NA,NA,11
"11332","TAPI","HY",NA,NA,11
"11333","TAPI","HY",NA,NA,11
"11334","TAPI","HY",NA,NA,11
"11335","TAPI","HY",NA,NA,11
"11336","TAPI","HY",NA,NA,11
"11337","TAPI","AHY",NA,NA,11
"11338","TAPI","HY",NA,NA,11
"11339","TAPI","HY",NA,NA,11
"11340","TAPI","HY",NA,NA,11
"11341","TAPI","HY",NA,NA,11
"11342","TAPI","HY",NA,NA,11
"11343","TAPI","HY",NA,NA,11
"11344","TAPI","HY",NA,NA,11
"11345","TAPI","HY",NA,NA,11
"11346","TAPI","AHY",NA,NA,11
"11347","TAPI","AHY",NA,NA,11
"11348","TAPI","HY",NA,NA,11
"11349","TAPI","HY",NA,NA,11
"11350","TAPI","HY",NA,NA,11
"11351","TAPI","HY",NA,NA,11
"11352","TAPI","HY",NA,NA,11
"11353","TAPI","AHY",NA,NA,11
"11354","TAPI","HY",NA,NA,11
"11355","TAPI","HY",NA,NA,11
"11356","TAPI","HY",NA,NA,11
"11357","TAPI","HY",NA,NA,11
"11358","TAPI","HY",NA,NA,11
"11359","TAPI","AHY",NA,NA,11
"11360","TAPI","HY",NA,NA,11
"11361","TAPI","HY",NA,NA,11
"11362","TAPI","HY",NA,NA,11
"11363","TAPI","HY",NA,NA,11
"11364","TAPI","HY",NA,NA,11
"11365","TAPI","AHY",NA,NA,11
"11366","TAPI","HY",NA,NA,11
"11367","TAPI","AHY",NA,NA,11
"11368","TAPI","HY",NA,NA,11
"11369","TAPI","HY",NA,NA,11
"11370","TAPI","HY",NA,NA,11
"11371","TAPI","HY",NA,NA,11
"11372","TAPI","HY",NA,NA,11
"11373","TAPI","HY",NA,NA,11
"11374","TAPI","HY",NA,NA,11
"11375","TAPI","HY",NA,NA,11
"11376","TAPI","HY",NA,NA,11
"11377","TAPI","HY",NA,NA,11
"11378","TAPI","HY",NA,NA,11
"11379","TAPI","HY",NA,NA,11
"11380","TAPI","AHY",NA,NA,11
"11381","TAPI","HY",NA,NA,11
"11382","TAPI","HY",NA,NA,11
"11383","TAPI","HY",NA,NA,11
"11384","TAPI","HY",NA,NA,11
"11385","TAPI","HY",NA,NA,11
"11386","TAPI","HY",NA,NA,11
"11387","TAPI","HY",NA,NA,11
"11388","TAPI","AHY",NA,NA,11
"11389","TAPI","HY",NA,NA,11
"11390","TAPI","AHY",NA,NA,11
"11391","TAPI","HY",NA,NA,11
"11392","TAPI","HY",NA,NA,11
"11393","TAPI","HY",NA,NA,11
"11394","TAPI","HY",NA,NA,11
"11395","TAPI","HY",NA,NA,11
"11396","TAPI","AHY",NA,NA,11
"11397","TAPI","HY",NA,NA,11
"11398","TAPI","HY",NA,NA,11
"11399","TAPI","HY",NA,NA,11
"11400","TAPI","HY",NA,NA,11
"11401","TAPI","HY",NA,NA,11
"11402","TAPI","HY",NA,NA,11
"11403","TAPI","HY",NA,NA,11
"11404","TAPI","HY",NA,NA,11
"11405","TAPI","AHY",NA,NA,11
"11406","TAPI","AHY",NA,NA,11
"11407","TAPI","HY",NA,NA,11
"11408","TAPI","AHY",NA,NA,11
"11409","TAPI","HY",NA,NA,11
"11410","TAPI","HY",NA,NA,11
"11411","TAPI","AHY",NA,NA,11
"11412","TAPI","AHY",NA,NA,11
"11413","TAPI","HY",NA,NA,11
"11414","TAPI","HY",NA,NA,11
"11415","TAPI","HY",NA,NA,11
"11416","TAPI","HY",NA,NA,11
"11417","TAPI","HY",NA,NA,11
"11418","TAPI","HY",NA,NA,11
"11419","TAPI","HY",NA,NA,11
"11420","TAPI","HY",NA,NA,11
"11421","TAPI","AHY",NA,NA,11
"11422","TAPI","AHY",NA,NA,11
"11423","TAPI","HY",NA,NA,11
"11424","TAPI","AHY",NA,NA,11
"11425","TAPI","HY",NA,NA,11
"11426","TAPI","AHY",NA,NA,11
"11427","TAPI","HY",NA,NA,11
"11428","TAPI","HY",NA,NA,11
"11429","TAPI","HY",NA,NA,11
"11430","TAPI","HY",NA,NA,11
"11431","TAPI","HY",NA,NA,11
"11432","TAPI","HY",NA,NA,11
"11433","TAPI","HY",NA,NA,11
"11434","TAPI","HY",NA,NA,11
"11435","TAPI","HY",NA,NA,11
"11436","TAPI","HY",69,NA,11
"11437","TAPI","HY",NA,NA,11
"11438","TAPI","HY",68,NA,11
"11439","TAPI","HY",70,NA,11
"11440","TAPI","HY",72,NA,11
"11441","TAPI","HY",70,NA,11
"11442","TAPI","HY",70,NA,11
"11443","TAPI","HY",68,NA,11
"11444","TAPI","AHY",73,NA,11
"11445","TAPI","AHY",74,NA,11
"11446","TAPI","HY",74,NA,11
"11447","TAPI","HY",72,NA,11
"11448","TAPI","HY",73,NA,11
"11449","TAPI","HY",70,NA,11
"11450","TAPI","HY",68,NA,11
"11451","TAPI","HY",71,NA,11
"11452","TAPI","HY",70,NA,11
"11453","TAPI","AHY",73,NA,11
"11454","TAPI","AHY",73,NA,11
"11455","TAPI","HY",73,NA,11
"11456","TAPI","AHY",72,NA,11
"11457","TAPI","HY",71,NA,11
"11458","TAPI","HY",72,NA,11
"11459","TAPI","HY",70,NA,11
"11460","TAPI","HY",68,NA,11
"11461","TAPI","HY",74,NA,11
"11462","TAPI","AHY",73,NA,11
"11463","TAPI","AHY",73,NA,11
"11464","TAPI","HY",72,NA,11
"11465","TAPI","AHY",73,NA,11
"11466","TAPI","AHY",72,NA,11
"11467","TAPI","HY",69,NA,11
"11468","TAPI","HY",74,NA,11
"11469","TAPI","HY",69,NA,11
"11470","TAPI","AHY",72,NA,11
"11471","TAPI","HY",73,NA,11
"11472","TAPI","HY",70,NA,11
"11473","TAPI","HY",71,NA,11
"11474","TAPI","HY",71,NA,11
"11475","TAPI","HY",71,NA,11
"11476","TAPI","AHY",71,NA,11
"11477","TAPI","HY",69,NA,11
"11478","TAPI","HY",70,NA,11
"11479","TAPI","HY",71,NA,11
"11480","TAPI","HY",71,NA,11
"11481","TAPI","HY",74,NA,11
"11482","TAPI","HY",70,NA,11
"11483","TAPI","HY",73,NA,11
"11484","TAPI","HY",67,NA,11
"11485","TAPI","HY",72,NA,11
"11486","TAPI","HY",72,NA,11
"11487","TAPI","HY",69,NA,11
"11488","TAPI","HY",72,NA,11
"11489","TAPI","HY",70,NA,11
"11490","TAPI","HY",72,NA,11
"11491","TAPI","HY",75,NA,11
"11492","TAPI","HY",NA,NA,11
"11493","TAPI","HY",76,NA,11
"11494","TAPI","HY",72,NA,11
"11495","TAPI","AHY",68,NA,11
"11496","TAPI","AHY",NA,NA,11
"11497","TAPI","HY",67,NA,11
"11498","TAPI","AHY",71,NA,11
"11499","TAPI","AHY",NA,NA,11
"11500","TAPI","HY",73,NA,11
"11501","TAPI","HY",73,NA,11
"11502","TAPI","HY",71,NA,11
"11503","TAPI","HY",NA,NA,11
"11504","TAPI","HY",72,NA,11
"11505","TAPI","HY",NA,NA,11
"11506","TAPI","HY",72,NA,11
"11507","TAPI","AHY",NA,NA,11
"11508","TAPI","HY",72,NA,11
"11509","TAPI","HY",72,NA,11
"11510","TAPI","AHY",74,NA,11
"11511","TAPI","HY",NA,NA,11
"11512","TAPI","HY",70,NA,11
"11513","TAPI","HY",68,NA,11
"11514","TAPI","HY",NA,NA,11
"11515","TAPI","AHY",69,NA,11
"11516","TAPI","HY",NA,NA,11
"11517","TAPI","HY",72,NA,11
"11518","TAPI","HY",NA,NA,11
"11519","TAPI","AHY",69,NA,11
"11520","TAPI","HY",69,NA,11
"11521","TAPI","AHY",NA,NA,11
"11522","TAPI","HY",69,NA,11
"11523","TAPI","HY",NA,NA,11
"11524","TAPI","HY",71,NA,11
"11525","TAPI","HY",NA,NA,11
"11526","TAPI","AHY",69,NA,11
"11527","TAPI","AHY",NA,NA,11
"11528","TAPI","AHY",NA,NA,11
"11529","TAPI","HY",73,NA,11
"11530","TAPI","AHY",NA,NA,11
"11531","TAPI","HY",68,NA,11
"11532","TAPI","HY",NA,NA,11
"11533","TAPI","HY",69,NA,11
"11534","TAPI","HY",73,NA,11
"11535","TAPI","HY",NA,NA,11
"11536","TAPI","HY",71,NA,11
"11537","TAPI","HY",NA,NA,11
"11538","TAPI","HY",72,NA,11
"11539","TAPI","HY",NA,NA,11
"11540","TAPI","HY",NA,NA,11
"11541","TAPI","AHY",70,NA,11
"11542","TAPI","HY",NA,NA,11
"11543","TAPI","HY",69,NA,11
"11544","TAPI","AHY",70,NA,11
"11545","TAPI","AHY",NA,NA,11
"11546","TAPI","HY",68,NA,11
"11547","TAPI","HY",NA,NA,11
"11548","TAPI","HY",73,NA,11
"11549","TAPI","HY",72,NA,11
"11550","TAPI","AHY",NA,NA,11
"11551","TAPI","HY",72,NA,11
"11552","TAPI","AHY",NA,NA,11
"11553","TAPI","AHY",72,NA,11
"11554","TAPI","HY",71,NA,11
"11555","TAPI","HY",NA,NA,11
"11556","TAPI","HY",72,NA,11
"11557","TAPI","HY",70,NA,11
"11558","TAPI","HY",70,NA,11
"11559","TAPI","HY",NA,NA,11
"11560","TAPI","HY",73,NA,11
"11561","TAPI","AHY",75,NA,11
"11562","TAPI","HY",NA,NA,11
"11563","TAPI","HY",69,NA,11
"11564","TAPI","HY",NA,NA,11
"11565","TAPI","HY",NA,NA,11
"11566","TAPI","HY",71,NA,11
"11567","TAPI","HY",NA,NA,11
"11568","TAPI","HY",68,NA,11
"11569","TAPI","AHY",69,NA,11
"11570","TAPI","HY",NA,NA,11
"11571","TAPI","HY",71,NA,11
"11572","TAPI","HY",NA,NA,11
"11573","TAPI","HY",69,NA,11
"11574","TAPI","HY",NA,NA,11
"11575","TAPI","HY",69,NA,11
"11576","TAPI","HY",NA,NA,11
"11577","TAPI","AHY",74,NA,11
"11578","TAPI","AHY",NA,NA,11
"11579","TAPI","HY",72,NA,11
"11580","TAPI","HY",NA,NA,11
"11581","TAPI","HY",66,NA,11
"11582","TAPI","AHY",NA,NA,11
"11583","TAPI","AHY",70,NA,11
"11584","TAPI","HY",NA,NA,11
"11585","TAPI","AHY",76,NA,11
"11586","TAPI","HY",NA,NA,11
"11587","TAPI","HY",71,NA,11
"11588","TAPI","HY",74,NA,11
"11589","TAPI","HY",NA,NA,11
"11590","TAPI","HY",72,NA,11
"11591","TAPI","HY",72,NA,11
"11592","TAPI","AHY",NA,NA,11
"11593","TAPI","HY",73,NA,11
"11594","TAPI","AHY",72,NA,11
"11595","TAPI","HY",71,NA,11
"11596","TAPI","HY",70,NA,11
"11597","TAPI","HY",73,NA,11
"11598","TAPI","HY",69,NA,11
"11599","TAPI","HY",73,NA,11
"11600","TAPI","HY",NA,NA,11
"11601","TAPI","HY",70,NA,11
"11602","TAPI","AHY",NA,NA,11
"11603","TAPI","HY",69,NA,11
"11604","TAPI","HY",72,NA,11
"11605","TAPI","HY",NA,NA,11
"11606","TAPI","HY",71,NA,11
"11607","TAPI","HY",69,NA,11
"11608","TAPI","HY",75,NA,11
"11609","TAPI","AHY",72,NA,11
"11610","TAPI","AHY",NA,NA,11
"11611","TAPI","AHY",72,NA,11
"11612","TAPI","AHY",73,NA,11
"11613","TAPI","AHY",NA,NA,11
"11614","TAPI","HY",NA,NA,11
"11615","TAPI","HY",72,NA,11
"11616","TAPI","HY",70,NA,11
"11617","TAPI","HY",70,NA,11
"11618","TAPI","HY",72,NA,11
"11619","TAPI","HY",NA,NA,11
"11620","TAPI","HY",69,NA,11
"11621","TAPI","AHY",NA,NA,11
"11622","TAPI","HY",NA,NA,11
"11623","TAPI","HY",74,NA,11
"11624","TAPI","HY",69,NA,11
"11625","TAPI","HY",NA,NA,11
"11626","TAPI","AHY",NA,NA,11
"11627","TAPI","HY",73,NA,11
"11628","TAPI","HY",76,NA,11
"11629","TAPI","HY",NA,NA,11
"11630","TAPI","HY",72,NA,11
"11631","TAPI","AHY",NA,NA,11
"11632","TAPI","HY",67,NA,11
"11633","TAPI","AHY",73,NA,11
"11634","TAPI","AHY",NA,NA,11
"11635","TAPI","HY",69,NA,11
"11636","TAPI","HY",NA,NA,11
"11637","TAPI","AHY",70,NA,11
"11638","TAPI","HY",72,NA,11
"11639","TAPI","HY",NA,NA,11
"11640","TAPI","HY",NA,NA,11
"11641","TAPI","HY",71,NA,11
"11642","TAPI","HY",69,NA,11
"11643","TAPI","HY",NA,NA,11
"11644","TAPI","HY",70,NA,11
"11645","TAPI","HY",73,NA,11
"11646","TAPI","AHY",74,NA,11
"11647","TAPI","HY",73,NA,11
"11648","TAPI","HY",NA,NA,11
"11649","TAPI","HY",70,NA,11
"11650","TAPI","HY",72,NA,11
"11651","TAPI","AHY",NA,NA,11
"11652","TAPI","HY",72,NA,11
"11653","TAPI","HY",72,NA,11
"11654","TAPI","HY",71,13.3,11
"11655","TAPI","HY",72,12.5,11
"11656","TAPI","HY",69,13.5,11
"11657","TAPI","AHY",74,12.7,11
"11658","TAPI","HY",72,12.9,11
"11659","TAPI","HY",74,12.1,11
"11660","TAPI","AHY",70,13.1,11
"11661","TAPI","AHY",74,13.1,11
"11662","TAPI","AHY",73,NA,11
"11663","TAPI","HY",69,13.8,11
"11664","TAPI","HY",71,13.8,11
"11665","TAPI","AHY",72,14.9,11
"11666","TAPI","HY",71,14.5,11
"11667","TAPI","HY",73,14.5,11
"11668","TAPI","HY",69,11.9,11
"11669","TAPI","HY",73,13.3,11
"11670","TAPI","HY",73,13.6,11
"11671","TAPI","HY",70,13.1,11
"11672","TAPI","HY",73,12.8,11
"11673","TAPI","HY",69,NA,11
"11674","TAPI","HY",74,13.8,11
"11675","TAPI","HY",69,12.6,11
"11676","TAPI","HY",71,12.4,11
"11677","TAPI","HY",69,13,11
"11678","TAPI","AHY",69,12.9,11
"11679","TAPI","HY",72,12.8,11
"11680","TAPI","HY",71,12.9,11
"11681","TAPI","HY",73,13.2,11
"11682","TAPI","HY",74,12.9,11
"11683","TAPI","HY",72,12.3,11
"11684","TAPI","AHY",69,13,11
"11685","TAPI","HY",69,13.1,11
"11686","TAPI","AHY",73,14.1,11
"11687","TAPI","HY",69,13,11
"11688","TAPI","HY",70,13.4,11
"11689","TAPI","HY",70,13.6,11
"11690","TAPI","HY",71,14,11
"11691","TAPI","HY",72,13.8,11
"11692","TAPI","HY",71,12.6,11
"11693","TAPI","AHY",73,14,11
"11694","TAPI","HY",73,13.3,11
"11695","TAPI","HY",73,13.5,11
"11696","TAPI","HY",70,13.3,11
"11697","TAPI","HY",69,12.7,11
"11698","TAPI","HY",72,15,11
"11699","TAPI","HY",73,13.3,11
"11700","TAPI","HY",72,13.2,11
"11701","TAPI","HY",73,13.8,11
"11702","TAPI","HY",71,11.9,11
"11703","TAPI","AHY",69,13.7,11
"11704","TAPI","HY",72,13.3,11
"11705","TAPI","HY",71,13,11
"11706","TAPI","HY",71,13.7,11
"11707","TAPI","HY",74,14,11
"11708","TAPI","HY",76.5,13.5,11
"11709","TAPI","HY",73,13.3,11
"11710","TAPI","HY",76.5,13.1,11
"11711","TAPI","HY",70,12.4,11
"11712","TAPI","HY",72,14,11
"11713","TAPI","HY",70,13.4,11
"11714","TAPI","HY",69,13.1,11
"11715","TAPI","HY",71.5,14.6,11
"11716","TAPI","HY",72,14.3,11
"11717","TAPI","AHY",72,13.3,11
"11718","TAPI","HY",74,13.8,11
"11719","TAPI","HY",69,11.4,11
"11720","TAPI","AHY",70,15.3,11
"11721","TAPI","HY",72,12.5,11
"11722","TAPI","HY",69,13.4,11
"11723","TAPI","HY",73,13.4,11
"11724","TAPI","HY",71,12.9,11
"11725","TAPI","HY",72,13,11
"11726","TAPI","AHY",73,13.5,11
"11727","TAPI","HY",72,12.8,11
"11728","TAPI","HY",72,13.1,11
"11729","TAPI","AHY",74,14.6,11
"11730","TAPI","HY",71,12.6,11
"11731","TAPI","AHY",74,12.5,11
"11732","TAPI","HY",73,12.8,11
"11733","TAPI","AHY",76,12.5,11
"11734","TAPI","HY",69,12.2,11
"11735","TAPI","HY",71,12.5,11
"11736","TAPI","HY",72,14.4,11
"11737","TAPI","AHY",72,13.4,11
"11738","TAPI","HY",69,12.3,11
"11739","TAPI","HY",69,12.8,11
"11740","TAPI","HY",73,13.8,11
"11741","TAPI","HY",70,13.8,11
"11742","TAPI","HY",72,13.7,11
"11743","TAPI","AHY",72,13.5,11
"11744","TAPI","HY",68,12.5,11
"11745","TAPI","HY",70,14.1,11
"11746","TAPI","HY",70,12.8,11
"11747","TAPI","HY",69,12.7,11
"11748","TAPI","HY",73,12,11
"11749","TAPI","HY",72,12.5,11
"11750","TAPI","HY",70,12.4,11
"11751","TAPI","HY",71,13.2,11
"11752","TAPI","AHY",73,NA,11
"11753","TAPI","HY",70,14.2,11
"11754","TAPI","HY",72,12.3,11
"11755","TAPI","HY",73,13.8,11
"11756","TAPI","AHY",74,12.2,11
"11757","TAPI","HY",69,12.7,11
"11758","TAPI","HY",73,12.8,11
"11759","TAPI","AHY",71,13.1,11
"11760","TAPI","HY",71,12.9,11
"11761","TAPI","HY",69,13.5,11
"11762","TAPI","HY",73,13.4,11
"11763","TAPI","AHY",74,12.8,11
"11764","TAPI","HY",72,12.8,11
"11765","TAPI","AHY",76,13.2,11
"11766","TAPI","HY",71,13.7,11
"11767","TAPI","HY",72,12.7,11
"11768","TAPI","HY",73,14.2,11
"11769","TAPI","AHY",75,13.8,11
"11770","TAPI","HY",69,12.8,11
"11771","TAPI","HY",71,12.1,11
"11772","TAPI","HY",71,12.2,11
"11773","TAPI","HY",71,12.6,11
"11774","TAPI","HY",72,13.9,11
"11775","TAPI","AHY",71,13.1,11
"11776","TAPI","HY",71,13.1,11
"11777","TAPI","HY",69,12.2,11
"11778","TAPI","HY",69,13,11
"11779","TAPI","HY",70,12.4,11
"11780","TAPI","HY",71,13.1,11
"11781","TAPI","HY",74,13.8,11
"11782","TAPI","HY",71,13.3,11
"11783","TAPI","HY",70,12.6,11
"11784","TAPI","HY",73,13.9,11
"11785","TAPI","HY",72,13.1,11
"11786","TAPI","AHY",72,12.7,11
"11787","TAPI","AHY",71,13,11
"11788","TAPI","AHY",69,11.4,11
"11789","TAPI","HY",69,12.8,11
"11790","TAPI","HY",72,12.5,11
"11791","DUSA","AHY",118,63.1,11
"11792","DUSA","HY",114,54.3,11
"11793","DUSA","AHY",109,53.4,11
"11794","TAPI","HY",71,12.6,11
"11795","TAPI","HY",69,12.5,11
"11796","TAPI","HY",71,11.7,11
"11797","TAPI","HY",69,12.4,11
"11798","TAPI","HY",70,12.3,11
"11799","TAPI","HY",73,12.9,11
"11800","TAPI","HY",72,11.8,11
"11801","TAPI","HY",71,14,11
"11802","TAPI","AHY",70,13,11
"11803","TAPI","HY",73,13.6,11
"11804","TAPI","HY",71,NA,11
"11805","TAPI","HY",71,NA,11
"11806","TAPI","AHY",71,11.3,11
"11807","TAPI","HY",74,NA,11
"11808","TAPI","HY",73,11.4,11
"11809","TAPI","HY",70,NA,11
"11810","TAPI","HY",71,NA,11
"11811","TAPI","HY",71,12.7,11
"11812","TAPI","HY",72,NA,11
"11813","TAPI","HY",69,NA,11
"11814","TAPI","HY",73,13,11
"11815","TAPI","HY",72,NA,11
"11816","TAPI","HY",69,NA,11
"11817","TAPI","HY",70,NA,11
"11818","TAPI","HY",69,NA,11
"11819","TAPI","HY",73,12.4,11
"11820","TAPI","HY",74,NA,11
"11821","TAPI","HY",73,NA,11
"11822","TAPI","HY",68,12,11
"11823","TAPI","HY",69,NA,11
"11824","TAPI","HY",72,NA,11
"11825","TAPI","HY",71,NA,11
"11826","TAPI","HY",67,NA,11
"11827","TAPI","HY",77,12.6,11
"11828","TAPI","HY",68,NA,11
"11829","TAPI","HY",72,13,11
"11830","TAPI","HY",70,NA,11
"11831","TAPI","AHY",73,11.5,11
"11832","TAPI","HY",73,NA,11
"11833","TAPI","HY",74,13.3,11
"11834","TAPI","HY",71,NA,11
"11835","TAPI","AHY",67,12.8,11
"11836","TAPI","HY",73,NA,11
"11837","TAPI","AHY",75,NA,11
"11838","TAPI","HY",72,13.2,11
"11839","TAPI","HY",68,NA,11
"11840","TAPI","HY",70,11.7,11
"11841","TAPI","HY",70,NA,11
"11842","TAPI","AHY",68,NA,11
"11843","TAPI","AHY",72,NA,11
"11844","TAPI","AHY",76,NA,11
"11845","TAPI","HY",72,12.9,11
"11846","TAPI","AHY",69,NA,11
"11847","TAPI","HY",71,NA,11
"11848","TAPI","HY",68,12.8,11
"11849","TAPI","HY",72,NA,11
"11850","TAPI","HY",67,NA,11
"11851","TAPI","HY",74,NA,11
"11852","TAPI","HY",74,NA,11
"11853","TAPI","HY",NA,13.1,11
"11854","TAPI","HY",71,NA,11
"11855","TAPI","HY",72,NA,11
"11856","TAPI","HY",69,NA,11
"11857","TAPI","HY",68,NA,11
"11858","TAPI","HY",70,12.7,11
"11859","TAPI","HY",75,NA,11
"11860","TAPI","HY",69,NA,11
"11861","TAPI","AHY",71,12,11
"11862","TAPI","HY",74,NA,11
"11863","TAPI","AHY",69,12,11
"11864","TAPI","HY",73,NA,11
"11865","TAPI","HY",70,13.5,11
"11866","TAPI","HY",70,NA,11
"11867","TAPI","HY",72,12.7,11
"11868","TAPI","AHY",71,12.6,11
"11869","TAPI","HY",70,NA,11
"11870","TAPI","HY",71,NA,11
"11871","TAPI","HY",72,NA,11
"11872","TAPI","HY",74,NA,11
"11873","TAPI","AHY",72,13,11
"11874","TAPI","HY",70,NA,11
"11875","TAPI","HY",72,NA,11
"11876","TAPI","HY",70,14.1,11
"11877","TAPI","HY",71,NA,11
"11878","TAPI","HY",74,13.5,11
"11879","TAPI","HY",71,NA,11
"11880","TAPI","HY",67,12.4,11
"11881","TAPI","HY",73,NA,11
"11882","TAPI","AHY",72,12.7,11
"11883","TAPI","HY",73,NA,11
"11884","TAPI","HY",72,NA,11
"11885","TAPI","HY",71,13.3,11
"11886","TAPI","HY",71,NA,11
"11887","TAPI","AHY",75,12.6,11
"11888","TAPI","AHY",71,NA,11
"11889","TAPI","HY",72,12.6,11
"11890","TAPI","HY",71,12.7,11
"11891","TAPI","HY",73,NA,11
"11892","TAPI","HY",69,12.6,11
"11893","TAPI","HY",70,NA,11
"11894","TAPI","AHY",71,12.2,11
"11895","TAPI","HY",72,NA,11
"11896","TAPI","HY",71,12.4,11
"11897","TAPI","HY",72,NA,11
"11898","TAPI","HY",72,12.8,11
"11899","TAPI","AHY",69,12.2,11
"11900","TAPI","HY",71,12.2,11
"11901","TAPI","HY",73,12.3,11
"11902","TAPI","AHY",70,13.5,11
"11903","TAPI","HY",71,13.1,11
"11904","TAPI","HY",69,12.7,11
"11905","TAPI","HY",69,12.5,11
"11906","TAPI","HY",69,11.7,11
"11907","TAPI","HY",72,13.5,11
"11908","TAPI","HY",70,12.8,11
"11909","TAPI","HY",69,13.2,11
"11910","TAPI","HY",70,14,11
"11911","TAPI","AHY",71,12.2,11
"11912","TAPI","HY",71,12.7,11
"11913","TAPI","HY",70,13.9,11
"11914","TAPI","AHY",72,13.2,11
"11915","TAPI","HY",68,12.5,11
"11916","TAPI","HY",71,13,11
"11917","TAPI","HY",73,13.2,11
"11918","TAPI","AHY",73,13.7,11
"11919","TAPI","HY",73,12.8,11
"11920","TAPI","HY",73,14.1,11
"11921","TAPI","HY",73,12.7,11
"11922","TAPI","HY",74,13.8,11
"11923","TAPI","HY",70,12.8,11
"11924","TAPI","HY",70,14.1,11
"11925","TAPI","AHY",74,14.2,11
"11926","TAPI","HY",72,13.1,11
"11927","TAPI","AHY",70,13.1,11
"11928","TAPI","HY",69,12.8,11
"11929","TAPI","HY",73,13.5,11
"11930","TAPI","HY",69,11.1,11
"11931","TAPI","HY",69,13.6,11
"11932","TAPI","AHY",73,12.8,11
"11933","TAPI","HY",73,12.5,11
"11934","TAPI","AHY",73,12.3,11
"11935","TAPI","HY",73,13.3,11
"11936","TAPI","HY",71,12.6,11
"11937","TAPI","HY",72,13.3,11
"11938","TAPI","HY",71,12.5,11
"11939","TAPI","HY",72,13.3,11
"11940","TAPI","HY",71,12,11
"11941","TAPI","AHY",68,13.4,11
"11942","TAPI","HY",72,12.2,11
"11943","TAPI","HY",72,13,11
"11944","TAPI","HY",70,11.7,11
"11945","TAPI","HY",69,12.1,11
"11946","TAPI","HY",69,12.6,11
"11947","TAPI","HY",74,11.9,11
"11948","TAPI","AHY",71,11.5,11
"11949","TAPI","HY",71,12.5,11
"11950","TAPI","HY",70,12.6,11
"11951","TAPI","HY",72,12.5,11
"11952","TAPI","HY",70,12.6,11
"11953","TAPI","HY",71,12.5,11
"11954","TAPI","HY",72,13.3,11
"11955","TAPI","HY",72,13,11
"11956","TAPI","AHY",73,12.8,11
"11957","TAPI","HY",70,12.6,11
"11958","TAPI","HY",73,12.5,11
"11959","TAPI","HY",71,11.8,11
"11960","TAPI","HY",73,12.8,11
"11961","TAPI","HY",71,13.6,11
"11962","TAPI","HY",72,13.5,11
"11963","TAPI","HY",72,12.7,11
"11964","TAPI","HY",70,13.2,11
"11965","TAPI","HY",72,13.6,11
"11966","TAPI","HY",69,12.2,11
"11967","TAPI","AHY",NA,12,11
"11968","TAPI","HY",71,12.3,11
"11969","TAPI","HY",72,14.1,11
"11970","TAPI","HY",72,12.5,11
"11971","TAPI","HY",73,12.6,11
"11972","TAPI","HY",72,12.6,11
"11973","TAPI","HY",72,12.5,11
"11974","TAPI","HY",73,12.2,11
"11975","TAPI","HY",72,13.1,11
"11976","TAPI","HY",75,12.7,11
"11977","TAPI","HY",72,12.6,11
"11978","TAPI","HY",74,12.8,11
"11979","TAPI","HY",71,12.4,11
"11980","TAPI","AHY",75,13.3,11
"11981","TAPI","HY",73,13.3,11
"11982","TAPI","HY",71,12.7,11
"11983","TAPI","HY",72,12.1,11
"11984","TAPI","HY",73,12.3,11
"11985","TAPI","HY",72,13.4,11
"11986","TAPI","HY",72,12,11
"11987","TAPI","HY",71,12.5,11
"11988","TAPI","HY",74,12.4,11
"11989","TAPI","HY",72,12.8,11
"11990","TAPI","AHY",72,12.4,11
"11991","TAPI","HY",68,12,11
"11992","TAPI","HY",72,13.7,11
"11993","TAPI","HY",75,14,11
"11994","TAPI","HY",73,12.8,11
"11995","TAPI","HY",74,12,11
"11996","TAPI","AHY",74,12,11
"11997","TAPI","HY",76,13.1,11
"11998","TAPI","HY",74,13.7,11
"11999","TAPI","HY",70,12.7,11
"12000","TAPI","HY",69,12.7,11
"12001","TAPI","HY",69,12.9,11
"12002","TAPI","HY",70,12.8,11
"12003","TAPI","HY",67,11.6,11
"12004","DUSA","HY",111,54.6,11
"12005","DUSA","AHY",118,58.7,11
"12006","DUSA","AHY",116,56.7,11
"12007","DUSA","AHY",124,62.1,11
"12008","TAPI","AHY",70,13.5,11
"12009","TAPI","HY",74,13.6,11
"12010","TAPI","HY",70,12.9,11
"12011","TAPI","HY",69,13,11
"12012","TAPI","HY",69,11.6,11
"12013","TAPI","HY",74,12.8,11
"12014","TAPI","HY",70,11.8,11
"12015","TAPI","HY",75,13.4,11
"12016","TAPI","AHY",72,13.3,11
"12017","TAPI","HY",76,13,11
"12018","TAPI","HY",69,12,11
"12019","TAPI","HY",70,13.2,11
"12020","TAPI","AHY",72,13.3,11
"12021","TAPI","HY",75,13.4,11
"12022","TAPI","HY",72,13.5,11
"12023","TAPI","HY",72,11.7,11
"12024","TAPI","HY",69,12.4,11
"12025","TAPI","HY",74,12.7,11
"12026","TAPI","AHY",74,12.2,11
"12027","TAPI","HY",73,11.8,11
"12028","TAPI","HY",72,12.5,11
"12029","TAPI","HY",72,13.1,11
"12030","TAPI","HY",68,13,11
"12031","TAPI","HY",69,11.9,11
"12032","TAPI","HY",74,12.5,11
"12033","TAPI","AHY",74,12.9,11
"12034","TAPI","HY",73,11.9,11
"12035","TAPI","HY",71,13,11
"12036","TAPI","HY",71,13,11
"12037","TAPI","HY",69,12.8,11
"12038","TAPI","HY",68,12.8,11
"12039","TAPI","HY",69,12.1,11
"12040","TAPI","AHY",76,13.4,11
"12041","TAPI","HY",71,12.9,11
"12042","TAPI","HY",74,13.6,11
"12043","TAPI","HY",72,11.8,11
"12044","TAPI","HY",73,12.7,11
"12045","TAPI","AHY",71,12.8,11
"12046","TAPI","HY",73,13.1,11
"12047","TAPI","AHY",74,13.7,11
"12048","TAPI","HY",71,13.3,11
"12049","TAPI","HY",71,12.1,11
"12050","TAPI","HY",72,12.8,11
"12051","TAPI","HY",73,12.7,11
"12052","TAPI","HY",73,13.7,11
"12053","TAPI","HY",71,13.3,11
"12054","TAPI","HY",73,12.6,11
"12055","TAPI","HY",68,12.3,11
"12056","TAPI","AHY",71,12.4,11
"12057","TAPI","HY",71,13.5,11
"12058","TAPI","HY",71,11.2,11
"12059","TAPI","HY",70,13.1,11
"12060","TAPI","HY",70,11.9,11
"12061","TAPI","HY",67,NA,11
"12062","TAPI","HY",71,12.8,11
"12063","TAPI","HY",72,14.6,11
"12064","TAPI","HY",71,12.5,11
"12065","TAPI","HY",72,12.3,11
"12066","TAPI","HY",72,13.9,11
"12067","TAPI","HY",70,12.6,11
"12068","TAPI","AHY",73,13.3,11
"12069","TAPI","HY",72,12.4,11
"12070","TAPI","HY",71,12.3,11
"12071","TAPI","HY",66,12.9,11
"12072","TAPI","HY",72,NA,11
"12073","TAPI","AHY",74,12.3,11
"12074","TAPI","HY",70,13.3,11
"12075","TAPI","HY",70,13,11
"12076","TAPI","HY",71,12.8,11
"12077","TAPI","HY",70,12,11
"12078","TAPI","HY",71,12.3,11
"12079","TAPI","HY",72,11.9,11
"12080","TAPI","HY",73,12.5,11
"12081","TAPI","HY",73,12.8,11
"12082","TAPI","AHY",71,12.1,11
"12083","TAPI","HY",70,12.8,11
"12084","TAPI","HY",73,12.7,11
"12085","TAPI","HY",75,11.3,11
"12086","TAPI","HY",71,13.1,11
"12087","TAPI","AHY",71,12.6,11
"12088","TAPI","AHY",74,12.8,11
"12089","TAPI","HY",71,12.1,11
"12090","TAPI","HY",71,12.4,11
"12091","TAPI","HY",72,13.7,11
"12092","TAPI","HY",73,13.8,11
"12093","TAPI","HY",71,12.8,11
"12094","TAPI","HY",71,12.5,11
"12095","TAPI","HY",74,13.3,11
"12096","TAPI","HY",73,12.8,11
"12097","TAPI","HY",74,13.6,11
"12098","TAPI","HY",69,11.8,11
"12099","TAPI","AHY",72,12.8,11
"12100","TAPI","HY",72,12.7,11
"12101","TAPI","HY",70,11.7,11
"12102","TAPI","HY",71,12.4,11
"12103","TAPI","HY",71,12.1,11
"12104","TAPI","AHY",73,13.1,11
"12105","TAPI","HY",69,11.9,11
"12106","TAPI","HY",74,13.5,11
"12107","TAPI","HY",72,12,11
"12108","TAPI","HY",72,12.4,11
"12109","TAPI","HY",72,13.2,11
"12110","TAPI","HY",71,13.1,11
"12111","TAPI","AHY",73,NA,11
"12112","TAPI","HY",70,12.6,11
"12113","TAPI","AHY",72,12.8,11
"12114","TAPI","HY",71,13.9,11
"12115","TAPI","HY",72,11.9,11
"12116","TAPI","HY",71,13.1,11
"12117","TAPI","AHY",70,12.5,11
"12118","TAPI","HY",70,13.1,11
"12119","TAPI","HY",69,12.8,11
"12120","TAPI","HY",73,12.8,11
"12121","TAPI","HY",71,12.7,11
"12122","TAPI","HY",70,12.2,11
"12123","TAPI","HY",70,12.6,11
"12124","TAPI","HY",72,14.4,11
"12125","TAPI","HY",70,12.2,11
"12126","TAPI","HY",69,13.4,11
"12127","TAPI","AHY",69,12.7,11
"12128","TAPI","HY",72,13.8,11
"12129","TAPI","HY",69,12.5,11
"12130","TAPI","HY",70,13.9,11
"12131","TAPI","AHY",73,13.4,11
"12132","TAPI","HY",73,13.3,11
"12133","TAPI","HY",69,13.3,11
"12134","TAPI","HY",71,13.3,11
"12135","TAPI","HY",71,13.6,11
"12136","TAPI","AHY",71,13.3,11
"12137","TAPI","HY",73,13.4,11
"12138","TAPI","HY",74,13.7,11
"12139","TAPI","HY",72,12.5,11
"12140","TAPI","HY",69,13.3,11
"12141","TAPI","HY",72,13.5,11
"12142","TAPI","HY",71,13.3,11
"12143","TAPI","AHY",70,12.8,11
"12144","TAPI","HY",72,11.7,11
"12145","TAPI","HY",70,13,11
"12146","TAPI","HY",69,12.4,11
"12147","TAPI","AHY",70,12.7,11
"12148","TAPI","HY",73,13.7,11
"12149","TAPI","HY",71,12.8,11
"12150","TAPI","AHY",70,14,11
"12151","TAPI","HY",72,13.2,11
"12152","TAPI","AHY",70,12.9,11
"12153","TAPI","HY",72,12.5,11
"12154","TAPI","AHY",71,12,11
"12155","TAPI","HY",73,13.1,11
"12156","TAPI","HY",70,11.8,11
"12157","TAPI","HY",74,12.9,11
"12158","TAPI","HY",69,11.7,11
"12159","TAPI","HY",71,14.1,11
"12160","TAPI","HY",75,14.2,11
"12161","TAPI","HY",71,13,11
"12162","TAPI","HY",72,11.9,11
"12163","TAPI","AHY",71,12.5,11
"12164","TAPI","HY",75,13.4,11
"12165","TAPI","AHY",75,12.9,11
"12166","TAPI","HY",71,12.2,11
"12167","TAPI","HY",71,12.5,11
"12168","TAPI","AHY",72,13.3,11
"12169","TAPI","HY",71,13.1,11
"12170","TAPI","HY",74,14,11
"12171","TAPI","HY",71,12.3,11
"12172","TAPI","HY",70,13,11
"12173","TAPI","HY",71,13.6,11
"12174","TAPI","HY",70,12.9,11
"12175","TAPI","HY",71,13.5,11
"12176","TAPI","HY",76,13.7,11
"12177","TAPI","HY",71,12.3,11
"12178","TAPI","AHY",71,13.1,11
"12179","TAPI","HY",72,12.4,11
"12180","TAPI","HY",70,12.7,11
"12181","TAPI","HY",70,12.4,11
"12182","TAPI","HY",71,12.9,11
"12183","TAPI","HY",74,12.9,11
"12184","TAPI","HY",71,12.4,11
"12185","TAPI","HY",72,13.2,11
"12186","TAPI","HY",70,11.4,11
"12187","TAPI","HY",70,12.5,11
"12188","TAPI","HY",72,13.1,11
"12189","TAPI","HY",69,12,11
"12190","TAPI","HY",70,12.7,11
"12191","TAPI","HY",72,12.3,11
"12192","TAPI","HY",70,11.9,11
"12193","TAPI","AHY",76,13.3,11
"12194","TAPI","HY",74,13.3,11
"12195","TAPI","HY",70,13.2,11
"12196","TAPI","HY",71,12.9,11
"12197","TAPI","HY",70,12.1,11
"12198","TAPI","HY",71,12.2,11
"12199","TAPI","HY",69,12.2,11
"12200","TAPI","HY",73,12.3,11
"12201","TAPI","HY",74,13.9,11
"12202","TAPI","HY",73,11.8,11
"12203","TAPI","HY",71,12,11
"12204","TAPI","HY",72,13.1,11
"12205","TAPI","AHY",73,12.9,11
"12206","TAPI","HY",67,12.4,11
"12207","TAPI","HY",73,13.1,11
"12208","TAPI","HY",70,11.6,11
"12209","TAPI","HY",74,11.5,11
"12210","TAPI","HY",68,12.2,11
"12211","TAPI","HY",73,12.4,11
"12212","TAPI","HY",71,13.1,11
"12213","TAPI","HY",72,13,11
"12214","TAPI","AHY",72,12.5,11
"12215","TAPI","HY",72,13.2,11
"12216","TAPI","HY",73,13.2,11
"12217","TAPI","HY",73,12,11
"12218","TAPI","AHY",75,12.7,11
"12219","TAPI","HY",70,13,11
"12220","TAPI","HY",71,12.5,11
"12221","TAPI","AHY",72,12.2,11
"12222","TAPI","AHY",75,13.1,11
"12223","TAPI","HY",70,12.8,11
"12224","TAPI","HY",72,12.6,11
"12225","TAPI","HY",69,11.8,11
"12226","TAPI","HY",69,12.5,11
"12227","TAPI","HY",70,12.8,11
"12228","TAPI","HY",70,12.4,11
"12229","TAPI","HY",70,12.6,11
"12230","TAPI","HY",68,12.9,11
"12231","TAPI","HY",73,13.8,11
"12232","TAPI","HY",71,12.9,11
"12233","TAPI","HY",72,13.7,11
"12234","TAPI","HY",70,12.1,11
"12235","TAPI","HY",72,11.9,11
"12236","TAPI","HY",70,12.6,11
"12237","TAPI","HY",70,12.5,11
"12238","TAPI","HY",71,13.5,11
"12239","TAPI","HY",68,12.6,11
"12240","TAPI","HY",70,12.5,11
"12241","TAPI","HY",73,13.4,11
"12242","TAPI","HY",71,12.6,11
"12243","TAPI","HY",71,12.4,11
"12244","TAPI","HY",70,NA,11
"12245","TAPI","HY",72,13.5,11
"12246","TAPI","HY",69,12.6,11
"12247","TAPI","HY",73,12.8,11
"12248","TAPI","HY",72,12.5,11
"12249","TAPI","HY",71,12.8,11
"12250","TAPI","HY",72,13.1,11
"12251","TAPI","AHY",74,11.8,11
"12252","TAPI","AHY",73,12.2,11
"12253","TAPI","HY",73,12.7,11
"12254","TAPI","AHY",72,12.3,11
"12255","TAPI","AHY",72,12.7,11
"12256","TAPI","HY",70,13,11
"12257","TAPI","HY",71,12.9,11
"12258","TAPI","HY",73,13,11
"12259","TAPI","HY",71,13.8,11
"12260","TAPI","HY",68,13.2,11
"12261","TAPI","HY",72,12.8,11
"12262","TAPI","AHY",71,13.4,11
"12263","TAPI","HY",72,12.6,11
"12264","TAPI","AHY",72,12.7,11
"12265","TAPI","HY",69,11.7,11
"12266","TAPI","HY",71,13.1,11
"12267","TAPI","HY",69,12.6,11
"12268","TAPI","HY",71,12.5,11
"12269","TAPI","HY",70,11.6,11
"12270","TAPI","AHY",75,13.5,11
"12271","TAPI","HY",72,13.4,11
"12272","TAPI","HY",73,13,11
"12273","TAPI","HY",70,11.6,11
"12274","TAPI","HY",73,13.2,11
"12275","TAPI","HY",71,13.1,11
"12276","TAPI","HY",69,13,11
"12277","TAPI","HY",71,12.7,11
"12278","TAPI","AHY",72,13,11
"12279","TAPI","AHY",73,12.3,11
"12280","TAPI","HY",72,12.9,11
"12281","TAPI","HY",67,12.4,11
"12282","TAPI","HY",71,11.7,11
"12283","TAPI","AHY",73,12.9,11
"12284","TAPI","HY",71,13.2,11
"12285","TAPI","AHY",67,12.3,11
"12286","TAPI","HY",71,13.2,11
"12287","TAPI","HY",73,12.6,11
"12288","TAPI","HY",70,12.2,11
"12289","TAPI","HY",68,13.1,11
"12290","TAPI","HY",71,12.6,11
"12291","TAPI","HY",72,11.6,11
"12292","TAPI","HY",70,12.9,11
"12293","TAPI","HY",72,12.7,11
"12294","TAPI","HY",70,12.4,11
"12295","TAPI","HY",70,12.3,11
"12296","TAPI","HY",69,13.4,11
"12297","TAPI","HY",70,13,11
"12298","TAPI","HY",69,12.2,11
"12299","TAPI","HY",70,11.4,11
"12300","TAPI","HY",68,10.6,11
"12301","TAPI","HY",71,12.7,11
"12302","TAPI","HY",NA,NA,11
"12303","TAPI","HY",70,12.3,11
"12304","TAPI","HY",72,12.3,11
"12305","TAPI","HY",70,13.6,11
"12306","TAPI","HY",70,13.3,11
"12307","TAPI","HY",74,13.6,11
"12308","TAPI","HY",73,13.4,11
"12309","TAPI","HY",72,12.8,11
"12310","TAPI","HY",71,12.1,11
"12311","TAPI","HY",71,12.9,11
"12312","TAPI","HY",67,13.4,11
"12313","TAPI","HY",72,12.8,11
"12314","TAPI","AHY",70,12.9,11
"12315","TAPI","HY",72,14.1,11
"12316","TAPI","HY",70,12.6,11
"12317","TAPI","HY",70,12.2,11
"12318","TAPI","HY",71,12.3,11
"12319","TAPI","HY",71,12.3,11
"12320","TAPI","HY",70,13.1,11
"12321","TAPI","HY",73,12.9,11
"12322","TAPI","HY",71,13.3,11
"12323","TAPI","HY",72,12.3,11
"12324","TAPI","HY",70,13.7,11
"12325","TAPI","HY",72,12.9,11
"12326","TAPI","HY",74,13.2,11
"12327","TAPI","HY",73,13.1,11
"12328","TAPI","HY",70,11.5,11
"12329","TAPI","AHY",73,12.4,11
"12330","TAPI","AHY",73,12.5,11
"12331","TAPI","AHY",69,11.9,11
"12332","TAPI","HY",72,13,11
"12333","TAPI","HY",67,12.3,11
"12334","TAPI","HY",72,13.7,11
"12335","TAPI","HY",70,12.6,11
"12336","TAPI","HY",70,12.8,11
"12337","TAPI","HY",71,13.7,11
"12338","TAPI","HY",73,13.2,11
"12339","TAPI","HY",70,12.4,11
"12340","TAPI","HY",72,13.1,11
"12341","TAPI","HY",73,13.5,11
"12342","TAPI","HY",71,12.3,11
"12343","TAPI","AHY",72,13.4,11
"12344","TAPI","HY",69,12.8,11
"12345","TAPI","HY",70,13.3,11
"12346","TAPI","HY",68,11.6,11
"12347","TAPI","HY",67,11.9,11
"12348","TAPI","HY",73,13.2,11
"12349","TAPI","HY",73,13.8,11
"12350","TAPI","HY",69,12.5,11
"12351","TAPI","AHY",77,15.2,11
"12352","TAPI","AHY",71,13,11
"12353","TAPI","HY",69,12.4,11
"12354","TAPI","HY",69,11.3,11
"12355","TAPI","AHY",72,11.8,11
"12356","TAPI","HY",71,12.9,11
"12357","TAPI","HY",71,12.5,11
"12358","TAPI","HY",70,12,11
"12359","TAPI","AHY",71,13,11
"12360","TAPI","HY",69,12.3,11
"12361","TAPI","HY",75,12.6,11
"12362","TAPI","HY",73,13.4,11
"12363","TAPI","HY",71,12.3,11
"12364","TAPI","HY",75,14.5,11
"12365","TAPI","HY",75,13.8,11
"12366","TAPI","HY",73,12.6,11
"12367","TAPI","HY",70,12.5,11
"12368","TAPI","HY",72,12.1,11
"12369","TAPI","HY",69,13.1,11
"12370","TAPI","HY",71,12.5,11
"12371","TAPI","HY",69,12.6,11
"12372","TAPI","HY",70,12,11
"12373","TAPI","HY",71,12.4,11
"12374","TAPI","HY",69,12,11
"12375","TAPI","HY",68,11.6,11
"12376","TAPI","HY",73,13.1,11
"12377","TAPI","HY",71,12.2,11
"12378","TAPI","HY",70,12.7,11
"12379","TAPI","HY",69,13.1,11
"12380","TAPI","HY",72,12.6,11
"12381","TAPI","HY",73,12.3,11
"12382","TAPI","HY",72,13,11
"12383","TAPI","HY",70,13.6,11
"12384","TAPI","AHY",72,13,11
"12385","TAPI","HY",73,13.6,11
"12386","TAPI","HY",70,12.6,11
"12387","TAPI","HY",73,13.1,11
"12388","TAPI","HY",72,12.7,11
"12389","TAPI","HY",70,12.5,11
"12390","TAPI","HY",75,14.1,11
"12391","TAPI","HY",69,12.3,11
"12392","TAPI","HY",70,12.5,11
"12393","TAPI","HY",73,12.5,11
"12394","TAPI","HY",70,13,11
"12395","TAPI","HY",70,12.6,11
"12396","TAPI","HY",70,13.2,11
"12397","TAPI","HY",70,12.6,11
"12398","TAPI","HY",72,11.6,11
"12399","TAPI","HY",71,13.1,11
"12400","TAPI","HY",72,13.8,11
"12401","TAPI","HY",71,12.9,11
"12402","TAPI","HY",72,12.1,11
"12403","TAPI","HY",NA,NA,11
"12404","TAPI","HY",NA,NA,11
"12405","TAPI","AHY",NA,NA,11
"12406","TAPI","HY",NA,NA,11
"12407","TAPI","HY",NA,12.3,11
"12408","TAPI","HY",NA,NA,11
"12409","TAPI","HY",NA,NA,11
"12410","TAPI","AHY",NA,NA,11
"12411","TAPI","HY",NA,NA,11
"12412","TAPI","HY",NA,NA,11
"12413","TAPI","HY",NA,NA,11
"12414","TAPI","HY",NA,NA,11
"12415","TAPI","HY",NA,NA,11
"12416","TAPI","HY",NA,NA,11
"12417","TAPI","HY",70,NA,11
"12418","TAPI","HY",NA,NA,11
"12419","TAPI","HY",73,NA,11
"12420","TAPI","HY",NA,NA,11
"12421","TAPI","HY",75,NA,11
"12422","TAPI","HY",NA,NA,11
"12423","TAPI","HY",NA,NA,11
"12424","TAPI","HY",72,NA,11
"12425","TAPI","HY",NA,NA,11
"12426","TAPI","HY",NA,NA,11
"12427","TAPI","HY",NA,NA,11
"12428","TAPI","HY",NA,NA,11
"12429","TAPI","HY",NA,NA,11
"12430","TAPI","HY",NA,NA,11
"12431","TAPI","HY",NA,NA,11
"12432","TAPI","HY",71,NA,11
"12433","TAPI","HY",NA,NA,11
"12434","TAPI","HY",72,NA,11
"12435","TAPI","HY",NA,NA,11
"12436","TAPI","HY",NA,NA,11
"12437","TAPI","HY",71,NA,11
"12438","TAPI","HY",NA,NA,11
"12439","TAPI","HY",71,NA,11
"12440","TAPI","HY",NA,NA,11
"12441","TAPI","HY",70,NA,11
"12442","TAPI","HY",NA,NA,11
"12443","TAPI","HY",NA,NA,11
"12444","TAPI","AHY",71,NA,11
"12445","TAPI","AHY",NA,NA,11
"12446","TAPI","HY",73,NA,11
"12447","TAPI","HY",NA,NA,11
"12448","TAPI","HY",NA,NA,11
"12449","TAPI","HY",NA,NA,11
"12450","TAPI","HY",NA,NA,11
"12451","TAPI","HY",72,NA,11
"12452","TAPI","HY",NA,NA,11
"12453","TAPI","HY",NA,NA,11
"12454","TAPI","AHY",69,NA,11
"12455","TAPI","HY",71,NA,11
"12456","TAPI","HY",72,NA,11
"12457","TAPI","HY",70,NA,11
"12458","TAPI","HY",72,NA,11
"12459","TAPI","HY",73,NA,11
"12460","TAPI","HY",NA,NA,11
"12461","TAPI","AHY",69,NA,11
"12462","TAPI","HY",NA,NA,11
"12463","TAPI","HY",72,NA,11
"12464","TAPI","HY",NA,NA,11
"12465","TAPI","HY",70,NA,11
"12466","TAPI","HY",NA,NA,11
"12467","TAPI","HY",NA,NA,11
"12468","TAPI","HY",NA,NA,11
"12469","TAPI","HY",74,NA,11
"12470","TAPI","HY",NA,NA,11
"12471","TAPI","HY",72,NA,11
"12472","TAPI","HY",NA,NA,11
"12473","TAPI","HY",72,NA,11
"12474","TAPI","HY",NA,NA,11
"12475","TAPI","HY",72,NA,11
"12476","TAPI","HY",NA,NA,11
"12477","TAPI","HY",NA,NA,11
"12478","TAPI","HY",71,NA,11
"12479","TAPI","HY",NA,NA,11
"12480","TAPI","HY",70,NA,11
"12481","TAPI","HY",NA,NA,11
"12482","TAPI","HY",NA,NA,11
"12483","TAPI","HY",72,NA,11
"12484","TAPI","HY",NA,NA,11
"12485","TAPI","HY",71,NA,11
"12486","TAPI","HY",NA,NA,11
"12487","TAPI","HY",72,NA,11
"12488","TAPI","HY",NA,NA,11
"12489","TAPI","HY",74,NA,11
"12490","TAPI","HY",NA,NA,11
"12491","TAPI","HY",73,NA,11
"12492","TAPI","HY",NA,NA,11
"12493","TAPI","HY",NA,NA,11
"12494","TAPI","HY",72,NA,11
"12495","TAPI","HY",NA,NA,11
"12496","TAPI","HY",71,NA,11
"12497","TAPI","HY",NA,NA,11
"12498","TAPI","HY",73,NA,11
"12499","TAPI","HY",NA,NA,11
"12500","TAPI","HY",70,NA,11
"12501","TAPI","HY",NA,NA,11
"12502","TAPI","HY",69,NA,11
"12503","TAPI","HY",NA,NA,11
"12504","TAPI","HY",69,NA,11
"12505","TAPI","HY",NA,NA,11
"12506","TAPI","HY",73,NA,11
"12507","TAPI","HY",NA,NA,11
"12508","TAPI","HY",NA,NA,11
"12509","TAPI","HY",73,NA,11
"12510","TAPI","HY",NA,NA,11
"12511","TAPI","HY",70,NA,11
"12512","TAPI","HY",NA,NA,11
"12513","TAPI","HY",72,NA,11
"12514","TAPI","HY",NA,NA,11
"12515","TAPI","HY",67,NA,11
"12516","TAPI","HY",NA,NA,11
"12517","TAPI","HY",70,NA,11
"12518","TAPI","HY",NA,NA,11
"12519","TAPI","HY",71,NA,11
"12520","TAPI","HY",NA,NA,11
"12521","TAPI","HY",72,NA,11
"12522","TAPI","HY",NA,NA,11
"12523","TAPI","HY",71,NA,11
"12524","TAPI","HY",NA,NA,11
"12525","TAPI","HY",NA,NA,11
"12526","TAPI","HY",73,NA,11
"12527","TAPI","HY",NA,NA,11
"12528","TAPI","HY",72,NA,11
"12529","TAPI","HY",NA,NA,11
"12530","TAPI","HY",NA,NA,11
"12531","TAPI","AHY",73,NA,11
"12532","TAPI","HY",68,NA,11
"12533","TAPI","AHY",72,NA,11
"12534","TAPI","HY",NA,NA,11
"12535","TAPI","HY",72,NA,11
"12536","TAPI","HY",NA,NA,11
"12537","TAPI","HY",NA,NA,11
"12538","TAPI","HY",73,NA,11
"12539","TAPI","HY",NA,NA,11
"12540","TAPI","HY",70,NA,11
"12541","TAPI","HY",NA,NA,11
"12542","TAPI","HY",70,NA,11
"12543","TAPI","HY",NA,NA,11
"12544","TAPI","HY",71,NA,11
"12545","TAPI","HY",NA,NA,11
"12546","TAPI","HY",NA,NA,11
"12547","TAPI","HY",69,NA,11
"12548","TAPI","HY",NA,NA,11
"12549","TAPI","HY",72,NA,11
"12550","TAPI","HY",NA,NA,11
"12551","TAPI","HY",71,NA,11
"12552","TAPI","HY",NA,NA,11
"12553","TAPI","HY",NA,NA,11
"12554","TAPI","HY",71,NA,11
"12555","TAPI","HY",NA,NA,11
"12556","TAPI","HY",72,NA,11
"12557","TAPI","HY",NA,NA,11
"12558","TAPI","HY",NA,NA,11
"12559","TAPI","HY",71,NA,11
"12560","TAPI","HY",NA,NA,11
"12561","TAPI","HY",70,NA,11
"12562","TAPI","AHY",NA,NA,11
"12563","TAPI","HY",70,NA,11
"12564","TAPI","HY",NA,NA,11
"12565","TAPI","AHY",NA,NA,11
"12566","TAPI","HY",72,NA,11
"12567","TAPI","HY",NA,NA,11
"12568","TAPI","HY",69,NA,11
"12569","TAPI","HY",NA,NA,11
"12570","TAPI","AHY",74,NA,11
"12571","TAPI","HY",NA,NA,11
"12572","TAPI","HY",71,NA,11
"12573","TAPI","HY",NA,NA,11
"12574","TAPI","HY",68,NA,11
"12575","TAPI","AHY",71,NA,11
"12576","TAPI","HY",NA,NA,11
"12577","TAPI","HY",71,NA,11
"12578","TAPI","HY",74,NA,11
"12579","TAPI","AHY",70,NA,11
"12580","TAPI","HY",69,NA,11
"12581","TAPI","HY",73,NA,11
"12582","TAPI","HY",73,NA,11
"12583","TAPI","HY",NA,NA,11
"12584","TAPI","HY",NA,NA,11
"12585","TAPI","HY",NA,NA,11
"12586","TAPI","HY",NA,NA,11
"12587","TAPI","HY",NA,NA,11
"12588","TAPI","HY",NA,NA,11
"12589","TAPI","HY",NA,NA,11
"12590","TAPI","HY",NA,NA,11
"12591","TAPI","HY",67,NA,11
"12592","TAPI","HY",NA,NA,11
"12593","TAPI","HY",67,NA,11
"12594","TAPI","HY",NA,NA,11
"12595","TAPI","HY",NA,NA,11
"12596","TAPI","HY",71,NA,11
"12597","TAPI","HY",NA,NA,11
"12598","TAPI","HY",72,NA,11
"12599","TAPI","HY",NA,NA,11
"12600","TAPI","HY",NA,NA,11
"12601","TAPI","HY",71,NA,11
"12602","TAPI","HY",NA,NA,11
"12603","TAPI","AHY",70,NA,11
"12604","TAPI","HY",NA,NA,11
"12605","TAPI","HY",69,NA,11
"12606","TAPI","HY",NA,NA,11
"12607","TAPI","HY",72,NA,11
"12608","TAPI","HY",NA,NA,11
"12609","TAPI","HY",72,NA,11
"12610","TAPI","HY",NA,NA,11
"12611","TAPI","HY",71,NA,11
"12612","TAPI","AHY",NA,NA,11
"12613","TAPI","HY",68,NA,11
"12614","TAPI","HY",74,NA,11
"12615","TAPI","HY",NA,NA,11
"12616","TAPI","HY",69,NA,11
"12617","TAPI","AHY",NA,NA,11
"12618","TAPI","HY",73,NA,11
"12619","TAPI","HY",NA,NA,11
"12620","TAPI","HY",73,NA,11
"12621","TAPI","HY",NA,NA,11
"12622","TAPI","HY",67,NA,11
"12623","TAPI","HY",NA,NA,11
"12624","TAPI","HY",72,NA,11
"12625","TAPI","HY",NA,NA,11
"12626","TAPI","HY",NA,NA,11
"12627","TAPI","HY",71,NA,11
"12628","TAPI","HY",NA,NA,11
"12629","TAPI","HY",71,NA,11
"12630","TAPI","HY",NA,NA,11
"12631","TAPI","HY",NA,NA,11
"12632","TAPI","HY",72,NA,11
"12633","TAPI","HY",NA,NA,11
"12634","TAPI","AHY",70,NA,11
"12635","TAPI","HY",NA,NA,11
"12636","TAPI","HY",72,NA,11
"12637","TAPI","HY",NA,NA,11
"12638","TAPI","HY",NA,NA,11
"12639","TAPI","HY",NA,NA,11
"12640","TAPI","HY",NA,NA,11
"12641","TAPI","HY",74,NA,11
"12642","TAPI","HY",NA,NA,11
"12643","TAPI","HY",69,NA,11
"12644","TAPI","AHY",NA,NA,11
"12645","TAPI","HY",73,NA,11
"12646","TAPI","HY",NA,NA,11
"12647","TAPI","HY",NA,NA,11
"12648","TAPI","AHY",72,NA,11
"12649","TAPI","HY",NA,NA,11
"12650","TAPI","HY",73,NA,11
"12651","TAPI","AHY",NA,NA,11
"12652","TAPI","HY",73,NA,11
"12653","TAPI","HY",NA,NA,11
"12654","TAPI","HY",NA,NA,11
"12655","TAPI","AHY",72,NA,11
"12656","TAPI","HY",NA,NA,11
"12657","TAPI","HY",71,NA,11
"12658","TAPI","AHY",NA,NA,11
"12659","TAPI","AHY",73,NA,11
"12660","TAPI","HY",NA,NA,11
"12661","TAPI","HY",70,NA,11
"12662","TAPI","HY",NA,NA,11
"12663","TAPI","AHY",NA,NA,11
"12664","TAPI","HY",72,NA,11
"12665","TAPI","HY",NA,NA,11
"12666","TAPI","HY",72,NA,11
"12667","TAPI","HY",NA,NA,11
"12668","TAPI","HY",72,NA,11
"12669","TAPI","HY",NA,NA,11
"12670","TAPI","HY",70,NA,11
"12671","TAPI","HY",72,NA,11
"12672","TAPI","HY",70,12.9,11
"12673","TAPI","HY",71,NA,11
"12674","TAPI","HY",75,12.9,11
"12675","TAPI","HY",69,NA,11
"12676","TAPI","HY",73,NA,11
"12677","TAPI","AHY",74,12.6,11
"12678","TAPI","AHY",70,NA,11
"12679","TAPI","AHY",75,NA,11
"12680","TAPI","AHY",68,12.1,11
"12681","TAPI","HY",71,NA,11
"12682","TAPI","HY",72,12.6,11
"12683","TAPI","HY",72,NA,11
"12684","TAPI","HY",70,13.2,11
"12685","TAPI","HY",70,NA,11
"12686","TAPI","HY",72,NA,11
"12687","TAPI","HY",70,12.8,11
"12688","TAPI","HY",70,NA,11
"12689","TAPI","AHY",74,12.8,11
"12690","TAPI","HY",68,NA,11
"12691","TAPI","AHY",71,NA,11
"12692","TAPI","AHY",72,11.5,11
"12693","TAPI","HY",70,NA,11
"12694","TAPI","HY",72,NA,11
"12695","TAPI","HY",70,12.7,11
"12696","TAPI","HY",75,12.9,11
"12697","TAPI","AHY",73,NA,11
"12698","TAPI","AHY",70,12.9,11
"12699","TAPI","AHY",73,NA,11
"12700","TAPI","HY",74,12.9,11
"12701","TAPI","HY",73,15.1,11
"12702","TAPI","HY",76,NA,11
"12703","TAPI","HY",72,12.7,11
"12704","TAPI","HY",74,NA,11
"12705","TAPI","HY",72,13.5,11
"12706","TAPI","HY",70,NA,11
"12707","TAPI","HY",73,NA,11
"12708","TAPI","HY",72,13.3,11
"12709","TAPI","HY",73,NA,11
"12710","TAPI","HY",71,NA,11
"12711","TAPI","HY",72,12,11
"12712","TAPI","HY",68,NA,11
"12713","TAPI","HY",75,13.3,11
"12714","TAPI","HY",67,NA,11
"12715","TAPI","HY",69,NA,11
"12716","TAPI","AHY",70,13.9,11
"12717","TAPI","HY",69,NA,11
"12718","TAPI","AHY",73,12.8,11
"12719","TAPI","HY",71,NA,11
"12720","TAPI","HY",71,12.6,11
"12721","TAPI","AHY",73,NA,11
"12722","TAPI","HY",69,NA,11
"12723","TAPI","AHY",75,13.7,11
"12724","TAPI","AHY",69,NA,11
"12725","TAPI","HY",73,12.9,11
"12726","TAPI","HY",70,NA,11
"12727","TAPI","AHY",74,12.7,11
"12728","TAPI","HY",71,NA,11
"12729","TAPI","AHY",72,12.8,11
"12730","TAPI","HY",74,NA,11
"12731","TAPI","AHY",71,14.2,11
"12732","TAPI","HY",72,NA,11
"12733","TAPI","HY",73,13.4,11
"12734","TAPI","HY",72,NA,11
"12735","TAPI","HY",72,12.9,11
"12736","TAPI","AHY",71,NA,11
"12737","TAPI","HY",70,12.6,11
"12738","TAPI","AHY",73,NA,11
"12739","TAPI","HY",70,12.9,11
"12740","TAPI","HY",72,NA,11
"12741","TAPI","HY",71,NA,11
"12742","TAPI","AHY",72,12.5,11
"12743","TAPI","HY",69,12.6,11
"12744","TAPI","AHY",75,14.3,11
"12745","TAPI","HY",NA,NA,11
"12746","TAPI","HY",NA,NA,11
"12747","TAPI","HY",NA,NA,11
"12748","TAPI","HY",NA,NA,11
"12749","TAPI","HY",NA,NA,11
"12750","TAPI","HY",NA,NA,11
"12751","TAPI","HY",NA,NA,11
"12752","TAPI","HY",NA,NA,11
"12753","TAPI","HY",NA,NA,11
"12754","TAPI","HY",NA,NA,11
"12755","TAPI","HY",NA,NA,11
"12756","TAPI","AHY",NA,NA,11
"12757","TAPI","HY",NA,NA,11
"12758","TAPI","AHY",NA,NA,11
"12759","TAPI","HY",NA,NA,11
"12760","TAPI","HY",NA,NA,11
"12761","TAPI","HY",NA,NA,11
"12762","TAPI","HY",NA,NA,11
"12763","TAPI","HY",NA,NA,11
"12764","TAPI","HY",NA,NA,11
"12765","TAPI","AHY",NA,NA,11
"12766","TAPI","HY",NA,NA,11
"12767","TAPI","HY",NA,NA,11
"12768","TAPI","HY",NA,NA,11
"12769","TAPI","HY",NA,NA,11
"12770","TAPI","HY",NA,NA,11
"12771","TAPI","HY",NA,NA,11
"12772","TAPI","HY",NA,NA,11
"12773","TAPI","HY",NA,NA,11
"12774","TAPI","HY",NA,NA,11
"12775","TAPI","HY",NA,NA,11
"12776","TAPI","HY",NA,NA,11
"12777","TAPI","HY",NA,NA,11
"12778","TAPI","HY",NA,NA,11
"12779","TAPI","HY",NA,NA,11
"12780","TAPI","HY",NA,NA,11
"12781","TAPI","HY",NA,NA,11
"12782","TAPI","HY",NA,NA,11
"12783","TAPI","HY",NA,NA,11
"12784","TAPI","HY",NA,NA,11
"12785","TAPI","HY",NA,NA,11
"12786","TAPI","HY",NA,NA,11
"12787","TAPI","HY",NA,NA,11
"12788","TAPI","HY",NA,NA,11
"12789","DUSA","AHY",115,59.1,11
"12790","DUSA","HY",110,54.7,11
"12791","DUSA","HY",110,60.4,11
"12792","TAPI","HY",72,12.3,11
"12793","TAPI","HY",70,12.9,11
"12794","TAPI","HY",71,13,11
"12795","TAPI","HY",73,12.4,11
"12796","TAPI","HY",74,12.1,11
"12797","TAPI","HY",75,13.3,11
"12798","TAPI","HY",73,13.4,11
"12799","TAPI","HY",74,13.1,11
"12800","TAPI","HY",71,12.4,11
"12801","TAPI","HY",70,12,11
"12802","TAPI","HY",75,13.2,11
"12803","TAPI","HY",73,13.5,11
"12804","TAPI","HY",74,13.3,11
"12805","TAPI","HY",72,13.1,11
"12806","TAPI","HY",71,12.3,11
"12807","TAPI","AHY",69,13.2,11
"12808","TAPI","HY",74,12.7,11
"12809","TAPI","HY",71,13,11
"12810","TAPI","AHY",73,13.6,11
"12811","TAPI","HY",70,13.7,11
"12812","TAPI","HY",72,13.2,11
"12813","TAPI","HY",71,12.6,11
"12814","TAPI","AHY",75,12.6,11
"12815","TAPI","AHY",69,13.4,11
"12816","TAPI","HY",71,13.5,11
"12817","TAPI","AHY",74,12.1,11
"12818","TAPI","AHY",68,13.1,11
"12819","TAPI","AHY",74,13.6,11
"12820","TAPI","HY",72,11.5,11
"12821","TAPI","HY",72,13.1,11
"12822","TAPI","HY",71,12.2,11
"12823","TAPI","HY",74,12.2,11
"12824","TAPI","HY",70,12.7,11
"12825","TAPI","HY",70,12.6,11
"12826","TAPI","AHY",72,13.5,11
"12827","TAPI","AHY",73,14.7,11
"12828","TAPI","AHY",72,13.4,11
"12829","TAPI","HY",70,12.9,11
"12830","TAPI","HY",70,13.2,11
"12831","TAPI","HY",71,14.5,11
"12832","TAPI","HY",72,12.3,11
"12833","TAPI","HY",73,14.3,11
"12834","TAPI","HY",71,12.7,11
"12835","TAPI","HY",70,12.5,11
"12836","TAPI","HY",73,12.4,11
"12837","TAPI","AHY",70,14,11
"12838","TAPI","HY",70,12.2,11
"12839","TAPI","HY",70,13.3,11
"12840","TAPI","AHY",67,12.4,11
"12841","TAPI","HY",70,NA,11
"12842","TAPI","AHY",70,13.4,11
"12843","TAPI","HY",70,11.8,11
"12844","TAPI","HY",70,12.6,11
"12845","TAPI","AHY",70,12.2,11
"12846","TAPI","AHY",71,13.8,11
"12847","TAPI","HY",72,12.5,11
"12848","TAPI","HY",72,11.6,11
"12849","TAPI","HY",73,12.6,11
"12850","TAPI","HY",71,12.7,11
"12851","TAPI","AHY",70,13.4,11
"12852","TAPI","HY",69,12.8,11
"12853","TAPI","AHY",75,13.4,11
"12854","TAPI","HY",69,11.1,11
"12855","TAPI","HY",75,13.1,11
"12856","TAPI","HY",72,11.7,11
"12857","TAPI","HY",72,14.2,11
"12858","TAPI","HY",70,12.5,11
"12859","TAPI","HY",72,12.1,11
"12860","TAPI","HY",NA,13.6,11
"12861","TAPI","HY",72,13.1,11
"12862","TAPI","AHY",77,13.3,11
"12863","TAPI","HY",72,12.7,11
"12864","TAPI","AHY",75,11.6,11
"12865","TAPI","AHY",74,13.7,11
"12866","TAPI","HY",73,13.3,11
"12867","TAPI","HY",74,14,11
"12868","TAPI","HY",74,12.9,11
"12869","TAPI","HY",73,14.5,11
"12870","TAPI","HY",72,13.8,11
"12871","TAPI","HY",70,13.2,11
"12872","TAPI","HY",72,13.4,11
"12873","TAPI","HY",70,13,11
"12874","TAPI","HY",73,13.1,11
"12875","TAPI","HY",69,13.2,11
"12876","TAPI","AHY",71,13,11
"12877","TAPI","AHY",72,12.5,11
"12878","TAPI","AHY",75,12.8,11
"12879","TAPI","HY",73,12.4,11
"12880","TAPI","HY",68,12,11
"12881","TAPI","HY",70,12,11
"12882","TAPI","HY",72,11.9,11
"12883","TAPI","AHY",70,12.1,11
"12884","TAPI","HY",72,13.8,11
"12885","TAPI","HY",71,12.1,11
"12886","TAPI","HY",70,12.3,11
"12887","TAPI","HY",71,12.3,11
"12888","TAPI","HY",71,12.7,11
"12889","TAPI","HY",72,12.2,11
"12890","TAPI","HY",68,12.2,11
"12891","TAPI","HY",74,13.2,11
"12892","TAPI","AHY",75,13.5,11
"12893","TAPI","HY",72,12.8,11
"12894","TAPI","HY",74,13.5,11
"12895","TAPI","HY",70,12.4,11
"12896","TAPI","AHY",72,13,11
"12897","TAPI","HY",72,12.8,11
"12898","TAPI","AHY",72,11.8,11
"12899","TAPI","HY",73,12.8,11
"12900","TAPI","HY",74,12.8,11
"12901","TAPI","HY",73,12.8,11
"12902","TAPI","HY",72,13.3,11
"12903","TAPI","AHY",71,13.4,11
"12904","TAPI","HY",69,12.1,11
"12905","TAPI","HY",69,12.5,11
"12906","TAPI","HY",74,13.4,11
"12907","TAPI","HY",73,13.1,11
"12908","TAPI","HY",70,12.9,11
"12909","TAPI","HY",72,12.8,11
"12910","TAPI","HY",70,13.7,11
"12911","TAPI","HY",69,13.4,11
"12912","TAPI","HY",73,12.8,11
"12913","TAPI","HY",67,12.9,11
"12914","TAPI","HY",70,12.6,11
"12915","TAPI","HY",71,11.4,11
"12916","TAPI","HY",71,12.5,11
"12917","TAPI","HY",72,13.4,11
"12918","TAPI","HY",73,13,11
"12919","TAPI","AHY",71,13.1,11
"12920","TAPI","AHY",74,13.2,11
"12921","TAPI","HY",70,13.6,11
"12922","TAPI","HY",73,14.1,11
"12923","TAPI","HY",70,12.3,11
"12924","TAPI","HY",68,13,11
"12925","TAPI","AHY",74,12.7,11
"12926","TAPI","HY",67,13.1,11
"12927","TAPI","HY",70,12.9,11
"12928","TAPI","HY",73,13.3,11
"12929","TAPI","HY",73,13,11
"12930","TAPI","HY",72,13.2,11
"12931","TAPI","HY",72,12.2,11
"12932","TAPI","HY",71,13.1,11
"12933","TAPI","HY",73,12.3,11
"12934","TAPI","HY",73,13.8,11
"12935","TAPI","AHY",71,12.5,11
"12936","TAPI","HY",70,12,11
"12937","TAPI","HY",70,11.7,11
"12938","TAPI","HY",70,12.2,11
"12939","TAPI","HY",73,13,11
"12940","TAPI","HY",71,13,11
"12941","TAPI","AHY",72,13.2,11
"12942","TAPI","HY",72,12.9,11
"12943","TAPI","AHY",70,13.4,11
"12944","TAPI","HY",72,12.1,11
"12945","TAPI","HY",73,13.6,11
"12946","TAPI","HY",71,13.6,11
"12947","TAPI","AHY",73,12.3,11
"12948","TAPI","HY",70,13,11
"12949","TAPI","HY",67,12.4,11
"12950","TAPI","HY",72,12.1,11
"12951","TAPI","HY",73,11.8,11
"12952","TAPI","AHY",73,13.4,11
"12953","TAPI","HY",69,12.4,11
"12954","TAPI","HY",71,12.2,11
"12955","TAPI","AHY",77,14.4,11
"12956","TAPI","HY",71,10.8,11
"12957","TAPI","HY",72,12.3,11
"12958","TAPI","HY",71,12.8,11
"12959","TAPI","HY",70,12.6,11
"12960","TAPI","HY",71,12.7,11
"12961","TAPI","HY",69,12.7,11
"12962","TAPI","HY",74,13,11
"12963","TAPI","AHY",73,12.1,11
"12964","TAPI","HY",73,12.4,11
"12965","TAPI","HY",71,12.8,11
"12966","TAPI","HY",72,12.6,11
"12967","TAPI","HY",71,13,11
"12968","TAPI","HY",NA,13.2,11
"12969","TAPI","HY",71,13.1,11
"12970","TAPI","HY",68,11.3,11
"12971","TAPI","AHY",69,12.1,11
"12972","TAPI","HY",70,NA,11
"12973","TAPI","HY",71,12.5,11
"12974","TAPI","HY",71,13,11
"12975","TAPI","HY",72,13.6,11
"12976","TAPI","HY",69,11.6,11
"12977","TAPI","HY",72,12.1,11
"12978","TAPI","HY",74,12.1,11
"12979","TAPI","HY",73,12.8,11
"12980","TAPI","HY",72,12.8,11
"12981","TAPI","AHY",72,13.5,11
"12982","TAPI","AHY",70,12.2,11
"12983","TAPI","HY",74,12.2,11
"12984","TAPI","HY",71,13.4,11
"12985","TAPI","HY",70,11.8,11
"12986","TAPI","AHY",73,12.9,11
"12987","TAPI","HY",72,12.9,11
"12988","TAPI","HY",70,11.7,11
"12989","TAPI","HY",73,12.1,11
"12990","TAPI","AHY",75,13,11
"12991","TAPI","HY",69,12.2,11
"12992","TAPI","HY",70,13.9,11
"12993","TAPI","HY",71,12.8,11
"12994","TAPI","HY",70,13.7,11
"12995","TAPI","HY",73,13.1,11
"12996","TAPI","HY",75,13.1,11
"12997","TAPI","HY",69,11.5,11
"12998","TAPI","HY",73,13.5,11
"12999","TAPI","HY",75,12.7,11
"13000","TAPI","HY",69,13,11
"13001","TAPI","HY",70,12,11
"13002","TAPI","AHY",73,12.7,11
"13003","TAPI","HY",69,12,11
"13004","TAPI","HY",71,13.5,11
"13005","TAPI","HY",74,12.3,11
"13006","TAPI","HY",72,13.9,11
"13007","TAPI","HY",70,12.8,11
"13008","TAPI","HY",73,12.4,11
"13009","TAPI","AHY",75,12,11
"13010","TAPI","HY",70,13.9,11
"13011","TAPI","AHY",72,12.8,11
"13012","TAPI","HY",69,12.8,11
"13013","TAPI","HY",72,13.6,11
"13014","TAPI","AHY",69,14.2,11
"13015","TAPI","HY",74,12.6,11
"13016","TAPI","HY",73,13.1,11
"13017","TAPI","HY",71,13.1,11
"13018","TAPI","HY",72,13.4,11
"13019","TAPI","HY",73,13.8,11
"13020","TAPI","HY",70,11.9,11
"13021","TAPI","HY",70,12.1,11
"13022","TAPI","HY",69,12.7,11
"13023","TAPI","AHY",73,12.3,11
"13024","TAPI","HY",73,13.2,11
"13025","TAPI","AHY",73,12.4,11
"13026","TAPI","HY",73,13,11
"13027","TAPI","HY",72,13.1,11
"13028","TAPI","HY",72,13,11
"13029","TAPI","HY",71,13.4,11
"13030","TAPI","HY",73,13,11
"13031","TAPI","HY",73,11.9,11
"13032","TAPI","AHY",70,12.2,11
"13033","TAPI","HY",71,11.9,11
"13034","TAPI","HY",71,11.3,11
"13035","TAPI","HY",73,12.9,11
"13036","TAPI","AHY",73,13.9,11
"13037","TAPI","AHY",71,12,11
"13038","TAPI","HY",72,12.5,11
"13039","TAPI","AHY",72,13,11
"13040","TAPI","HY",73,13.4,11
"13041","TAPI","HY",69,12.7,11
"13042","TAPI","HY",73,12.5,11
"13043","TAPI","HY",73,12,11
"13044","TAPI","HY",71,14.9,11
"13045","TAPI","HY",70,13,11
"13046","TAPI","HY",68,12.2,11
"13047","TAPI","HY",74,14,11
"13048","TAPI","HY",70,12.7,11
"13049","TAPI","HY",73,12.4,11
"13050","TAPI","HY",72,12.8,11
"13051","TAPI","HY",75,13.6,11
"13052","TAPI","HY",73,12.4,11
"13053","TAPI","HY",70,12.8,11
"13054","TAPI","HY",71,11.9,11
"13055","TAPI","HY",74,14.5,11
"13056","TAPI","HY",73,13,11
"13057","TAPI","HY",72,12.6,11
"13058","TAPI","HY",73,12,11
"13059","TAPI","HY",71,13.1,11
"13060","TAPI","HY",71,12.3,11
"13061","TAPI","HY",69,12.6,11
"13062","TAPI","AHY",68,12.6,11
"13063","TAPI","HY",71,12.7,11
"13064","TAPI","HY",70,12.8,11
"13065","TAPI","HY",72,13.2,11
"13066","TAPI","HY",69,12.9,11
"13067","TAPI","HY",71,12.2,11
"13068","TAPI","HY",69,12.4,11
"13069","TAPI","AHY",73,12.3,11
"13070","TAPI","HY",71,11.4,11
"13071","TAPI","HY",71,12.9,11
"13072","TAPI","HY",69,13.7,11
"13073","TAPI","HY",72,13.3,11
"13074","TAPI","HY",73,12.5,11
"13075","TAPI","HY",71,12.9,11
"13076","TAPI","AHY",73,13.1,11
"13077","TAPI","HY",71,14.1,11
"13078","TAPI","HY",71,13.1,11
"13079","TAPI","HY",74,13.9,11
"13080","TAPI","HY",72,12.8,11
"13081","TAPI","HY",69,13.2,11
"13082","TAPI","HY",71,12.1,11
"13083","TAPI","HY",70,NA,11
"13084","TAPI","HY",70,12.7,11
"13085","TAPI","HY",72,12.4,11
"13086","TAPI","AHY",72,15.3,11
"13087","TAPI","HY",76,12.2,11
"13088","TAPI","HY",71,11.7,11
"13089","TAPI","HY",71,13.1,11
"13090","TAPI","HY",73,13,11
"13091","TAPI","HY",70,12.4,11
"13092","TAPI","AHY",72,13.2,11
"13093","TAPI","HY",73,12.6,11
"13094","TAPI","HY",72,13.1,11
"13095","TAPI","HY",69,13.1,11
"13096","TAPI","HY",71,12,11
"13097","TAPI","HY",73,13.3,11
"13098","TAPI","HY",71,12.1,11
"13099","TAPI","HY",71,11.8,11
"13100","TAPI","AHY",74,14.1,11
"13101","TAPI","HY",70,13.3,11
"13102","TAPI","HY",72,13.8,11
"13103","TAPI","HY",69,12.6,11
"13104","TAPI","HY",73,12.2,11
"13105","TAPI","HY",70,14.5,11
"13106","TAPI","HY",71,12.9,11
"13107","TAPI","AHY",74,13.8,11
"13108","TAPI","HY",70,11.8,11
"13109","TAPI","HY",73,13.3,11
"13110","TAPI","HY",70,13.3,11
"13111","TAPI","AHY",72,11.9,11
"13112","TAPI","HY",69,13.3,11
"13113","TAPI","HY",69,NA,11
"13114","TAPI","HY",73,12.9,11
"13115","TAPI","AHY",76,13.9,11
"13116","TAPI","HY",73,13.4,11
"13117","TAPI","AHY",71,12.7,11
"13118","TAPI","HY",75,12.5,11
"13119","TAPI","HY",71,12.7,11
"13120","TAPI","HY",73,12.7,11
"13121","TAPI","HY",73,12.3,11
"13122","TAPI","HY",71,11.8,11
"13123","TAPI","HY",70,13.6,11
"13124","TAPI","HY",71,12.6,11
"13125","TAPI","AHY",72,13.7,11
"13126","TAPI","HY",72,13.3,11
"13127","TAPI","HY",70,14,11
"13128","TAPI","HY",72,13.2,11
"13129","TAPI","HY",71,13.2,11
"13130","TAPI","AHY",71,13.5,11
"13131","TAPI","HY",71,14.1,11
"13132","TAPI","HY",70,12.4,11
"13133","TAPI","HY",71,11.9,11
"13134","TAPI","AHY",74,13.6,11
"13135","TAPI","AHY",70,12.2,11
"13136","TAPI","HY",73,13.8,11
"13137","TAPI","HY",70,12.3,11
"13138","TAPI","HY",71,14.1,11
"13139","TAPI","AHY",72,14,11
"13140","TAPI","HY",72,12.6,11
"13141","TAPI","HY",70,13.7,11
"13142","TAPI","HY",69,NA,11
"13143","TAPI","AHY",70,NA,11
"13144","TAPI","AHY",71,NA,11
"13145","TAPI","AHY",74,NA,11
"13146","TAPI","HY",73,NA,11
"13147","TAPI","HY",70,NA,11
"13148","TAPI","HY",70,NA,11
"13149","TAPI","HY",72,NA,11
"13150","TAPI","HY",69,NA,11
"13151","TAPI","HY",70,NA,11
"13152","TAPI","HY",67,NA,11
"13153","TAPI","HY",71,NA,11
"13154","TAPI","HY",71,NA,11
"13155","TAPI","HY",70,NA,11
"13156","TAPI","HY",72,NA,11
"13157","TAPI","HY",70,NA,11
"13158","TAPI","HY",76,NA,11
"13159","TAPI","HY",73,NA,11
"13160","TAPI","AHY",69,NA,11
"13161","TAPI","HY",70,NA,11
"13162","TAPI","HY",72,NA,11
"13163","TAPI","HY",71,NA,11
"13164","TAPI","HY",70,NA,11
"13165","TAPI","HY",71,NA,11
"13166","TAPI","AHY",71,NA,11
"13167","TAPI","HY",70,NA,11
"13168","TAPI","HY",71,12.8,11
"13169","TAPI","HY",70,12.6,11
"13170","TAPI","HY",71,13,11
"13171","TAPI","HY",70,11.6,11
"13172","TAPI","AHY",73,12.5,11
"13173","TAPI","HY",74,13,11
"13174","TAPI","HY",73,14.2,11
"13175","TAPI","AHY",75,12.6,11
"13176","TAPI","HY",73,12.9,11
"13177","TAPI","HY",69,12.3,11
"13178","TAPI","HY",72,13.6,11
"13179","TAPI","HY",69,12.2,11
"13180","TAPI","HY",72,14,11
"13181","TAPI","HY",72,13.6,11
"13182","TAPI","HY",71,12.4,11
"13183","TAPI","AHY",69,12.5,11
"13184","TAPI","AHY",NA,14.1,11
"13185","TAPI","AHY",75,13.9,11
"13186","TAPI","AHY",75,13.9,11
"13187","TAPI","HY",72,13.4,11
"13188","TAPI","HY",72,12.8,11
"13189","TAPI","AHY",75,13.2,11
"13190","TAPI","HY",72,12.9,11
"13191","TAPI","HY",71,14.8,11
"13192","TAPI","HY",71,12.5,11
"13193","TAPI","HY",70,13.2,11
"13194","TAPI","HY",68,13.4,11
"13195","TAPI","HY",74,13.1,11
"13196","TAPI","HY",69,13.2,11
"13197","TAPI","AHY",72,13.8,11
"13198","TAPI","HY",69,13.1,11
"13199","TAPI","HY",69,12.7,11
"13200","TAPI","HY",73,12.8,11
"13201","TAPI","HY",71,12.2,11
"13202","TAPI","HY",73,13,11
"13203","TAPI","HY",71,12.9,11
"13204","TAPI","HY",73,12.7,11
"13205","TAPI","HY",72,14.4,11
"13206","TAPI","HY",70,13.2,11
"13207","TAPI","HY",70,12.7,11
"13208","TAPI","HY",71,13.2,11
"13209","TAPI","AHY",71,14.3,11
"13210","SIFL","HY",72,12.7,11
"13211","SIFL","AHY",74,12.5,11
"13212","TAPI","HY",74,12.3,11
"13213","TAPI","AHY",74,14.4,11
"13214","TAPI","AHY",69,13.1,11
"13215","TAPI","AHY",68,13.1,11
"13216","TAPI","AHY",71,13.2,11
"13217","TAPI","HY",73,13.2,11
"13218","TAPI","HY",71,13.2,11
"13219","TAPI","HY",70,13.8,11
"13220","TAPI","AHY",72,14.4,11
"13221","TAPI","HY",71,13.5,11
"13222","TAPI","AHY",73,13.9,11
"13223","SIFL","HY",71,11.9,11
"13224","SIFL","HY",70,13.7,11
"13225","TAPI","HY",70,12.6,11
"13226","SIFL","HY",70,12.6,11
"13227","SIFL","AHY",73,13.7,11
"13228","TAPI","HY",72,12.8,11
"13229","TAPI","HY",71,13.4,11
"13230","TAPI","HY",71,13.6,11
"13231","SIFL","HY",73,12.7,11
"13232","TAPI","HY",70,14,11
"13233","TAPI","HY",73,12.5,11
"13234","TAPI","HY",72,15,11
"13235","TAPI","HY",73,13.4,11
"13236","TAPI","HY",69,13.9,11
"13237","TAPI","HY",73,14,11
"13238","TAPI","HY",68,12.6,11
"13239","TAPI","HY",67,12.8,11
"13240","TAPI","HY",70,14.2,11
"13241","TAPI","HY",70,13,11
"13242","SIFL","HY",70,13.1,11
"13243","TAPI","HY",71,12.8,11
"13244","TAPI","HY",72,14.2,11
"13245","SIFL","HY",74,13.5,11
"13246","TAPI","HY",71,12.4,11
"13247","TAPI","HY",72,14.1,11
"13248","TAPI","AHY",73,13.6,11
"13249","TAPI","HY",69,13.2,11
"13250","TAPI","HY",68,12.8,11
"13251","TAPI","HY",73,14,11
"13252","SIFL","HY",73,12.8,11
"13253","TAPI","HY",68,14.5,11
"13254","TAPI","AHY",73,13.5,11
"13255","SIFL","HY",80,15.3,11
"13256","TAPI","HY",70,12,11
"13257","TAPI","HY",72,12.5,11
"13258","TAPI","AHY",70,13.9,11
"13259","SIFL","HY",71,12.6,11
"13260","SIFL","AHY",73,14.2,11
"13261","SIFL","AHY",72,13.7,11
"13262","SIFL","HY",74,13,11
"13263","SIFL","HY",73,12.6,11
"13264","TAPI","AHY",70,13.5,11
"13265","TAPI","HY",69,13,11
"13266","TAPI","AHY",71,12.9,11
"13267","TAPI","HY",76,14.2,11
"13268","TAPI","HY",71,13.1,11
"13269","SIFL","HY",69,12.3,11
"13270","SIFL","HY",72,13.4,11
"13271","SIFL","HY",73,13.2,11
"13272","SIFL","HY",71,12.3,11
"13273","SIFL","HY",70,13.1,11
"13274","SIFL","HY",70,12.9,11
"13275","SIFL","HY",78,14.4,11
"13276","TAPI","HY",72,13,11
"13277","SIFL","HY",71,13.5,11
"13278","SIFL","HY",78,12.3,11
"13279","SIFL","AHY",75,12.7,11
"13280","TAPI","HY",72,13.7,11
"13281","TAPI","HY",70,14.1,11
"13282","TAPI","HY",70,14,11
"13283","TAPI","HY",69,12.5,11
"13284","TAPI","HY",72,13.8,11
"13285","TAPI","HY",73,14.9,11
"13286","TAPI","HY",69,14.2,11
"13287","TAPI","HY",71,13.5,11
"13288","TAPI","HY",75,14,11
"13289","TAPI","HY",74,13.5,11
"13290","TAPI","AHY",70,NA,11
"13291","TAPI","HY",72,14.1,11
"13292","TAPI","HY",70,13.1,11
"13293","TAPI","HY",72,13.6,11
"13294","TAPI","HY",72,14.1,11
"13295","TAPI","HY",69,12.4,11
"13296","TAPI","HY",69,14.4,11
"13297","TAPI","HY",75,13,11
"13298","TAPI","HY",72,13.8,11
"13299","TAPI","HY",73,14.6,11
"13300","TAPI","HY",73,14.6,11
"13301","TAPI","HY",74,12.5,11
"13302","TAPI","HY",72,14,11
"13303","TAPI","HY",69,11.9,11
"13304","TAPI","HY",73,14,11
"13305","TAPI","HY",72,12.8,11
"13306","TAPI","HY",68,13.1,11
"13307","TAPI","HY",74,15.1,11
"13308","TAPI","HY",71,12.8,11
"13309","TAPI","HY",67,11.4,11
"13310","TAPI","HY",69,13.2,11
"13311","TAPI","HY",73,13.3,11
"13312","TAPI","HY",72,13.2,11
"13313","TAPI","HY",72,13.3,11
"13314","TAPI","AHY",72,14.6,11
"13315","SIFL","HY",71,12.7,11
"13316","TAPI","AHY",74,13.6,11
"13317","TAPI","HY",75,13.4,11
"13318","TAPI","HY",70,12.7,11
"13319","TAPI","HY",74,13.8,11
"13320","TAPI","HY",71,13.6,11
"13321","TAPI","HY",70,13.6,11
"13322","TAPI","HY",75,13.4,11
"13323","SIFL","HY",71,13.9,11
"13324","TAPI","HY",73,13.5,11
"13325","TAPI","HY",74,13.4,11
"13326","TAPI","AHY",74,14.3,11
"13327","TAPI","HY",73,14.7,11
"13328","TAPI","HY",69,13.6,11
"13329","TAPI","AHY",75,13.8,11
"13330","TAPI","AHY",71,13.2,11
"13331","TAPI","AHY",78,13.6,11
"13332","TAPI","AHY",74,13.8,11
"13333","TAPI","HY",70,13.1,11
"13334","SIFL","HY",73,11.2,11
"13335","SIFL","HY",71,12.8,11
"13336","SIFL","AHY",74,13.8,11
"13337","SIFL","HY",75,13.4,11
"13338","TAPI","HY",75,14.8,11
"13339","TAPI","AHY",72,12.7,11
"13340","SIFL","AHY",73,13.9,11
"13341","TAPI","HY",73,13,11
"13342","TAPI","HY",68,12.6,11
"13343","TAPI","HY",71,14.6,11
"13344","TAPI","HY",70,12.6,11
"13345","TAPI","HY",68,13.6,11
"13346","TAPI","HY",72,13.9,11
"13347","TAPI","HY",68,13.1,11
"13348","TAPI","AHY",74,13.7,11
"13349","TAPI","HY",70,14.7,11
"13350","TAPI","AHY",69,13.1,11
"13351","TAPI","HY",69,12.5,11
"13352","TAPI","HY",71,13.9,11
"13353","TAPI","HY",69,12.8,11
"13354","SIFL","HY",75,12.7,11
"13355","TAPI","HY",70,14.3,11
"13356","TAPI","HY",68,14.1,11
"13357","SIFL","HY",70,11.9,11
"13358","TAPI","HY",68,13.9,11
"13359","SIFL","HY",70,13.1,11
"13360","TAPI","HY",66,12.5,11
"13361","TAPI","HY",73,13.8,11
"13362","TAPI","HY",74,14.2,11
"13363","SIFL","HY",73,11.2,11
"13364","TAPI","AHY",75,14.5,11
"13365","SIFL","HY",72,12.8,11
"13366","TAPI","HY",75,13.6,11
"13367","SIFL","HY",72,13.1,11
"13368","TAPI","HY",71,13.7,11
"13369","TAPI","HY",71,14.2,11
"13370","TAPI","HY",71,13.8,11
"13371","SIFL","HY",70,12.9,11
"13372","TAPI","AHY",70,13.1,11
"13373","TAPI","HY",72,14.3,11
"13374","TAPI","HY",74,12.4,11
"13375","SIFL","HY",74,13.3,11
"13376","SIFL","AHY",76,14.5,11
"13377","DUSA","AHY",121,57.7,11
"13378","TAPI","AHY",72,12.5,11
"13379","TAPI","HY",71,12.6,11
"13380","TAPI","AHY",71,13.3,11
"13381","SIFL","HY",73,13.3,11
"13382","TAPI","HY",71,12.1,11
"13383","SIFL","HY",72,12.7,11
"13384","TAPI","HY",72,13.1,11
"13385","TAPI","AHY",69,13.4,11
"13386","TAPI","HY",70,12.8,11
"13387","TAPI","HY",71,13.4,11
"13388","TAPI","HY",71,13.2,11
"13389","TAPI","AHY",73,13.1,11
"13390","TAPI","HY",73,14.1,11
"13391","TAPI","HY",74,13.1,11
"13392","TAPI","AHY",72,12,11
"13393","TAPI","HY",70,14.5,11
"13394","TAPI","HY",70,13.5,11
"13395","TAPI","HY",73,13.4,11
"13396","TAPI","HY",71,13.8,11
"13397","SIFL","HY",72,12.2,11
"13398","SIFL","HY",72,13.1,11
"13399","TAPI","HY",71,13.3,11
"13400","TAPI","HY",68,14.1,11
"13401","TAPI","HY",73,13.1,11
"13402","TAPI","HY",71,12.5,11
"13403","TAPI","HY",71,13.4,11
"13404","TAPI","HY",71,12.6,11
"13405","TAPI","HY",72,14.6,11
"13406","TAPI","HY",73,13.5,11
"13407","TAPI","HY",72,14.1,11
"13408","TAPI","HY",69,11.9,11
"13409","TAPI","HY",69,13.2,11
"13410","TAPI","HY",74,12.8,11
"13411","TAPI","HY",69,13.4,11
"13412","TAPI","HY",68,14,11
"13413","TAPI","HY",70,12.9,11
"13414","TAPI","HY",70,13.1,11
"13415","TAPI","HY",71,13,11
"13416","TAPI","AHY",71,12.3,11
"13417","TAPI","HY",69,12.6,11
"13418","TAPI","HY",70,13.3,11
"13419","TAPI","HY",68,14,11
"13420","TAPI","HY",73,13.4,11
"13421","TAPI","HY",71,12,11
"13422","TAPI","HY",68,12,11
"13423","TAPI","HY",72,13.3,11
"13424","TAPI","HY",73,13.7,11
"13425","TAPI","AHY",75,12.4,11
"13426","TAPI","AHY",69,12.9,11
"13427","SIFL","HY",72,13.1,11
"13428","TAPI","AHY",70,13,11
"13429","TAPI","HY",73,13.7,11
"13430","TAPI","HY",75,13.5,11
"13431","TAPI","HY",NA,12.9,11
"13432","TAPI","HY",72,12.9,11
"13433","TAPI","HY",73,12.8,11
"13434","TAPI","HY",71,12.9,11
"13435","TAPI","HY",72,12.1,11
"13436","TAPI","HY",73,13,11
"13437","TAPI","HY",73,12.5,11
"13438","TAPI","AHY",74,12.6,11
"13439","TAPI","HY",70,12.6,11
"13440","TAPI","AHY",75,14.4,11
"13441","TAPI","HY",71,13,11
"13442","TAPI","HY",70,13.8,11
"13443","TAPI","HY",73,12.1,11
"13444","TAPI","AHY",68,12.5,11
"13445","TAPI","HY",70,12.4,11
"13446","TAPI","AHY",69,12.7,11
"13447","TAPI","HY",71,13.3,11
"13448","TAPI","AHY",70,13.9,11
"13449","TAPI","HY",72,14.6,11
"13450","TAPI","HY",70,12.2,11
"13451","TAPI","HY",73,13,11
"13452","TAPI","AHY",74,13.4,11
"13453","TAPI","HY",70,13.2,11
"13454","TAPI","HY",72,12.6,11
"13455","TAPI","HY",69,13.2,11
"13456","SIFL","HY",70,12.2,11
"13457","TAPI","HY",69,13.6,11
"13458","TAPI","HY",71,12.1,11
"13459","SIFL","HY",72,12.1,11
"13460","TAPI","AHY",73,12.5,11
"13461","TAPI","HY",70,12.5,11
"13462","TAPI","HY",72,13.8,11
"13463","TAPI","HY",67,12.6,11
"13464","TAPI","HY",74,13.3,11
"13465","TAPI","AHY",70,12.9,11
"13466","TAPI","AHY",72,13.6,11
"13467","TAPI","AHY",72,13.1,11
"13468","TAPI","HY",69,13.1,11
"13469","TAPI","AHY",68,13.8,11
"13470","TAPI","HY",71,12.7,11
"13471","TAPI","HY",70,13.6,11
"13472","TAPI","HY",73,13.1,11
"13473","TAPI","HY",70,12.9,11
"13474","TAPI","HY",70,13.6,11
"13475","TAPI","HY",73,13.5,11
"13476","TAPI","AHY",71,13.9,11
"13477","TAPI","HY",70,14,11
"13478","TAPI","HY",72,12.9,11
"13479","TAPI","HY",69,13.3,11
"13480","TAPI","AHY",75,13.3,11
"13481","TAPI","AHY",72,13.3,11
"13482","TAPI","HY",74,13.3,11
"13483","TAPI","AHY",68,13.3,11
"13484","TAPI","HY",74,12.7,11
"13485","TAPI","AHY",74,13.8,11
"13486","TAPI","HY",72,12.8,11
"13487","TAPI","HY",70,12.3,11
"13488","TAPI","HY",73,12.5,11
"13489","TAPI","HY",71,11.8,11
"13490","TAPI","AHY",72,12.9,11
"13491","TAPI","AHY",73,12.7,11
"13492","TAPI","HY",68,NA,11
"13493","TAPI","HY",75,13.1,11
"13494","TAPI","HY",68,13.1,11
"13495","TAPI","HY",75,14.3,11
"13496","TAPI","HY",74,13.7,11
"13497","TAPI","HY",69,13.5,11
"13498","TAPI","HY",72,13.5,11
"13499","TAPI","HY",68,12.5,11
"13500","TAPI","HY",70,13.8,11
"13501","TAPI","AHY",71,12.8,11
"13502","TAPI","HY",69,12.9,11
"13503","TAPI","HY",69,12.8,11
"13504","TAPI","HY",72,14.3,11
"13505","TAPI","AHY",73,13.6,11
"13506","TAPI","HY",70,12.3,11
"13507","TAPI","HY",73,13.8,11
"13508","TAPI","AHY",73,12.7,11
"13509","SIFL","HY",70,12.5,11
"13510","SIFL","AHY",72,13.9,11
"13511","TAPI","HY",74,13.2,11
"13512","SIFL","HY",72,13.1,11
"13513","TAPI","HY",75,14.5,11
"13514","SIFL","HY",66,11.4,11
"13515","TAPI","AHY",70,13.3,11
"13516","DUSA","HY",108,57.7,11
"13517","DUSA","AHY",114,59.6,11
"13518","TAPI","HY",70,13.4,11
"13519","TAPI","HY",69,13.2,11
"13520","TAPI","HY",69,12.6,11
"13521","TAPI","HY",72,13.8,11
"13522","TAPI","HY",69,11.9,11
"13523","TAPI","HY",69,12.6,11
"13524","TAPI","HY",76,13.2,11
"13525","TAPI","AHY",74,13.3,11
"13526","TAPI","HY",70,13.1,11
"13527","TAPI","HY",71,11.8,11
"13528","SIFL","HY",71,12.9,11
"13529","SIFL","HY",71,13.2,11
"13530","TAPI","AHY",76,13.9,11
"13531","SIFL","HY",71,13.3,11
"13532","TAPI","AHY",72,12.8,11
"13533","TAPI","HY",71,13.1,11
"13534","TAPI","AHY",73,12.1,11
"13535","TAPI","HY",72,13.6,11
"13536","TAPI","AHY",71,13.8,11
"13537","TAPI","HY",69,12.4,11
"13538","TAPI","HY",67,11.6,11
"13539","TAPI","HY",69,12.6,11
"13540","SIFL","HY",72,11.5,11
"13541","TAPI","HY",70,12.9,11
"13542","TAPI","HY",73,12.2,11
"13543","TAPI","HY",71,12.9,11
"13544","TAPI","HY",72,13.2,11
"13545","TAPI","HY",73,13.8,11
"13546","TAPI","AHY",73,12.9,11
"13547","TAPI","HY",71,12.5,11
"13548","TAPI","HY",70,11.4,11
"13549","TAPI","HY",70,12.4,11
"13550","TAPI","HY",70,12.3,11
"13551","TAPI","HY",76,13.3,11
"13552","SIFL","AHY",72,12.3,11
"13553","SIFL","HY",73,13,11
"13554","SIFL","HY",72,13.1,11
"13555","TAPI","AHY",75,12.1,11
"13556","TAPI","AHY",70,13.2,11
"13557","TAPI","HY",74,14.2,11
"13558","TAPI","HY",70,12.3,11
"13559","TAPI","HY",72,13.1,11
"13560","SIFL","HY",75,12.5,11
"13561","TAPI","HY",72,13.6,11
"13562","TAPI","HY",72,12.7,11
"13563","TAPI","AHY",70,12.8,11
"13564","TAPI","HY",73,13.8,11
"13565","TAPI","AHY",70,12.3,11
"13566","TAPI","HY",71,12.4,11
"13567","TAPI","AHY",70,12.6,11
"13568","SIFL","AHY",75,12.8,11
"13569","TAPI","AHY",74,13.9,11
"13570","TAPI","AHY",75,14,11
"13571","TAPI","AHY",72,13.1,11
"13572","SIFL","HY",70,12.1,11
"13573","TAPI","HY",74,13.4,11
"13574","TAPI","HY",73,12.5,11
"13575","TAPI","HY",69,12.6,11
"13576","TAPI","HY",72,13,11
"13577","TAPI","AHY",74,13,11
"13578","SIFL","HY",75,12.1,11
"13579","TAPI","HY",72,13.1,11
"13580","TAPI","HY",73,13.4,11
"13581","TAPI","AHY",73,12.5,11
"13582","TAPI","HY",71,13,11
"13583","SIFL","HY",74,13.1,11
"13584","TAPI","HY",71,12.3,11
"13585","TAPI","HY",70,13,11
"13586","TAPI","HY",69,14,11
"13587","TAPI","HY",69,13.1,11
"13588","TAPI","HY",72,13.1,11
"13589","TAPI","HY",68,11.6,11
"13590","TAPI","HY",72,13.2,11
"13591","TAPI","HY",72,14.3,11
"13592","TAPI","HY",70,13.1,11
"13593","TAPI","HY",68,12.3,11
"13594","TAPI","HY",73,13.8,11
"13595","TAPI","HY",70,13.4,11
"13596","SIFL","HY",70,13.2,11
"13597","TAPI","HY",74,12.7,11
"13598","TAPI","HY",70,12.6,11
"13599","TAPI","HY",71,13.8,11
"13600","TAPI","HY",72,12,11
"13601","TAPI","HY",70,12.7,11
"13602","TAPI","HY",70,12.5,11
"13603","TAPI","AHY",73,12.4,11
"13604","TAPI","HY",64,10.9,11
"13605","TAPI","HY",69,12.9,11
"13606","TAPI","HY",69,12.6,11
"13607","TAPI","HY",73,12.7,11
"13608","TAPI","HY",72,12.9,11
"13609","TAPI","HY",74,13.5,11
"13610","TAPI","AHY",72,13.4,11
"13611","TAPI","HY",74,12.6,11
"13612","TAPI","HY",70,13.4,11
"13613","TAPI","HY",75,13.9,11
"13614","TAPI","AHY",73,13.7,11
"13615","TAPI","HY",69,13.1,11
"13616","TAPI","HY",70,14.2,11
"13617","TAPI","HY",70,13.5,11
"13618","TAPI","HY",75,13,11
"13619","TAPI","HY",73,12.6,11
"13620","TAPI","HY",72,13.2,11
"13621","TAPI","HY",71,12.7,11
"13622","TAPI","HY",75,12.5,11
"13623","TAPI","HY",71,13,11
"13624","TAPI","HY",73,13.5,11
"13625","TAPI","HY",71,13,11
"13626","TAPI","HY",71,12.4,11
"13627","TAPI","HY",71,12,11
"13628","TAPI","HY",72,12.7,11
"13629","SIFL","HY",72,13.7,11
"13630","TAPI","HY",71,11.6,11
"13631","TAPI","HY",70,12.2,11
"13632","TAPI","HY",73,12.7,11
"13633","TAPI","HY",72,12.5,11
"13634","TAPI","AHY",67,12.8,11
"13635","TAPI","HY",74,12.1,11
"13636","TAPI","HY",73,13.5,11
"13637","TAPI","HY",69,13.1,11
"13638","TAPI","HY",72,12.2,11
"13639","TAPI","HY",73,13.2,11
"13640","TAPI","AHY",71,12.9,11
"13641","TAPI","HY",70,12.2,11
"13642","TAPI","HY",70,12.3,11
"13643","TAPI","HY",70,13.4,11
"13644","TAPI","AHY",68,12.7,11
"13645","TAPI","HY",72,13.5,11
"13646","TAPI","HY",71,13.3,11
"13647","TAPI","AHY",70,11.9,11
"13648","TAPI","AHY",72,13.7,11
"13649","TAPI","HY",73,12.4,11
"13650","TAPI","AHY",72,12,11
"13651","SIFL","HY",70,10.3,11
"13652","TAPI","HY",73,13.7,11
"13653","TAPI","HY",73,12,11
"13654","SIFL","HY",72,12.7,11
"13655","SIFL","HY",70,11.5,11
"13656","SIFL","HY",75,13.7,11
"13657","SIFL","AHY",70,11.1,11
"13658","SIFL","HY",73,13.9,11
"13659","SIFL","HY",73,11.9,11
"13660","SIFL","AHY",73,12.7,11
"13661","SIFL","AHY",71,12.4,11
"13662","SIFL","HY",74,13.4,11
"13663","SIFL","AHY",72,13.2,11
"13664","SIFL","HY",72,12.3,11
"13665","SIFL","HY",68,11.6,11
"13666","SIFL","HY",70,11.9,11
"13667","SIFL","HY",70,12.7,11
"13668","SIFL","HY",71,12.3,11
"13669","SIFL","HY",72,13.1,11
"13670","SIFL","HY",69,11.9,11
"13671","SIFL","HY",74,12,11
"13672","SIFL","HY",71,12.9,11
"13673","SIFL","HY",70,12.8,11
"13674","SIFL","HY",76,13.3,11
"13675","SIFL","HY",72,12.6,11
"13676","SIFL","HY",70,13.1,11
"13677","SIFL","HY",73,12.1,11
"13678","SIFL","HY",70,12.2,11
"13679","SIFL","HY",71,13.8,11
"13680","SIFL","AHY",72,12.4,11
"13681","SIFL","HY",71,12.6,11
"13682","SIFL","HY",70,11.8,11
"13683","SIFL","HY",71,13.5,11
"13684","SIFL","AHY",74,13,11
"13685","SIFL","HY",73,12.5,11
"13686","SIFL","HY",74,12.1,11
"13687","SIFL","HY",75,14.3,11
"13688","SIFL","HY",75,12.6,11
"13689","SIFL","AHY",76,13.9,11
"13690","SIFL","HY",73,13.2,11
"13691","SIFL","HY",70,13.6,11
"13692","SIFL","AHY",74,14.6,11
"13693","SIFL","AHY",71,12.5,11
"13694","DUSA","HY",NA,59.5,11
"13695","DUSA","HY",107,52.1,11
"13696","DUSA","HY",111,57.3,11
"13697","DUSA","HY",111,57.1,11
"13698","DUSA","HY",112,58.8,11
"13699","DUSA","HY",113,58.4,11
"13700","DUSA","HY",105,57,11
"13701","DUSA","HY",115,53.1,11
"13702","DUSA","HY",111,54.9,11
"13703","TAPI","AHY",71,13,12
"13704","TAPI","HY",70,12.4,12
"13705","TAPI","AHY",72,12.9,12
"13706","TAPI","AHY",71,11.8,12
"13707","TAPI","HY",69.5,11.6,12
"13708","TAPI","HY",75,12.8,12
"13709","TAPI","AHY",69,11.3,12
"13710","TAPI","HY",72,13.8,12
"13711","TAPI","HY",72,11.6,12
"13712","TAPI","AHY",71,11.9,12
"13713","TAPI","HY",73,11.7,12
"13714","TAPI","AHY",67,11.4,12
"13715","TAPI","AHY",73,13.5,12
"13716","TAPI","AHY",71,11.1,12
"13717","TAPI","AHY",70,10.2,12
"13718","TAPI","AHY",73,11.6,12
"13719","TAPI","AHY",73,12.3,12
"13720","TAPI","HY",72,12.8,12
"13721","TAPI","HY",72.5,13.5,12
"13722","TAPI","HY",71,10.7,12
"13723","TAPI","HY",74,11.9,12
"13724","SIFL","AHY",72,12.9,12
"13725","TAPI","HY",68,14,12
"13726","SIFL","AHY",70,13,12
"13727","SIFL","HY",72,14.4,12
"13728","SIFL","AHY",71,12.1,12
"13729","SIFL","HY",74,12.5,12
"13730","SIFL","AHY",74,12.1,12
"13731","SIFL","AHY",74,12.1,12
"13732","TAPI","HY",72,12.9,12
"13733","TAPI","HY",71,13,12
"13734","SIFL","HY",73,13,12
"13735","SIFL","AHY",73,12.8,12
"13736","TAPI","HY",73,13.3,12
"13737","TAPI","AHY",61,14.7,12
"13738","TAPI","AHY",73,14,12
"13739","TAPI","AHY",74,13.2,12
"13740","TAPI","AHY",72,13.4,12
"13741","SIFL","AHY",76,14.4,12
"13742","TAPI","HY",72,13,12
"13743","TAPI","AHY",72,12.8,12
"13744","TAPI","AHY",73,12.4,12
"13745","TAPI","AHY",71,14.6,12
"13746","TAPI","AHY",69,13.7,12
"13747","SIFL","AHY",77,12.5,12
"13748","SIFL","HY",75,14.5,12
"13749","TAPI","AHY",74,13.2,12
"13750","SIFL","HY",72,13.8,12
"13751","TAPI","AHY",72,13.1,12
"13752","TAPI","HY",72,11.8,12
"13753","SIFL","HY",72,11.9,12
"13754","SIFL","HY",71,12.4,12
"13755","SIFL","HY",68,11.5,12
"13756","TAPI","AHY",70,14.9,12
"13757","SIFL","AHY",73,11.7,12
"13758","SIFL","HY",69,10.4,12
"13759","SIFL","HY",70,11.6,12
"13760","SIFL","AHY",73,13.9,12
"13761","SIFL","HY",76,13.3,12
"13762","TAPI","AHY",68,12.2,12
"13763","SIFL","AHY",71,12.2,12
"13764","SIFL","HY",72,11.4,12
"13765","SIFL","AHY",76,13.9,12
"13766","SIFL","HY",74,12.2,12
"13767","SIFL","HY",73,14,12
"13768","SIFL","HY",70,11.3,12
"13769","SIFL","HY",69,11.5,12
"13770","SIFL","AHY",72,12.2,12
"13771","SIFL","HY",75,13.2,12
"13772","DUSA","HY",119,57,12
"13773","DUSA","HY",111,58.1,12
"13774","DUSA","AHY",113,59.6,12
"13775","DUSA","HY",99,55.8,12
"13776","DUSA","HY",108,52.5,12
"13777","DUSA","AHY",115,57.2,12
"13778","DUSA","AHY",112,55.3,12
"13779","DUSA","AHY",115,59.2,12
"13780","DUSA","AHY",116,56.1,12
"13781","DUSA","AHY",113,57.4,12
"13782","DUSA","HY",110,59.1,12
"13783","DUSA","HY",108,52,12
"13784","DUSA","AHY",112,58.8,12
"13785","DUSA","HY",111,53.5,12
"13786","DUSA","HY",111,54.7,12
"13787","DUSA","HY",112,49.4,12
"13788","DUSA","AHY",110,54.4,12
"13789","DUSA","AHY",109,55.6,12
"13790","DUSA","HY",110,56.7,12
"13791","DUSA","HY",111,50.5,12
"13792","DUSA","AHY",119,55.9,12
"13793","DUSA","HY",105,53.6,12
"13794","JABO","AHY",101,47.5,12
"13795","JABO","AHY",107,47.5,12
"13796","JABO","AHY",111,49.8,12
"13797","DUSA","HY",113,53.9,12
"13798","DUSA","HY",108,52,12
"13799","JABO","HY",115,49.2,12
"13800","JABO","HY",117,46.8,12
"13801","DUSA","HY",107,52.4,12
"13802","DUSA","HY",110,53.9,12
"13803","DUSA","AHY",116,58.3,12
"13804","DUSA","AHY",115,61.4,12
"13805","DUSA","HY",108,49.9,12
"13806","DUSA","AHY",116,57,12
"13807","DUSA","HY",108,52.1,12
"13808","DUSA","AHY",113,57.4,12
"13809","DUSA","AHY",108,53.2,12
"13810","DUSA","AHY",121,62.8,12
"13811","DUSA","HY",NA,52.2,12
"13812","DUSA","AHY",111,56.7,12
"13813","JABO","HY",111,39.3,12
"13814","DUSA","HY",112,50.7,12
"13815","DUSA","AHY",118,54.2,12
"13816","DUSA","HY",109,52.8,12
"13817","DUSA","AHY",119,58.2,12
"13818","JABO","AHY",105,45,12
"13819","JABO","AHY",106,43.9,12
"13820","DUSA","AHY",117,55.3,12
"13821","DUSA","HY",112,50.6,12
"13822","JABO","AHY",113,48.1,12
"13823","DUSA","HY",107,52.4,12
"13824","DUSA","AHY",109,50.6,12
"13825","DUSA","AHY",114,56,12
"13826","DUSA","HY",108,57,12
"13827","DUSA","AHY",117,54.9,12
"13828","DUSA","AHY",110,61.5,12
"13829","DUSA","AHY",117,56,12
"13830","DUSA","AHY",117,53,12
"13831","DUSA","AHY",118,58.3,12
"13832","DUSA","HY",110,53.1,12
"13833","DUSA","AHY",110,54.1,12
"13834","DUSA","AHY",114,58.3,12
"13835","JABO","HY",113,52.7,12
"13836","JABO","AHY",114,49,12
"13837","SIFL","HY",73,11.9,12
"13838","TAPI","AHY",66,12.6,12
"13839","TAPI","AHY",74,12.2,12
"13840","TAPI","HY",73,12.8,12
"13841","SIFL","HY",72,12.1,12
"13842","SIFL","HY",71,12.1,12
"13843","SIFL","AHY",71,11.2,12
"13844","TAPI","AHY",75,13.5,12
"13845","TAPI","HY",70,13.8,12
"13846","SIFL","HY",71,11.1,12
"13847","SIFL","HY",72,11.9,12
"13848","SIFL","HY",71,11.8,12
"13849","SIFL","HY",74,11.3,12
"13850","TAPI","HY",73,11.8,12
"13851","SIFL","AHY",71,11.2,12
"13852","SIFL","HY",74,13.8,12
"13853","SIFL","HY",76,12.6,12
"13854","SIFL","AHY",73,13.8,12
"13855","TAPI","HY",68,13.2,12
"13856","TAPI","AHY",69,10.3,12
"13857","SIFL","AHY",73,12.4,12
"13858","SIFL","AHY",71,10.7,12
"13859","SIFL","HY",72,12.3,12
"13860","SIFL","HY",74,12.6,12
"13861","TAPI","HY",74,12.4,12
"13862","TAPI","HY",69,12,12
"13863","SIFL","HY",70,11.3,12
"13864","TAPI","AHY",72,13.6,12
"13865","TAPI","AHY",71,12.7,12
"13866","TAPI","HY",72,12,12
"13867","TAPI","HY",73,11.6,12
"13868","TAPI","AHY",72,12.6,12
"13869","TAPI","HY",72,11.8,12
"13870","TAPI","HY",71,14.9,12
"13871","TAPI","HY",71,11.4,12
"13872","TAPI","HY",73,12.6,12
"13873","SIFL","AHY",70,11.7,12
"13874","TAPI","AHY",76,13.5,12
"13875","TAPI","AHY",68,11.6,12
"13876","TAPI","HY",72,12.1,12
"13877","TAPI","AHY",72,11.7,12
"13878","TAPI","AHY",69,12.9,12
"13879","TAPI","HY",72,14.4,12
"13880","TAPI","HY",70,11.2,12
"13881","TAPI","AHY",72,14.9,12
"13882","SIFL","AHY",73,12.5,12
"13883","TAPI","AHY",69,12.5,12
"13884","SIFL","HY",70,11.2,12
"13885","TAPI","HY",73,12.3,12
"13886","TAPI","HY",72,11.3,12
"13887","TAPI","HY",73,13.2,12
"13888","TAPI","HY",71,11.5,12
"13889","TAPI","HY",71,12.3,12
"13890","TAPI","HY",71,13.6,12
"13891","TAPI","HY",68,12.8,12
"13892","TAPI","HY",70,12.8,12
"13893","TAPI","HY",70,13.1,12
"13894","TAPI","HY",73,12.1,12
"13895","TAPI","AHY",73,14.2,12
"13896","TAPI","AHY",74,13.5,12
"13897","TAPI","AHY",72,12.1,12
"13898","TAPI","HY",70,13.5,12
"13899","TAPI","HY",72,12.6,12
"13900","TAPI","HY",72,12,12
"13901","TAPI","HY",70,12.3,12
"13902","TAPI","HY",73,12.8,12
"13903","TAPI","HY",70,11.3,12
"13904","TAPI","HY",73,11.2,12
"13905","TAPI","HY",72,12.2,12
"13906","TAPI","HY",69,12.2,12
"13907","TAPI","AHY",75,13.1,12
"13908","TAPI","AHY",74,13.6,12
"13909","TAPI","HY",73,12.3,12
"13910","TAPI","HY",74,12.5,12
"13911","TAPI","HY",71,12.2,12
"13912","DUSA","HY",106,50.8,12
"13913","DUSA","HY",106,58.7,12
"13914","DUSA","HY",111,50.6,12
"13915","DUSA","AHY",113,54.1,12
"13916","DUSA","AHY",120,58.1,12
"13917","DUSA","HY",109,53.2,12
"13918","DUSA","AHY",113,61,12
"13919","DUSA","AHY",108,52.8,12
"13920","DUSA","HY",113,53.8,12
"13921","DUSA","AHY",110,59.7,12
"13922","JABO","HY",116,55.3,12
"13923","DUSA","HY",108,53.9,12
"13924","DUSA","AHY",117,53.2,12
"13925","DUSA","HY",110,50.8,12
"13926","DUSA","HY",115,55.6,12
"13927","DUSA","HY",111,56.7,12
"13928","JABO","AHY",113,48.4,12
"13929","DUSA","HY",103,45.2,12
"13930","DUSA","HY",112,50.3,12
"13931","DUSA","AHY",109,54.4,12
"13932","DUSA","HY",115,62.4,12
"13933","DUSA","HY",109,50.4,12
"13934","DUSA","AHY",119,57.6,12
"13935","DUSA","AHY",114,57.1,12
"13936","DUSA","AHY",114,52.4,12
"13937","DUSA","AHY",115,57.5,12
"13938","DUSA","AHY",118,60.4,12
"13939","DUSA","AHY",115,56.7,12
"13940","DUSA","AHY",115,58.3,12
"13941","DUSA","AHY",119,57,12
"13942","DUSA","AHY",110,55.2,12
"13943","DUSA","AHY",110,57.1,12
"13944","DUSA","HY",113,54.1,12
"13945","DUSA","AHY",115,57.8,12
"13946","DUSA","AHY",118,60.8,12
"13947","DUSA","HY",111,58.4,12
"13948","DUSA","HY",113,57.6,12
"13949","DUSA","AHY",112,57.6,12
"13950","DUSA","AHY",118,62.9,12
"13951","DUSA","AHY",112,58.4,12
"13952","DUSA","AHY",118,57.3,12
"13953","DUSA","AHY",112,56.7,12
"13954","DUSA","AHY",113,52.8,12
"13955","DUSA","AHY",119,60,12
"13956","DUSA","AHY",116,56,12
"13957","DUSA","AHY",118,56.2,12
"13958","DUSA","AHY",114,56.2,12
"13959","DUSA","AHY",115,63.5,12
"13960","DUSA","AHY",118,57.6,12
"13961","DUSA","AHY",108,57.7,12
"13962","DUSA","AHY",116,61.6,12
"13963","DUSA","AHY",119,65.1,12
"13964","JABO","AHY",113,46.7,12
"13965","JABO","AHY",110,47.4,12
"13966","JABO","AHY",113,48.7,12
"13967","JABO","AHY",113,47.8,12
"13968","DUSA","AHY",110,59.3,12
"13969","DUSA","HY",112,48.8,12
"13970","DUSA","AHY",119,62.3,12
"13971","DUSA","AHY",116,58.3,12
"13972","DUSA","HY",107,49.2,12
"13973","DUSA","AHY",112,56.7,12
"13974","DUSA","AHY",115,55.8,12
"13975","DUSA","AHY",116,56.4,12
"13976","DUSA","AHY",111,57.5,12
"13977","TAPI","AHY",68,14.3,12
"13978","TAPI","HY",69,11.4,12
"13979","TAPI","HY",71,12.2,12
"13980","TAPI","HY",69,13.4,12
"13981","TAPI","HY",72,12.2,12
"13982","TAPI","AHY",74,13.1,12
"13983","TAPI","HY",71,14.3,12
"13984","TAPI","HY",70,12.4,12
"13985","SIFL","AHY",73,11.9,12
"13986","TAPI","HY",69,12.6,12
"13987","TAPI","HY",71,12.1,12
"13988","TAPI","AHY",71,12.5,12
"13989","SIFL","AHY",74,13.1,12
"13990","SIFL","HY",71,11.1,12
"13991","TAPI","HY",67,11.5,12
"13992","TAPI","HY",74,13.9,12
"13993","TAPI","HY",72,13.1,12
"13994","SIFL","AHY",73,12.6,12
"13995","TAPI","HY",71,13.4,12
"13996","TAPI","HY",69,10.5,12
"13997","TAPI","HY",70,12.6,12
"13998","SIFL","HY",73,9.8,12
"13999","TAPI","HY",69,13.4,12
"14000","TAPI","HY",73,14.3,12
"14001","SIFL","AHY",69,11.6,12
"14002","TAPI","AHY",73,12.5,12
"14003","TAPI","AHY",74,12.2,12
"14004","TAPI","AHY",74,11.9,12
"14005","TAPI","HY",76,12.9,12
"14006","TAPI","HY",69,11.9,12
"14007","TAPI","AHY",70,11.4,12
"14008","TAPI","HY",74,12.4,12
"14009","TAPI","AHY",72,11.9,12
"14010","TAPI","HY",72,12.8,12
"14011","TAPI","AHY",76,14.6,12
"14012","TAPI","AHY",70,12.4,12
"14013","TAPI","HY",74,13.4,12
"14014","TAPI","HY",74,13.9,12
"14015","TAPI","HY",72,12.6,12
"14016","TAPI","AHY",73,14.2,12
"14017","SIFL","HY",75,12.3,12
"14018","SIFL","AHY",69,14,12
"14019","DUSA","HY",116,54.6,12
"14020","DUSA","HY",110,57,12
"14021","DUSA","AHY",115,54.2,12
"14022","DUSA","AHY",112,60,12
"14023","DUSA","AHY",115,55.5,12
"14024","JABO","AHY",105,46.4,12
"14025","DUSA","AHY",110,59.3,12
"14026","DUSA","AHY",113,56,12
"14027","DUSA","AHY",115,55.1,12
"14028","DUSA","HY",108,58.2,12
"14029","DUSA","AHY",118,64.2,12
"14030","DUSA","AHY",116,64.2,12
"14031","JABO","AHY",119,44.8,12
"14032","JABO","AHY",115,53.4,12
"14033","JABO","AHY",106,49.4,12
"14034","JABO","HY",115,54.1,12
"14035","JABO","AHY",111,48.1,12
"14036","JABO","AHY",112,44.6,12
"14037","DUSA","AHY",117,58.8,12
"14038","DUSA","AHY",117,57,12
"14039","DUSA","AHY",116,53.4,12
"14040","DUSA","AHY",114,56,12
"14041","JABO","AHY",108,43.4,12
"14042","JABO","AHY",112,48,12
"14043","JABO","AHY",107,47.3,12
"14044","DUSA","HY",109,47,12
"14045","JABO","HY",111,50.5,12
"14046","JABO","HY",114,59.3,12
"14047","DUSA","AHY",113,56.7,12
"14048","DUSA","AHY",117,62.3,12
"14049","DUSA","AHY",120,57.4,12
"14050","DUSA","AHY",125,59.2,12
"14051","DUSA","AHY",117,60.4,12
"14052","DUSA","HY",115,60.9,12
"14053","DUSA","HY",113,60,12
"14054","DUSA","AHY",110,51.6,12
"14055","DUSA","AHY",115,61.5,12
"14056","DUSA","AHY",118,58.5,12
"14057","DUSA","AHY",114,56.4,12
"14058","DUSA","HY",113,61.4,12
"14059","DUSA","AHY",116,56.2,12
"14060","DUSA","AHY",109,54.1,12
"14061","DUSA","AHY",118,61.5,12
"14062","DUSA","AHY",120,59.1,12
"14063","DUSA","AHY",116,50.6,12
"14064","DUSA","AHY",118,58.1,12
"14065","DUSA","AHY",115,57,12
"14066","DUSA","AHY",117,59.9,12
"14067","DUSA","HY",116,55.9,12
"14068","DUSA","AHY",112,59.7,12
"14069","DUSA","HY",115,53.1,12
"14070","DUSA","AHY",116,53.5,12
"14071","JABO","AHY",104,45.6,12
"14072","DUSA","AHY",119,55.7,12
"14073","JABO","AHY",113,47.3,12
"14074","DUSA","AHY",114,61.6,12
"14075","JABO","AHY",104,53.5,12
"14076","JABO","AHY",107,40.8,12
"14077","JABO","AHY",110,50.3,12
"14078","JABO","AHY",104,53.2,12
"14079","JABO","AHY",105,45.5,12
"14080","DUSA","AHY",114,57.7,12
"14081","JABO","AHY",104,50.6,12
"14082","JABO","AHY",100,48.3,12
"14083","JABO","HY",114,48.4,12
"14084","DUSA","HY",109,40.6,12
"14085","DUSA","HY",108,52.5,12
"14086","TAPI","AHY",72,12.2,12
"14087","TAPI","HY",67,11.4,12
"14088","TAPI","HY",74,12.5,12
"14089","TAPI","HY",71,12.6,12
"14090","TAPI","HY",70,11.9,12
"14091","TAPI","HY",72,11.8,12
"14092","TAPI","AHY",72,12,12
"14093","TAPI","AHY",76,12.8,12
"14094","TAPI","HY",71,12.2,12
"14095","TAPI","AHY",70,14.1,12
"14096","TAPI","AHY",73,12,12
"14097","SIFL","AHY",78,15.9,12
"14098","TAPI","HY",73,13,12
"14099","TAPI","AHY",73,13,12
"14100","TAPI","AHY",71,11.9,12
"14101","TAPI","AHY",71,11.8,12
"14102","TAPI","AHY",72,12.6,12
"14103","TAPI","AHY",74,12.2,12
"14104","TAPI","AHY",76,12.7,12
"14105","TAPI","AHY",74,14,12
"14106","TAPI","HY",69,11.4,12
"14107","TAPI","HY",69,11.9,12
"14108","TAPI","HY",70,NA,12
"14109","TAPI","HY",72,11.3,12
"14110","TAPI","HY",73,12.3,12
"14111","TAPI","AHY",73,11.3,12
"14112","TAPI","HY",74,13,12
"14113","TAPI","HY",71,11.3,12
"14114","TAPI","HY",70,11.5,12
"14115","TAPI","HY",72,14.2,12
"14116","DUSA","AHY",116,59.1,12
"14117","DUSA","AHY",115,55.8,12
"14118","DUSA","AHY",108,55.1,12
"14119","DUSA","AHY",117,58.2,12
"14120","DUSA","HY",110,51,12
"14121","DUSA","AHY",112,57.1,12
"14122","DUSA","HY",111,52.6,12
"14123","DUSA","AHY",110,53.3,12
"14124","DUSA","AHY",118,61.4,12
"14125","DUSA","AHY",118,63.3,12
"14126","DUSA","AHY",116,59.7,12
"14127","DUSA","AHY",117,60.9,12
"14128","DUSA","AHY",117,56.6,12
"14129","JABO","AHY",111,44.8,12
"14130","JABO","AHY",112,46.5,12
"14131","JABO","AHY",110,42.4,12
"14132","JABO","AHY",118,51.9,12
"14133","DUSA","HY",112,53.2,12
"14134","DUSA","HY",105,55.5,12
"14135","DUSA","AHY",111,55.2,12
"14136","DUSA","HY",NA,58.4,12
"14137","DUSA","HY",104,54.6,12
"14138","DUSA","HY",105,54.8,12
"14139","DUSA","HY",110,54.3,12
"14140","DUSA","AHY",111,58.5,12
"14141","DUSA","AHY",109,51,12
"14142","DUSA","AHY",108,56.5,12
"14143","DUSA","HY",111,54,12
"14144","TAPI","HY",73,12.8,12
"14145","TAPI","HY",72,14.8,12
"14146","TAPI","HY",74,12.5,12
"14147","TAPI","HY",74,11.7,12
"14148","SIFL","HY",73,13,12
"14149","SIFL","HY",67,11.1,12
"14150","SIFL","AHY",74,13.6,12
"14151","TAPI","HY",73,10.8,12
"14152","SIFL","AHY",70,14.5,12
"14153","SIFL","AHY",71,11.4,12
"14154","TAPI","HY",73,NA,12
"14155","SIFL","AHY",72,13.8,12
"14156","SIFL","HY",73,11.6,12
"14157","TAPI","HY",72,11,12
"14158","TAPI","HY",72,12,12
"14159","TAPI","HY",72,11.7,12
"14160","TAPI","HY",71,12.8,12
"14161","SIFL","AHY",75,14.4,12
"14162","SIFL","AHY",72,13.3,12
"14163","SIFL","AHY",74,11.7,12
"14164","SIFL","HY",69,11.6,12
"14165","SIFL","HY",69,10.5,12
"14166","SIFL","AHY",72,14.1,12
"14167","SIFL","AHY",70,12.8,12
"14168","TAPI","HY",72,11.6,12
"14169","TAPI","HY",71,12.1,12
"14170","SIFL","HY",73,11.9,12
"14171","DUSA","HY",112,53.8,12
"14172","DUSA","HY",110,51,12
"14173","JABO","AHY",113,43.6,12
"14174","JABO","AHY",98,42.7,12
"14175","DUSA","AHY",106,55.1,12
"14176","JABO","AHY",112,42.8,12
"14177","SIFL","HY",75,12.5,12
"14178","SIFL","AHY",77,15.3,12
"14179","SIFL","AHY",71,11.8,12
"14180","TAPI","HY",74,14.5,12
"14181","TAPI","HY",70,NA,12
"14182","SIFL","HY",73.5,11.8,12
"14183","TAPI","HY",70.5,13.1,12
"14184","SIFL","AHY",75,14.7,12
"14185","DUSA","HY",119,61.2,12
"14186","DUSA","AHY",110,59,12
"14187","DUSA","HY",110,65.3,12
"14188","DUSA","HY",118,54.7,12
"14189","DUSA","AHY",116,60.3,12
"14190","DUSA","AHY",118,61,12
"14191","JABO","AHY",115,NA,12
"14192","JABO","AHY",108,45.2,12
"14193","DUSA","HY",114,58.2,12
"14194","JABO","AHY",111,37.7,12
"14195","TAPI","HY",72,11.2,12
"14196","TAPI","AHY",74,13.2,12
"14197","TAPI","AHY",72,13.1,12
"14198","TAPI","HY",70,13.7,12
"14199","TAPI","AHY",74,13.5,12
"14200","TAPI","HY",73,13.5,12
"14201","TAPI","HY",74,12.3,12
"14202","TAPI","HY",74,13.8,12
"14203","TAPI","HY",74,13.7,12
"14204","TAPI","HY",73,13.3,12
"14205","TAPI","HY",73,12,12
"14206","TAPI","HY",71,13,12
"14207","TAPI","AHY",73,12.7,12
"14208","TAPI","AHY",72,12.2,12
"14209","TAPI","HY",73,13.5,12
"14210","TAPI","AHY",71,12.6,12
"14211","DUSA","AHY",111,54.7,12
"14212","DUSA","HY",115,65,12
"14213","JABO","HY",115,46.5,12
"14214","DUSA","AHY",114,58.7,12
"14215","DUSA","AHY",115,62,12
"14216","DUSA","HY",111,59.4,12
"14217","DUSA","HY",112,54,12
"14218","TAPI","HY",71,17.8,12
"14219","TAPI","AHY",70,14.5,12
"14220","TAPI","AHY",70,11.9,12
"14221","TAPI","HY",67,13,12
"14222","TAPI","HY",70,15.6,12
"14223","SIFL","HY",71,14.7,12
"14224","TAPI","HY",71,15.3,12
"14225","TAPI","AHY",72,13,12
"14226","TAPI","HY",71,11.9,12
"14227","TAPI","AHY",75,16.9,12
"14228","TAPI","HY",68,14.3,12
"14229","TAPI","HY",70,14.3,12
"14230","TAPI","HY",70,14.1,12
"14231","TAPI","HY",70,11.1,12
"14232","TAPI","AHY",68,10.9,12
"14233","TAPI","HY",70,11.3,12
"14234","TAPI","HY",71,13,12
"14235","TAPI","HY",69,12.1,12
"14236","TAPI","HY",70,12.3,12
"14237","TAPI","HY",74,14,12
"14238","TAPI","HY",73,12.3,12
"14239","TAPI","HY",70,13.5,12
"14240","TAPI","AHY",74,12,12
"14241","SIFL","HY",70,11.3,12
"14242","TAPI","HY",69,12.2,12
"14243","TAPI","HY",72,13.3,12
"14244","TAPI","AHY",77,12.9,12
"14245","TAPI","HY",69,12.4,12
"14246","TAPI","AHY",72,15.9,12
"14247","TAPI","AHY",73,16.4,12
"14248","TAPI","HY",70,11.5,12
"14249","SIFL","HY",76,12.2,12
"14250","TAPI","HY",75,14.1,12
"14251","TAPI","AHY",72,12.1,12
"14252","TAPI","AHY",69,15.9,12
"14253","TAPI","HY",69,11.6,12
"14254","TAPI","HY",74,11.7,12
"14255","TAPI","HY",70,11.9,12
"14256","TAPI","AHY",73,12.9,12
"14257","TAPI","AHY",74,12.7,12
"14258","TAPI","HY",74,12.9,12
"14259","TAPI","HY",72,11.6,12
"14260","DUSA","AHY",110,51,12
"14261","DUSA","AHY",111,53.3,12
"14262","DUSA","AHY",112,56.1,12
"14263","DUSA","HY",NA,NA,12
"14264","DUSA","AHY",109,56.2,12
"14265","DUSA","HY",108,53.9,12
"14266","DUSA","AHY",117,60.8,12
"14267","SIFL","HY",68,10.5,12
"14268","TAPI","HY",71,13.9,12
"14269","SIFL","HY",70,12.1,12
"14270","SIFL","AHY",76,14.1,12
"14271","SIFL","HY",71,14,12
"14272","SIFL","AHY",74,16.4,12
"14273","SIFL","HY",72,13.7,12
"14274","SIFL","AHY",75,14.2,12
"14275","SIFL","AHY",70,10.6,12
"14276","TAPI","HY",NA,14.1,12
"14277","SIFL","AHY",77,15.3,12
"14278","TAPI","HY",71,13.7,12
"14279","TAPI","HY",71,16.7,12
"14280","TAPI","HY",71,12.7,12
"14281","TAPI","AHY",70,12.5,12
"14282","TAPI","AHY",73,13.1,12
"14283","TAPI","AHY",71,12.9,12
"14284","TAPI","AHY",70,11.2,12
"14285","TAPI","AHY",72,13.3,12
"14286","TAPI","AHY",72,11.2,12
"14287","TAPI","AHY",71,12.5,12
"14288","TAPI","AHY",71,15.1,12
"14289","TAPI","AHY",71,12.4,12
"14290","TAPI","HY",73,13.3,12
"14291","TAPI","HY",73,13.7,12
"14292","TAPI","AHY",72,12.8,12
"14293","TAPI","AHY",69,14.7,12
"14294","TAPI","HY",72,12.9,12
"14295","TAPI","HY",73,13.7,12
"14296","TAPI","AHY",69,13.3,12
"14297","TAPI","HY",71,13.7,12
"14298","TAPI","HY",69,12.4,12
"14299","TAPI","HY",70,12.2,12
"14300","TAPI","HY",70,13.4,12
"14301","TAPI","AHY",71,13.7,12
"14302","TAPI","AHY",74,15,12
"14303","TAPI","HY",68,12.5,12
"14304","TAPI","AHY",72,13.9,12
"14305","TAPI","AHY",71,12.9,12
"14306","TAPI","HY",67,13.4,12
"14307","TAPI","AHY",71,12.9,12
"14308","TAPI","AHY",70,12.2,12
"14309","TAPI","AHY",71,12.8,12
"14310","TAPI","HY",72,11.7,12
"14311","TAPI","HY",69,12,12
"14312","TAPI","AHY",70,13,12
"14313","DUSA","HY",110,64.5,12
"14314","DUSA","AHY",115,55.3,12
"14315","DUSA","HY",111,56.4,12
"14316","DUSA","HY",105,52.8,12
"14317","DUSA","HY",106,51.3,12
"14318","DUSA","AHY",111,57,12
"14319","DUSA","AHY",112,54.7,12
"14320","DUSA","HY",111,54.7,12
"14321","DUSA","AHY",117,54.7,12
"14322","DUSA","HY",115,47.9,12
"14323","DUSA","AHY",114,60.3,12
"14324","DUSA","AHY",117,63.5,12
"14325","DUSA","AHY",115,59.2,12
"14326","DUSA","AHY",117,54.5,12
"14327","DUSA","HY",109,51.5,12
"14328","DUSA","AHY",115,58.5,12
"14329","DUSA","AHY",112,60.2,12
"14330","DUSA","AHY",114,56.1,12
"14331","DUSA","AHY",114,57.2,12
"14332","DUSA","HY",106,53,12
"14333","DUSA","HY",105,54.9,12
"14334","JABO","AHY",111,55,12
"14335","JABO","HY",113,50.6,12
"14336","DUSA","AHY",115,57.4,12
"14337","DUSA","AHY",117,59.6,12
"14338","DUSA","AHY",105,49.8,12
"14339","JABO","AHY",110,47.4,12
"14340","JABO","HY",111,48.7,12
"14341","JABO","AHY",109,49.8,12
"14342","DUSA","HY",112,57.1,12
"14343","DUSA","AHY",106,NA,12
"14344","DUSA","AHY",115,59.5,12
"14345","DUSA","HY",102,53.5,12
"14346","DUSA","HY",107,50.9,12
"14347","DUSA","HY",108,52.6,12
"14348","JABO","AHY",108,40.5,12
"14349","DUSA","HY",111,52,12
"14350","JABO","HY",112,46.4,12
"14351","JABO","HY",108,46.9,12
"14352","JABO","AHY",108,55.1,12
"14353","DUSA","HY",111,52.4,12
"14354","JABO","AHY",111,48.2,12
"14355","DUSA","AHY",111,60.5,12
"14356","DUSA","HY",106,52.4,12
"14357","DUSA","AHY",109,58.2,12
"14358","DUSA","AHY",108,58.3,12
"14359","DUSA","AHY",115,69.1,12
"14360","DUSA","AHY",106,60.2,12
"14361","DUSA","AHY",114,57.6,12
"14362","DUSA","AHY",104,58.2,12
"14363","DUSA","AHY",115,58,12
"14364","DUSA","AHY",114,59.6,12
"14365","DUSA","AHY",109,53,12
"14366","DUSA","HY",111,60.9,12
"14367","DUSA","HY",110,58.8,12
"14368","DUSA","HY",105,54.7,12
"14369","DUSA","HY",113,53,12
"14370","TAPI","HY",70,NA,12
"14371","TAPI","HY",71,12.5,12
"14372","TAPI","HY",72,12.1,12
"14373","TAPI","AHY",72,13.1,12
"14374","TAPI","AHY",69,12.2,12
"14375","TAPI","HY",70,11.4,12
"14376","TAPI","HY",72,10.9,12
"14377","TAPI","AHY",72,12.6,12
"14378","TAPI","AHY",72,12.2,12
"14379","TAPI","AHY",73,14,12
"14380","SIFL","AHY",70,10.6,12
"14381","TAPI","AHY",67,10.7,12
"14382","TAPI","HY",69,13.5,12
"14383","TAPI","HY",68,13.5,12
"14384","TAPI","HY",69,10.8,12
"14385","TAPI","AHY",69,12.5,12
"14386","TAPI","HY",70,13.1,12
"14387","TAPI","HY",71,11.3,12
"14388","TAPI","AHY",73,13.7,12
"14389","TAPI","AHY",71,11.5,12
"14390","TAPI","AHY",72,13.9,12
"14391","TAPI","HY",70,12.8,12
"14392","TAPI","AHY",70,13.6,12
"14393","TAPI","AHY",69,12.3,12
"14394","TAPI","HY",73,12.2,12
"14395","TAPI","AHY",70,11.1,12
"14396","TAPI","HY",69,11.2,12
"14397","TAPI","HY",69,11,12
"14398","DUSA","HY",110,56.5,12
"14399","DUSA","AHY",116,52.4,12
"14400","DUSA","HY",109,53.1,12
"14401","DUSA","AHY",115,61.1,12
"14402","DUSA","AHY",114,62.4,12
"14403","DUSA","HY",112,68.7,12
"14404","DUSA","HY",112,49.9,12
"14405","DUSA","AHY",107,54.6,12
"14406","TAPI","HY",69,11.6,12
"14407","TAPI","AHY",72,12.8,12
"14408","TAPI","AHY",74,13.3,12
"14409","TAPI","HY",69,12.9,12
"14410","TAPI","HY",69,12.9,12
"14411","TAPI","HY",70,14.8,12
"14412","TAPI","HY",72,10.7,12
"14413","TAPI","HY",71,13.2,12
"14414","DUSA","HY",117,58.3,12
"14415","DUSA","AHY",112,57.5,12
"14416","DUSA","HY",113,54.6,12
"14417","SIFL","AHY",74,13.5,12
"14418","SIFL","AHY",72,14.1,12
"14419","SIFL","AHY",75,13.1,12
"14420","SIFL","HY",73,13.8,12
"14421","TAPI","AHY",70,11,12
"14422","TAPI","AHY",73,14.1,12
"14423","TAPI","AHY",72,14.8,12
"14424","TAPI","AHY",72,11.8,12
"14425","TAPI","AHY",72,13.7,12
"14426","SIFL","AHY",74,14.1,12
"14427","TAPI","AHY",73,12.4,12
"14428","SIFL","AHY",72,11.7,12
"14429","TAPI","AHY",72,12,12
"14430","TAPI","HY",71,12.9,12
"14431","TAPI","HY",73,13.8,12
"14432","TAPI","HY",74,11.4,12
"14433","TAPI","AHY",71,11.9,12
"14434","TAPI","AHY",74,12.5,12
"14435","TAPI","HY",72,13.9,12
"14436","TAPI","AHY",71,11,12
"14437","TAPI","AHY",76,11.6,12
"14438","TAPI","AHY",70,14.8,12
"14439","TAPI","HY",72,12.9,12
"14440","TAPI","HY",74,11.9,12
"14441","TAPI","HY",70,12,12
"14442","TAPI","HY",73,11.9,12
"14443","TAPI","HY",74,12.6,12
"14444","TAPI","HY",71,12.3,12
"14445","DUSA","AHY",110,48.9,12
"14446","DUSA","HY",107,58.3,12
"14447","DUSA","AHY",110,53.3,12
"14448","DUSA","AHY",120,55.2,12
"14449","DUSA","HY",114,65.7,12
"14450","DUSA","AHY",110,51.4,12
"14451","DUSA","HY",112,56.9,12
"14452","DUSA","AHY",116,53.8,12
"14453","DUSA","HY",112,54.6,12
"14454","DUSA","AHY",113,56.7,12
"14455","DUSA","AHY",117,60.9,12
"14456","DUSA","AHY",116,56.9,12
"14457","DUSA","AHY",115,55.1,12
"14458","DUSA","AHY",111,59.4,12
"14459","DUSA","AHY",115,57.1,12
"14460","DUSA","AHY",110,52.9,12
"14461","DUSA","HY",111,54.7,12
"14462","DUSA","HY",114,59.1,12
"14463","DUSA","HY",111,56.5,12
"14464","DUSA","AHY",114,53.6,12
"14465","DUSA","AHY",113,53.2,12
"14466","DUSA","AHY",116,57.2,12
"14467","DUSA","AHY",113,67.9,12
"14468","DUSA","AHY",117,52.4,12
"14469","DUSA","AHY",111,64.4,12
"14470","DUSA","AHY",115,56.2,12
"14471","DUSA","AHY",110,55.7,12
"14472","DUSA","AHY",115,57,12
"14473","DUSA","HY",110,54.3,12
"14474","DUSA","AHY",113,53.3,12
"14475","DUSA","HY",112,53.4,12
"14476","DUSA","AHY",106,60.7,12
"14477","JABO","AHY",109,46.3,12
"14478","JABO","AHY",112,56.3,12
"14479","JABO","AHY",113,51.7,12
"14480","TAPI","HY",70,12.8,13
"14481","TAPI","HY",72,13,13
"14482","TAPI","AHY",73,12.9,13
"14483","TAPI","HY",NA,NA,13
"14484","TAPI","HY",NA,13.2,13
"14485","TAPI","HY",75,13.5,13
"14486","TAPI","AHY",70,13.2,13
"14487","TAPI","HY",NA,NA,13
"14488","TAPI","HY",74,14.3,13
"14489","TAPI","HY",72,13.9,13
"14490","TAPI","HY",70,13.1,13
"14491","TAPI","AHY",70,12.8,13
"14492","TAPI","HY",74,13.1,13
"14493","TAPI","HY",69,13.4,13
"14494","TAPI","HY",74,13.4,13
"14495","TAPI","HY",71,13,13
"14496","TAPI","HY",72,13.1,13
"14497","TAPI","HY",72,13.7,13
"14498","TAPI","AHY",72,13.2,13
"14499","TAPI","HY",72,13,13
"14500","TAPI","HY",70,14,13
"14501","TAPI","HY",70,12.3,13
"14502","TAPI","AHY",71,12.6,13
"14503","TAPI","HY",69,12.1,13
"14504","TAPI","HY",73,13.6,13
"14505","TAPI","HY",72,12.3,13
"14506","TAPI","HY",70,13.8,13
"14507","TAPI","AHY",72,12.4,13
"14508","TAPI","HY",71,12.3,13
"14509","TAPI","HY",68,12.3,13
"14510","TAPI","HY",70,12.3,13
"14511","TAPI","HY",69,12.5,13
"14512","TAPI","HY",71,12,13
"14513","TAPI","HY",73,14.1,13
"14514","TAPI","AHY",69,12,13
"14515","TAPI","AHY",72,12.1,13
"14516","TAPI","HY",72,13.5,13
"14517","TAPI","HY",72,13.1,13
"14518","TAPI","AHY",74,12,13
"14519","TAPI","HY",70,13.7,13
"14520","TAPI","HY",71,12.5,13
"14521","TAPI","HY",71,13,13
"14522","TAPI","AHY",71,13.7,13
"14523","TAPI","AHY",74,13.5,13
"14524","TAPI","AHY",71,12.7,13
"14525","TAPI","AHY",73,14,13
"14526","TAPI","AHY",73,12.8,13
"14527","TAPI","HY",68,12.3,13
"14528","TAPI","AHY",74,13,13
"14529","TAPI","HY",71,13.3,13
"14530","TAPI","AHY",72,12.7,13
"14531","TAPI","HY",70,13.4,13
"14532","TAPI","AHY",71,13.1,13
"14533","TAPI","HY",71,14.5,13
"14534","TAPI","AHY",70,12.8,13
"14535","TAPI","HY",72,12.7,13
"14536","TAPI","AHY",68,13.2,13
"14537","TAPI","AHY",70,13,13
"14538","TAPI","AHY",71,12.9,13
"14539","TAPI","HY",71,13.2,13
"14540","TAPI","HY",72,11.8,13
"14541","TAPI","AHY",70,12,13
"14542","TAPI","HY",72,12.1,13
"14543","TAPI","AHY",74,12.5,13
"14544","TAPI","AHY",69,13,13
"14545","TAPI","HY",68,12.2,13
"14546","TAPI","HY",70,13.9,13
"14547","TAPI","HY",71,12.3,13
"14548","TAPI","AHY",69,12.5,13
"14549","TAPI","HY",69,12.2,13
"14550","TAPI","HY",71,13.7,13
"14551","TAPI","HY",69,12.5,13
"14552","TAPI","HY",72,13.8,13
"14553","TAPI","HY",75,12.8,13
"14554","TAPI","HY",70,11.9,13
"14555","TAPI","HY",70,12.8,13
"14556","TAPI","HY",NA,12.2,13
"14557","TAPI","HY",NA,14.2,13
"14558","TAPI","HY",NA,13.1,13
"14559","TAPI","HY",NA,13.8,13
"14560","TAPI","HY",NA,12.6,13
"14561","TAPI","HY",NA,13.2,13
"14562","TAPI","HY",NA,12.6,13
"14563","TAPI","HY",NA,14.9,13
"14564","TAPI","HY",NA,12.6,13
"14565","TAPI","AHY",NA,13.1,13
"14566","TAPI","HY",NA,13.8,13
"14567","TAPI","HY",NA,11.5,13
"14568","TAPI","HY",NA,13,13
"14569","TAPI","HY",NA,13.4,13
"14570","TAPI","HY",NA,12.8,13
"14571","TAPI","HY",NA,13.5,13
"14572","TAPI","HY",NA,12.4,13
"14573","TAPI","HY",NA,12.6,13
"14574","TAPI","HY",NA,12.6,13
"14575","TAPI","HY",NA,11.7,13
"14576","TAPI","HY",NA,12,13
"14577","TAPI","AHY",NA,12.1,13
"14578","TAPI","HY",72,13.1,13
"14579","TAPI","HY",72,13.6,13
"14580","TAPI","HY",72,11.9,13
"14581","TAPI","HY",71.5,11.7,13
"14582","TAPI","HY",68,12.3,13
"14583","TAPI","HY",71,12.1,13
"14584","TAPI","HY",67,12.2,13
"14585","TAPI","HY",69.5,11.6,13
"14586","TAPI","HY",73,12.8,13
"14587","TAPI","AHY",72,12.9,13
"14588","TAPI","HY",70,12.5,13
"14589","TAPI","HY",70,13,13
"14590","TAPI","HY",70,12.5,13
"14591","TAPI","HY",71,13.5,13
"14592","TAPI","HY",74,12.5,13
"14593","TAPI","HY",72,12.2,13
"14594","TAPI","HY",72,13.2,13
"14595","TAPI","AHY",69,11.9,13
"14596","TAPI","HY",75,13.4,13
"14597","TAPI","HY",71,12.7,13
"14598","TAPI","HY",71,13,13
"14599","TAPI","HY",69,12,13
"14600","TAPI","HY",71,12.4,13
"14601","TAPI","AHY",72,12.8,13
"14602","TAPI","HY",68,11.1,13
"14603","TAPI","AHY",72,12.6,13
"14604","TAPI","HY",69,13,13
"14605","TAPI","HY",71,11.4,13
"14606","TAPI","AHY",72,12.8,13
"14607","TAPI","HY",72,12.6,13
"14608","TAPI","AHY",69,13.5,13
"14609","TAPI","AHY",67,12.9,13
"14610","TAPI","HY",69,12.6,13
"14611","TAPI","HY",72,12.2,13
"14612","TAPI","HY",70,12.3,13
"14613","TAPI","HY",73,12.6,13
"14614","TAPI","HY",72,12.9,13
"14615","TAPI","HY",71,12.1,13
"14616","TAPI","AHY",72,13.1,13
"14617","TAPI","HY",73,12.5,13
"14618","TAPI","AHY",72,12.8,13
"14619","TAPI","HY",71,12.2,13
"14620","TAPI","HY",73,12,13
"14621","TAPI","HY",72,12.4,13
"14622","TAPI","HY",72,14.2,13
"14623","TAPI","HY",70,12.6,13
"14624","TAPI","HY",73,12.8,13
"14625","TAPI","HY",71,11.7,13
"14626","TAPI","AHY",70,13.2,13
"14627","TAPI","AHY",78,14.5,13
"14628","TAPI","AHY",72,13.3,13
"14629","TAPI","HY",71,11.2,13
"14630","TAPI","HY",71,13.1,13
"14631","TAPI","AHY",73,13.5,13
"14632","TAPI","HY",71,12.7,13
"14633","TAPI","HY",73,12.2,13
"14634","TAPI","HY",72,12.6,13
"14635","TAPI","HY",74,13.8,13
"14636","TAPI","HY",71,14.8,13
"14637","TAPI","HY",71,13.2,13
"14638","TAPI","HY",70,13.4,13
"14639","TAPI","HY",72,13.3,13
"14640","TAPI","HY",72,14.6,13
"14641","TAPI","AHY",76,13.4,13
"14642","TAPI","HY",69,12.7,13
"14643","TAPI","AHY",70,12.5,13
"14644","TAPI","AHY",71,13.9,13
"14645","TAPI","HY",67,13.2,13
"14646","TAPI","HY",71,12,13
"14647","TAPI","HY",73,12.4,13
"14648","TAPI","HY",74,14.2,13
"14649","TAPI","HY",73,12.5,13
"14650","TAPI","HY",70,13.4,13
"14651","TAPI","HY",72,13.1,13
"14652","TAPI","HY",73,13.7,13
"14653","TAPI","AHY",69,12.3,13
"14654","TAPI","HY",70,12.1,13
"14655","TAPI","AHY",73,13.5,13
"14656","TAPI","HY",74,12.7,13
"14657","TAPI","HY",73,13,13
"14658","TAPI","HY",72,12.6,13
"14659","TAPI","HY",69,13,13
"14660","TAPI","HY",69,12.1,13
"14661","TAPI","HY",68,12.5,13
"14662","TAPI","AHY",74,13,13
"14663","TAPI","HY",74,13.3,13
"14664","TAPI","HY",74,13.9,13
"14665","TAPI","HY",72,12.9,13
"14666","TAPI","AHY",75,13.4,13
"14667","TAPI","HY",74,13.7,13
"14668","TAPI","HY",71,13.3,13
"14669","TAPI","HY",73,14.2,13
"14670","TAPI","HY",74,11.7,13
"14671","TAPI","HY",72,13.6,13
"14672","TAPI","AHY",75,13,13
"14673","TAPI","AHY",72,12.9,13
"14674","TAPI","HY",70,12.1,13
"14675","TAPI","HY",69,13.6,13
"14676","TAPI","HY",73,13,13
"14677","TAPI","HY",70,13,13
"14678","TAPI","HY",70,13.3,13
"14679","TAPI","HY",71,12.9,13
"14680","TAPI","HY",68,13.5,13
"14681","TAPI","HY",71,12,13
"14682","TAPI","AHY",74,13.1,13
"14683","TAPI","HY",71,13.2,13
"14684","TAPI","HY",72,12.9,13
"14685","TAPI","HY",72,11.8,13
"14686","TAPI","AHY",71,14.5,13
"14687","TAPI","HY",68,12.5,13
"14688","TAPI","HY",73,12.5,13
"14689","TAPI","HY",73,12.6,13
"14690","TAPI","HY",73,14,13
"14691","TAPI","HY",72,12.9,13
"14692","TAPI","HY",71,12.8,13
"14693","TAPI","HY",71,12.5,13
"14694","TAPI","HY",73,12.9,13
"14695","TAPI","HY",74,13.3,13
"14696","TAPI","HY",73,12.7,13
"14697","TAPI","HY",72,13.7,13
"14698","TAPI","HY",71,12.4,13
"14699","TAPI","HY",68,12.9,13
"14700","TAPI","HY",73,13.8,13
"14701","TAPI","HY",72,12.7,13
"14702","TAPI","HY",68,13,13
"14703","TAPI","HY",76,13.2,13
"14704","TAPI","HY",72,14,13
"14705","TAPI","HY",73,13.8,13
"14706","TAPI","AHY",70,12.6,13
"14707","TAPI","HY",71,13.5,13
"14708","TAPI","HY",71,12.5,13
"14709","TAPI","HY",72,12.1,13
"14710","TAPI","AHY",73,13.7,13
"14711","TAPI","AHY",70,13.4,13
"14712","TAPI","HY",69,14.2,13
"14713","TAPI","AHY",68,11.6,13
"14714","TAPI","HY",69,12.3,13
"14715","TAPI","HY",72,13.1,13
"14716","TAPI","HY",70,13,13
"14717","TAPI","HY",67,12.6,13
"14718","TAPI","HY",72,13,13
"14719","TAPI","HY",71,13.3,13
"14720","TAPI","HY",71,12.8,13
"14721","TAPI","HY",72.5,13.7,13
"14722","TAPI","HY",71,12.8,13
"14723","TAPI","HY",68,12,13
"14724","TAPI","HY",71,13.8,13
"14725","TAPI","HY",74,13.1,13
"14726","TAPI","HY",70,14.3,13
"14727","TAPI","HY",71,11.9,13
"14728","TAPI","HY",71,12.9,13
"14729","TAPI","HY",70,12.5,13
"14730","TAPI","HY",72,13.6,13
"14731","TAPI","HY",70,12.6,13
"14732","TAPI","HY",72,12.5,13
"14733","TAPI","HY",71,12.8,13
"14734","TAPI","HY",73,12.8,13
"14735","TAPI","HY",70,13.3,13
"14736","TAPI","AHY",73,13.9,13
"14737","TAPI","HY",68,13.1,13
"14738","TAPI","HY",68,11.9,13
"14739","TAPI","HY",71,12.5,13
"14740","TAPI","HY",67,12.7,13
"14741","TAPI","HY",70,13.7,13
"14742","TAPI","AHY",67,11.8,13
"14743","TAPI","HY",72,13.2,13
"14744","TAPI","HY",71,12.5,13
"14745","TAPI","HY",73,12.2,13
"14746","TAPI","HY",73,11.8,13
"14747","TAPI","HY",72,13.1,13
"14748","TAPI","HY",72,12.7,13
"14749","TAPI","HY",70,12.5,13
"14750","TAPI","HY",75,12.8,13
"14751","TAPI","HY",75,13.9,13
"14752","TAPI","HY",72,12.2,13
"14753","TAPI","HY",74,12.2,13
"14754","TAPI","HY",74,12.5,13
"14755","TAPI","HY",72,12.9,13
"14756","TAPI","HY",70,12.9,13
"14757","TAPI","HY",72,13.5,13
"14758","TAPI","AHY",70,12.2,13
"14759","TAPI","AHY",72,13.4,13
"14760","TAPI","HY",73,12.7,13
"14761","TAPI","HY",74,12.9,13
"14762","TAPI","HY",71,12.5,13
"14763","TAPI","HY",72,13.3,13
"14764","TAPI","HY",71,12.8,13
"14765","TAPI","HY",68,13.3,13
"14766","TAPI","HY",72,13.6,13
"14767","TAPI","HY",71,13.4,13
"14768","TAPI","HY",71,12.9,13
"14769","TAPI","HY",71,13,13
"14770","TAPI","HY",72,13.4,13
"14771","TAPI","HY",73,12.3,13
"14772","TAPI","HY",71,12.8,13
"14773","TAPI","HY",72,12.7,13
"14774","TAPI","HY",72,13.2,13
"14775","TAPI","HY",69,13.3,13
"14776","TAPI","HY",73,12.5,13
"14777","TAPI","AHY",77,12.2,13
"14778","TAPI","HY",72,12.4,13
"14779","TAPI","HY",73,13,13
"14780","TAPI","HY",70,12.1,13
"14781","TAPI","HY",73,13.2,13
"14782","TAPI","HY",69,12.5,13
"14783","TAPI","HY",72,13.3,13
"14784","TAPI","HY",71,14.2,13
"14785","TAPI","HY",71,12.6,13
"14786","TAPI","HY",72,13.6,13
"14787","TAPI","HY",71,12.2,13
"14788","TAPI","HY",69,12.7,13
"14789","TAPI","AHY",72,12.8,13
"14790","TAPI","HY",70,13.2,13
"14791","TAPI","HY",71,12.6,13
"14792","TAPI","HY",71,12.7,13
"14793","TAPI","HY",71,12.7,13
"14794","TAPI","HY",76,14.4,13
"14795","TAPI","HY",73,12.8,13
"14796","TAPI","HY",74,12.6,13
"14797","TAPI","HY",73,11.4,13
"14798","TAPI","HY",71,12.7,13
"14799","TAPI","HY",69,13.2,13
"14800","TAPI","HY",72,12.5,13
"14801","TAPI","HY",74,14.2,13
"14802","TAPI","HY",72,12.5,13
"14803","TAPI","HY",72,13.1,13
"14804","TAPI","AHY",72,13,13
"14805","TAPI","HY",70,12.4,13
"14806","TAPI","HY",72,12.7,13
"14807","TAPI","HY",70,11,13
"14808","TAPI","HY",72,11.9,13
"14809","TAPI","AHY",69,11.5,13
"14810","TAPI","HY",74,12.8,13
"14811","TAPI","HY",68,12.3,13
"14812","TAPI","HY",68,12,13
"14813","TAPI","HY",70,11.8,13
"14814","TAPI","HY",71,12,13
"14815","TAPI","HY",70,13,13
"14816","TAPI","HY",69,11.9,13
"14817","TAPI","HY",70,12.9,13
"14818","TAPI","HY",69,11.9,13
"14819","TAPI","HY",72,11.9,13
"14820","TAPI","HY",72,12.6,13
"14821","TAPI","HY",72,12.8,13
"14822","TAPI","HY",72,11.9,13
"14823","TAPI","HY",74,12.4,13
"14824","TAPI","HY",71,12.8,13
"14825","TAPI","HY",73,13.4,13
"14826","TAPI","HY",69,12.9,13
"14827","TAPI","AHY",71,12.8,13
"14828","TAPI","HY",72,12.3,13
"14829","TAPI","HY",76,13.5,13
"14830","TAPI","HY",73,13.4,13
"14831","TAPI","HY",72,11.7,13
"14832","TAPI","HY",70,12.2,13
"14833","TAPI","HY",71,12.7,13
"14834","TAPI","HY",70,11.5,13
"14835","TAPI","HY",72,12.6,13
"14836","TAPI","HY",74,12.4,13
"14837","TAPI","AHY",74,12.4,13
"14838","TAPI","HY",71,12.9,13
"14839","TAPI","HY",68,12.7,13
"14840","TAPI","AHY",72,13,13
"14841","TAPI","HY",71,13.6,13
"14842","TAPI","HY",69,12.2,13
"14843","TAPI","HY",71,12.7,13
"14844","TAPI","AHY",73,11.8,13
"14845","TAPI","HY",71,12,13
"14846","TAPI","HY",71,12.6,13
"14847","TAPI","HY",69,12,13
"14848","TAPI","HY",70,12.2,13
"14849","TAPI","HY",69,13.1,13
"14850","TAPI","HY",70,12,13
"14851","TAPI","HY",74,13.8,13
"14852","TAPI","HY",74,13.1,13
"14853","TAPI","HY",71,12.8,13
"14854","TAPI","HY",72,12.5,13
"14855","TAPI","HY",68,12.4,13
"14856","TAPI","HY",69,12.8,13
"14857","TAPI","AHY",70,12.9,13
"14858","TAPI","HY",71,13.3,13
"14859","TAPI","HY",72,12.2,13
"14860","TAPI","HY",72,12.6,13
"14861","TAPI","HY",73,13.5,13
"14862","TAPI","HY",70,13,13
"14863","TAPI","HY",73,12.7,13
"14864","TAPI","HY",73,11.4,13
"14865","TAPI","AHY",74,13.8,13
"14866","TAPI","HY",71,13,13
"14867","TAPI","HY",74,12.3,13
"14868","TAPI","HY",68,11.7,13
"14869","TAPI","AHY",73,12.1,13
"14870","TAPI","HY",69,12.5,13
"14871","TAPI","HY",72,12.9,13
"14872","TAPI","HY",72,13.6,13
"14873","TAPI","HY",72,13.1,13
"14874","TAPI","HY",72,14.6,13
"14875","TAPI","AHY",75,13.4,13
"14876","TAPI","AHY",70,12.5,13
"14877","TAPI","HY",70,12,13
"14878","TAPI","HY",71,12.4,13
"14879","TAPI","HY",72,13.5,13
"14880","TAPI","HY",74,12.6,13
"14881","TAPI","HY",73,12.8,13
"14882","TAPI","HY",72,13.1,13
"14883","TAPI","HY",67,12.5,13
"14884","TAPI","AHY",71,12.6,13
"14885","TAPI","AHY",72,12.6,13
"14886","TAPI","HY",73,14,13
"14887","TAPI","HY",70,13.5,13
"14888","TAPI","HY",69,12.9,13
"14889","TAPI","AHY",69,12.9,13
"14890","TAPI","HY",72,13.7,13
"14891","TAPI","AHY",71,13.9,13
"14892","TAPI","AHY",72,13.5,13
"14893","TAPI","HY",73,13.7,13
"14894","TAPI","HY",69,12.9,13
"14895","TAPI","HY",68,12.8,13
"14896","TAPI","HY",67,13.5,13
"14897","TAPI","HY",70,13.5,13
"14898","TAPI","HY",69,13.5,13
"14899","TAPI","HY",72,12.4,13
"14900","TAPI","HY",74,13.6,13
"14901","TAPI","HY",72,13.7,13
"14902","TAPI","AHY",70,11.7,13
"14903","TAPI","HY",73,11.7,13
"14904","TAPI","HY",74,13.3,13
"14905","TAPI","HY",73,12.4,13
"14906","TAPI","HY",69,12.6,13
"14907","TAPI","AHY",76.5,13.8,13
"14908","TAPI","HY",71,13.7,13
"14909","TAPI","HY",74,12.3,13
"14910","TAPI","HY",74,13.1,13
"14911","TAPI","HY",70,12,13
"14912","TAPI","HY",73,13.4,13
"14913","TAPI","HY",72,13.3,13
"14914","TAPI","HY",73,13.9,13
"14915","TAPI","HY",74,13.6,13
"14916","TAPI","HY",71,12.1,13
"14917","TAPI","HY",67,13.2,13
"14918","TAPI","HY",70,12.5,13
"14919","TAPI","HY",71.5,13.1,13
"14920","TAPI","HY",73,13.7,13
"14921","TAPI","HY",71,12.4,13
"14922","TAPI","HY",70.5,13,13
"14923","TAPI","HY",69.5,12.4,13
"14924","TAPI","HY",70,14.2,13
"14925","TAPI","AHY",72,12.9,13
"14926","TAPI","HY",68,11.8,13
"14927","TAPI","HY",71,13.7,13
"14928","TAPI","HY",74,13.1,13
"14929","TAPI","HY",70,12.9,13
"14930","TAPI","HY",71,13.3,13
"14931","TAPI","AHY",72,12.8,13
"14932","TAPI","HY",73,12.9,13
"14933","TAPI","HY",71,12.7,13
"14934","TAPI","HY",72,13.8,13
"14935","TAPI","HY",72,12.8,13
"14936","TAPI","HY",70,13.4,13
"14937","TAPI","HY",72,12.6,13
"14938","TAPI","AHY",68,12.7,13
"14939","TAPI","HY",70,13.5,13
"14940","TAPI","HY",70,12.9,13
"14941","TAPI","HY",70,13.1,13
"14942","TAPI","HY",74,14.4,13
"14943","TAPI","AHY",74,12.5,13
"14944","TAPI","HY",71,13.5,13
"14945","TAPI","HY",73,13,13
"14946","TAPI","HY",72,13,13
"14947","TAPI","HY",71,13.4,13
"14948","TAPI","HY",73,13.3,13
"14949","TAPI","AHY",70,12.9,13
"14950","TAPI","HY",74.5,12.2,13
"14951","TAPI","HY",74,13.9,13
"14952","TAPI","HY",68,12.3,13
"14953","TAPI","HY",72,12.7,13
"14954","TAPI","AHY",72,13.4,13
"14955","TAPI","AHY",73,13.5,13
"14956","TAPI","HY",74,12.8,13
"14957","TAPI","HY",69,12.5,13
"14958","TAPI","HY",71,13.5,13
"14959","TAPI","HY",72,12.6,13
"14960","TAPI","HY",68,14,13
"14961","TAPI","AHY",77,12.5,13
"14962","TAPI","AHY",75,13.1,13
"14963","TAPI","HY",70,12.9,13
"14964","TAPI","HY",74,14.1,13
"14965","TAPI","HY",72,13,13
"14966","TAPI","HY",72,13.1,13
"14967","TAPI","HY",74,12.7,13
"14968","TAPI","HY",71,12.8,13
"14969","TAPI","HY",69,11.6,13
"14970","TAPI","AHY",71,13.1,13
"14971","TAPI","HY",70,13.3,13
"14972","TAPI","AHY",72,12.2,13
"14973","TAPI","HY",69,12.5,13
"14974","TAPI","HY",73,13.4,13
"14975","TAPI","HY",72,13.4,13
"14976","TAPI","HY",73,13.5,13
"14977","TAPI","HY",72,12.9,13
"14978","TAPI","HY",69,12.8,13
"14979","TAPI","AHY",70,13.1,13
"14980","TAPI","HY",71,12.1,13
"14981","TAPI","HY",72,13.3,13
"14982","TAPI","HY",70,12.9,13
"14983","TAPI","HY",70,13,13
"14984","TAPI","HY",70,13.4,13
"14985","TAPI","AHY",75,15,13
"14986","TAPI","HY",71,12.2,13
"14987","TAPI","HY",72,12.9,13
"14988","TAPI","HY",69,13.3,13
"14989","TAPI","AHY",69,12.4,13
"14990","TAPI","HY",72,13.3,13
"14991","TAPI","HY",69,13.9,13
"14992","TAPI","HY",74,13.1,13
"14993","TAPI","AHY",69,13,13
"14994","TAPI","HY",73,13.3,13
"14995","TAPI","AHY",73,14.3,13
"14996","TAPI","HY",72,13.6,13
"14997","TAPI","AHY",72,12.4,13
"14998","TAPI","AHY",70,13.8,13
"14999","TAPI","HY",68,12.2,13
"15000","TAPI","HY",70,12.8,13
"15001","TAPI","HY",70,12.5,13
"15002","TAPI","HY",68,13.3,13
"15003","TAPI","HY",71,13.3,13
"15004","TAPI","HY",69,11.7,13
"15005","TAPI","AHY",74,14.1,13
"15006","TAPI","HY",70,11.4,13
"15007","TAPI","HY",73,12.4,13
"15008","TAPI","HY",72,13.4,13
"15009","TAPI","HY",71,12.9,13
"15010","TAPI","HY",71,11.7,13
"15011","TAPI","AHY",70,12.1,13
"15012","TAPI","HY",71,13.5,13
"15013","TAPI","HY",73,13.1,13
"15014","TAPI","HY",71,13.6,13
"15015","TAPI","HY",75,13.8,13
"15016","TAPI","AHY",73,14,13
"15017","TAPI","HY",71,12.7,13
"15018","TAPI","AHY",72,13.6,13
"15019","TAPI","HY",70,12.9,13
"15020","TAPI","HY",72,13,13
"15021","TAPI","HY",71,12.7,13
"15022","TAPI","HY",74,13.2,13
"15023","TAPI","HY",70,13.1,13
"15024","TAPI","AHY",72,13.1,13
"15025","TAPI","HY",72,13.6,13
"15026","TAPI","HY",73,12.8,13
"15027","TAPI","HY",70,12.3,13
"15028","TAPI","HY",71,12.8,13
"15029","TAPI","AHY",69,11.9,13
"15030","TAPI","HY",73,11.8,13
"15031","TAPI","AHY",73,13,13
"15032","TAPI","HY",73,14.5,13
"15033","TAPI","HY",71,13.7,13
"15034","TAPI","HY",71,12.7,13
"15035","TAPI","HY",70.5,12.7,13
"15036","TAPI","HY",72,12.9,13
"15037","TAPI","HY",71,12.2,13
"15038","TAPI","HY",69,12.7,13
"15039","TAPI","HY",71,12.8,13
"15040","TAPI","HY",72,12.7,13
"15041","TAPI","AHY",75,13.5,13
"15042","TAPI","AHY",69,12.9,13
"15043","TAPI","HY",70,12.8,13
"15044","TAPI","HY",71,12.3,13
"15045","TAPI","HY",70,13.4,13
"15046","TAPI","AHY",71,12.7,13
"15047","TAPI","HY",69,12.8,13
"15048","TAPI","HY",69,11.9,13
"15049","TAPI","HY",71,12.6,13
"15050","TAPI","HY",71,13.3,13
"15051","TAPI","HY",70,13.2,13
"15052","TAPI","HY",70,12.8,13
"15053","TAPI","AHY",74,12.6,13
"15054","TAPI","HY",72,12.3,13
"15055","TAPI","HY",74,13.6,13
"15056","TAPI","AHY",68,13.3,13
"15057","TAPI","HY",70,12.4,13
"15058","TAPI","HY",70,12.6,13
"15059","TAPI","HY",73,12.2,13
"15060","TAPI","HY",69,13.4,13
"15061","TAPI","HY",70,13.2,13
"15062","TAPI","HY",73,14.6,13
"15063","TAPI","HY",70,13.4,13
"15064","TAPI","HY",67,13.7,13
"15065","TAPI","HY",72,14.7,13
"15066","TAPI","HY",70,13.3,13
"15067","TAPI","HY",69,12.7,13
"15068","TAPI","HY",70,12.7,13
"15069","TAPI","HY",70,14,13
"15070","TAPI","HY",71,14.2,13
"15071","TAPI","HY",71,12.9,13
"15072","TAPI","AHY",75,13.1,13
"15073","TAPI","HY",72,13.1,13
"15074","TAPI","AHY",74,13.9,13
"15075","TAPI","HY",69.5,13,13
"15076","TAPI","HY",72,12.9,13
"15077","TAPI","HY",69,13.6,13
"15078","TAPI","HY",72,13.4,13
"15079","TAPI","HY",72,13.2,13
"15080","TAPI","AHY",73,14.4,13
"15081","TAPI","HY",72,13.7,13
"15082","TAPI","HY",72,12.3,13
"15083","TAPI","AHY",70,13.4,13
"15084","TAPI","AHY",72,13.2,13
"15085","TAPI","AHY",74,13.6,13
"15086","TAPI","HY",70,12.4,13
"15087","TAPI","HY",72,13.5,13
"15088","TAPI","HY",71,14.2,13
"15089","TAPI","HY",73,13.7,13
"15090","TAPI","HY",73,NA,13
"15091","TAPI","HY",70,12.7,13
"15092","TAPI","HY",71,14.6,13
"15093","TAPI","HY",72,13.5,13
"15094","TAPI","HY",72,13.2,13
"15095","TAPI","HY",73,13.2,13
"15096","TAPI","HY",72,13.8,13
"15097","TAPI","AHY",74,13.8,13
"15098","TAPI","HY",73,12.5,13
"15099","TAPI","HY",70,12.7,13
"15100","TAPI","HY",73,12.6,13
"15101","TAPI","HY",71,12.4,13
"15102","TAPI","HY",72,14,13
"15103","TAPI","HY",71,13.7,13
"15104","TAPI","HY",71,12.3,13
"15105","TAPI","HY",71,13,13
"15106","TAPI","AHY",75,13.7,13
"15107","TAPI","HY",69,NA,13
"15108","TAPI","HY",74,12.7,13
"15109","TAPI","HY",70.5,14.7,13
"15110","TAPI","HY",69,13.6,13
"15111","TAPI","HY",69,14,13
"15112","TAPI","HY",71,13.4,13
"15113","TAPI","HY",73,13.8,13
"15114","TAPI","HY",71,13.2,13
"15115","TAPI","HY",73,13.5,13
"15116","TAPI","HY",70.5,13.2,13
"15117","TAPI","HY",73,13.7,13
"15118","TAPI","HY",73,13.8,13
"15119","TAPI","HY",72,13.6,13
"15120","TAPI","HY",70,13.5,13
"15121","TAPI","HY",70,13.1,13
"15122","TAPI","HY",72,13.8,13
"15123","TAPI","HY",NA,NA,13
"15124","TAPI","HY",71,14.4,13
"15125","TAPI","AHY",70,11.9,13
"15126","TAPI","HY",73,13,13
"15127","TAPI","AHY",70,12.4,13
"15128","TAPI","HY",73,13.3,13
"15129","TAPI","HY",71,12.8,13
"15130","TAPI","AHY",73,13.9,13
"15131","TAPI","AHY",75,13.1,13
"15132","TAPI","HY",71,13.5,13
"15133","TAPI","AHY",72,14.3,13
"15134","TAPI","AHY",71,13.9,13
"15135","TAPI","HY",72,13.8,13
"15136","TAPI","AHY",70,12.4,13
"15137","TAPI","HY",NA,12.3,13
"15138","TAPI","HY",NA,12.3,13
"15139","TAPI","HY",NA,13.3,13
"15140","TAPI","HY",NA,13,13
"15141","TAPI","HY",NA,13.1,13
"15142","TAPI","HY",NA,12.3,13
"15143","TAPI","HY",NA,13.4,13
"15144","TAPI","HY",NA,13.9,13
"15145","TAPI","HY",NA,14,13
"15146","TAPI","HY",NA,13.3,13
"15147","TAPI","HY",NA,13.6,13
"15148","TAPI","HY",NA,13.3,13
"15149","TAPI","HY",NA,13.4,13
"15150","TAPI","AHY",NA,13.1,13
"15151","TAPI","HY",NA,13.4,13
"15152","TAPI","HY",NA,13.8,13
"15153","TAPI","HY",NA,14,13
"15154","TAPI","AHY",NA,12.6,13
"15155","TAPI","HY",NA,13.1,13
"15156","TAPI","AHY",NA,13.2,13
"15157","TAPI","HY",NA,13,13
"15158","TAPI","HY",NA,13.7,13
"15159","TAPI","HY",NA,12.1,13
"15160","TAPI","HY",NA,12,13
"15161","TAPI","HY",NA,12.9,13
"15162","TAPI","HY",NA,12.7,13
"15163","TAPI","HY",NA,12.3,13
"15164","TAPI","HY",NA,12.9,13
"15165","TAPI","HY",NA,12.3,13
"15166","TAPI","HY",NA,12.8,13
"15167","TAPI","HY",NA,12.9,13
"15168","TAPI","HY",NA,12.6,13
"15169","TAPI","HY",NA,12.5,13
"15170","TAPI","HY",NA,12.7,13
"15171","TAPI","HY",NA,12.7,13
"15172","TAPI","HY",NA,13,13
"15173","TAPI","HY",NA,12.7,13
"15174","TAPI","HY",NA,12.8,13
"15175","TAPI","AHY",NA,14.4,13
"15176","TAPI","HY",NA,13.6,13
"15177","TAPI","HY",NA,13.5,13
"15178","TAPI","HY",NA,12.5,13
"15179","TAPI","HY",NA,12.9,13
"15180","TAPI","AHY",NA,13.5,13
"15181","TAPI","HY",NA,13.6,13
"15182","TAPI","HY",NA,13.1,13
"15183","TAPI","AHY",NA,13.5,13
"15184","TAPI","HY",NA,13.1,13
"15185","TAPI","HY",NA,12.7,13
"15186","TAPI","HY",NA,12.6,13
"15187","TAPI","HY",NA,12,13
"15188","TAPI","AHY",NA,13.7,13
"15189","TAPI","HY",NA,11.4,13
"15190","TAPI","HY",NA,13,13
"15191","TAPI","AHY",NA,13.1,13
"15192","TAPI","HY",NA,13.2,13
"15193","TAPI","HY",NA,12.4,13
"15194","TAPI","HY",NA,12.2,13
"15195","TAPI","HY",NA,13.1,13
"15196","TAPI","HY",NA,12.2,13
"15197","TAPI","HY",NA,11.3,13
"15198","TAPI","HY",NA,13.6,13
"15199","TAPI","HY",NA,12.9,13
"15200","TAPI","HY",NA,13.7,13
"15201","TAPI","AHY",NA,13.2,13
"15202","TAPI","HY",NA,13.5,13
"15203","TAPI","HY",NA,12.4,13
"15204","TAPI","AHY",NA,12.8,13
"15205","TAPI","HY",NA,13.7,13
"15206","TAPI","AHY",NA,13.5,13
"15207","TAPI","AHY",NA,12.5,13
"15208","TAPI","HY",NA,12.5,13
"15209","TAPI","AHY",NA,13.6,13
"15210","TAPI","HY",NA,13.1,13
"15211","TAPI","HY",74,12.3,13
"15212","TAPI","AHY",NA,13,13
"15213","TAPI","HY",NA,12.2,13
"15214","TAPI","AHY",NA,12.9,13
"15215","TAPI","HY",NA,13.8,13
"15216","TAPI","HY",NA,13,13
"15217","TAPI","HY",NA,13,13
"15218","TAPI","HY",NA,12.8,13
"15219","TAPI","HY",NA,14.2,13
"15220","TAPI","HY",NA,12.3,13
"15221","TAPI","HY",NA,12.7,13
"15222","TAPI","HY",NA,13.3,13
"15223","TAPI","HY",NA,13.1,13
"15224","TAPI","AHY",NA,14,13
"15225","TAPI","HY",NA,12,13
"15226","TAPI","HY",NA,14,13
"15227","TAPI","HY",NA,11.5,13
"15228","TAPI","AHY",NA,12.5,13
"15229","TAPI","AHY",NA,13.5,13
"15230","TAPI","AHY",NA,12.5,13
"15231","TAPI","HY",NA,14.4,13
"15232","TAPI","HY",NA,13,13
"15233","TAPI","HY",NA,12.4,13
"15234","TAPI","HY",NA,13.5,13
"15235","TAPI","HY",NA,13.1,13
"15236","TAPI","HY",NA,12.6,13
"15237","TAPI","HY",NA,12.6,13
"15238","TAPI","HY",NA,13.3,13
"15239","TAPI","HY",NA,12.4,13
"15240","TAPI","HY",NA,13.4,13
"15241","TAPI","HY",NA,12.7,13
"15242","TAPI","HY",NA,13.7,13
"15243","TAPI","HY",NA,11.6,13
"15244","TAPI","HY",NA,13.4,13
"15245","TAPI","HY",NA,11.6,13
"15246","TAPI","HY",NA,12,13
"15247","TAPI","HY",NA,12,13
"15248","TAPI","HY",NA,12.7,13
"15249","TAPI","HY",NA,12.4,13
"15250","TAPI","HY",NA,12.5,13
"15251","TAPI","HY",NA,12.2,13
"15252","TAPI","HY",NA,13.2,13
"15253","TAPI","HY",NA,12.8,13
"15254","TAPI","HY",NA,13.2,13
"15255","TAPI","HY",NA,12.7,13
"15256","TAPI","HY",NA,12.6,13
"15257","TAPI","HY",NA,13.1,13
"15258","TAPI","HY",NA,13.1,13
"15259","TAPI","HY",NA,13.8,13
"15260","TAPI","HY",NA,13.5,13
"15261","TAPI","HY",NA,12.8,13
"15262","TAPI","HY",NA,12.1,13
"15263","TAPI","HY",NA,13.4,13
"15264","TAPI","HY",NA,12.6,13
"15265","TAPI","HY",NA,12.6,13
"15266","TAPI","HY",NA,13.1,13
"15267","TAPI","HY",NA,13,13
"15268","TAPI","HY",NA,12.8,13
"15269","TAPI","HY",NA,13.4,13
"15270","TAPI","AHY",73,13.1,13
"15271","TAPI","AHY",NA,13.4,13
"15272","TAPI","HY",NA,11.6,13
"15273","TAPI","HY",NA,13.6,13
"15274","TAPI","HY",NA,12.6,13
"15275","TAPI","AHY",NA,13.2,13
"15276","TAPI","HY",NA,13.7,13
"15277","TAPI","HY",NA,12.6,13
"15278","TAPI","HY",NA,13,13
"15279","TAPI","HY",NA,12.9,13
"15280","TAPI","AHY",NA,13.1,13
"15281","TAPI","HY",NA,12.6,13
"15282","TAPI","HY",NA,11.9,13
"15283","TAPI","HY",NA,10.8,13
"15284","TAPI","HY",NA,12.5,13
"15285","TAPI","AHY",NA,13.4,13
"15286","TAPI","HY",NA,12.2,13
"15287","TAPI","HY",NA,12.6,13
"15288","TAPI","HY",NA,11.8,13
"15289","TAPI","HY",NA,13.2,13
"15290","TAPI","HY",NA,12.4,13
"15291","TAPI","HY",NA,11.7,13
"15292","TAPI","HY",NA,13.6,13
"15293","TAPI","AHY",NA,12.9,13
"15294","TAPI","HY",NA,12.4,13
"15295","TAPI","HY",NA,12,13
"15296","TAPI","HY",NA,12.5,13
"15297","TAPI","AHY",NA,12.9,13
"15298","TAPI","HY",NA,12.6,13
"15299","TAPI","HY",NA,12.9,13
"15300","TAPI","HY",NA,13.1,13
"15301","TAPI","HY",NA,12.3,13
"15302","TAPI","HY",72,13.2,13
"15303","TAPI","HY",NA,13.5,13
"15304","TAPI","HY",NA,13.6,13
"15305","TAPI","AHY",NA,13.4,13
"15306","TAPI","AHY",NA,12.9,13
"15307","TAPI","HY",NA,13.4,13
"15308","TAPI","HY",NA,12.4,13
"15309","TAPI","AHY",NA,13.4,13
"15310","TAPI","HY",NA,12.6,13
"15311","TAPI","HY",NA,12.9,13
"15312","TAPI","HY",NA,13.1,13
"15313","TAPI","HY",NA,14.8,13
"15314","TAPI","HY",NA,12.3,13
"15315","TAPI","AHY",NA,13.4,13
"15316","TAPI","HY",NA,13.9,13
"15317","TAPI","HY",NA,13.7,13
"15318","TAPI","AHY",NA,12.1,13
"15319","TAPI","HY",NA,13,13
"15320","TAPI","HY",NA,13.6,13
"15321","TAPI","HY",NA,12.4,13
"15322","TAPI","HY",NA,12.4,13
"15323","TAPI","HY",NA,12.8,13
"15324","TAPI","HY",NA,13,13
"15325","TAPI","HY",NA,13.6,13
"15326","TAPI","AHY",NA,13.3,13
"15327","TAPI","HY",NA,12.6,13
"15328","TAPI","HY",NA,12.8,13
"15329","TAPI","HY",NA,12.8,13
"15330","TAPI","HY",NA,12,13
"15331","TAPI","HY",NA,13.8,13
"15332","TAPI","HY",NA,12.6,13
"15333","TAPI","AHY",NA,12.8,13
"15334","TAPI","HY",NA,13.1,13
"15335","TAPI","HY",NA,12.9,13
"15336","TAPI","HY",NA,13.5,13
"15337","TAPI","HY",NA,13.4,13
"15338","TAPI","HY",NA,12.5,13
"15339","TAPI","HY",NA,12.8,13
"15340","TAPI","HY",NA,13.5,13
"15341","TAPI","HY",NA,12.6,13
"15342","TAPI","HY",NA,13.1,13
"15343","TAPI","HY",NA,13.3,13
"15344","TAPI","HY",NA,15.4,13
"15345","TAPI","HY",NA,12.7,13
"15346","TAPI","HY",NA,12.6,13
"15347","TAPI","HY",NA,12.7,13
"15348","TAPI","AHY",NA,14,13
"15349","TAPI","HY",NA,11.7,13
"15350","TAPI","HY",NA,13.6,13
"15351","TAPI","HY",NA,13.7,13
"15352","TAPI","HY",NA,13.2,13
"15353","TAPI","HY",NA,12.1,13
"15354","TAPI","HY",NA,11.6,13
"15355","TAPI","HY",70,12.8,13
"15356","TAPI","AHY",72,13.7,13
"15357","TAPI","HY",71,12.2,13
"15358","TAPI","AHY",71,12.3,13
"15359","TAPI","AHY",74.5,13.8,13
"15360","TAPI","HY",68,12.1,13
"15361","TAPI","HY",71,12.6,13
"15362","TAPI","HY",70,13,13
"15363","TAPI","HY",73,12.9,13
"15364","TAPI","HY",71,13.1,13
"15365","TAPI","HY",71,13.4,13
"15366","TAPI","HY",71,12.6,13
"15367","TAPI","HY",69,11.9,13
"15368","TAPI","HY",69,12.1,13
"15369","TAPI","HY",68,14,13
"15370","TAPI","HY",73,12.9,13
"15371","TAPI","HY",73,12.8,13
"15372","TAPI","HY",71.5,13,13
"15373","TAPI","HY",71,13.6,13
"15374","TAPI","AHY",73,13.3,13
"15375","TAPI","HY",72,12.8,13
"15376","TAPI","AHY",72,13.8,13
"15377","TAPI","HY",74,13.8,13
"15378","TAPI","HY",69,12.6,13
"15379","TAPI","HY",76,15.3,13
"15380","TAPI","AHY",72,13.5,13
"15381","TAPI","HY",68,13,13
"15382","TAPI","HY",70.5,13.1,13
"15383","TAPI","HY",NA,13.3,13
"15384","TAPI","HY",NA,14.2,13
"15385","TAPI","HY",NA,13.6,13
"15386","TAPI","HY",NA,13.7,13
"15387","TAPI","HY",NA,13.2,13
"15388","TAPI","HY",NA,12.2,13
"15389","TAPI","HY",NA,13.2,13
"15390","TAPI","HY",NA,12.5,13
"15391","TAPI","HY",NA,12.5,13
"15392","TAPI","HY",NA,14.3,13
"15393","TAPI","HY",NA,14,13
"15394","TAPI","HY",NA,13.7,13
"15395","TAPI","HY",NA,13.5,13
"15396","TAPI","HY",NA,13.8,13
"15397","TAPI","HY",NA,12.1,13
"15398","TAPI","HY",NA,12.7,13
"15399","TAPI","HY",NA,13.2,13
"15400","TAPI","HY",NA,12.8,13
"15401","TAPI","HY",NA,12.7,13
"15402","TAPI","HY",NA,14.3,13
"15403","TAPI","HY",NA,13.3,13
"15404","TAPI","HY",NA,12.3,13
"15405","TAPI","HY",70.5,12.4,13
"15406","TAPI","HY",70,13.3,13
"15407","TAPI","HY",73,14,13
"15408","TAPI","AHY",76,14,13
"15409","TAPI","HY",74,12.4,13
"15410","TAPI","HY",70.5,12.9,13
"15411","TAPI","HY",72,12.5,13
"15412","TAPI","HY",72,13.8,13
"15413","TAPI","AHY",72,13.1,13
"15414","TAPI","HY",70,13,13
"15415","TAPI","HY",69,12.1,13
"15416","TAPI","HY",70,13.6,13
"15417","TAPI","HY",71,11.6,13
"15418","TAPI","HY",73,13.6,13
"15419","TAPI","AHY",69,12.5,13
"15420","TAPI","AHY",73,12.4,13
"15421","TAPI","AHY",75,13.9,13
"15422","TAPI","HY",69,12.6,13
"15423","TAPI","HY",69,13.7,13
"15424","TAPI","HY",69,12,13
"15425","TAPI","HY",72,12.1,13
"15426","TAPI","HY",75,12.7,13
"15427","TAPI","AHY",74,13.3,13
"15428","TAPI","HY",70,12.8,13
"15429","TAPI","HY",68,12.4,13
"15430","TAPI","HY",70,12.9,13
"15431","TAPI","HY",75,13.4,13
"15432","TAPI","HY",72,13,13
"15433","TAPI","HY",73,12.9,13
"15434","TAPI","HY",70,12.7,13
"15435","TAPI","HY",73,13.5,13
"15436","TAPI","HY",71,12.5,13
"15437","TAPI","HY",71,12.7,13
"15438","TAPI","HY",70,12.5,13
"15439","TAPI","AHY",72,13.1,13
"15440","TAPI","HY",72,13,13
"15441","TAPI","HY",70,13.6,13
"15442","TAPI","HY",72,13.1,13
"15443","TAPI","HY",72,12.3,13
"15444","TAPI","AHY",72,13.1,13
"15445","TAPI","AHY",74,12.2,13
"15446","TAPI","HY",70.5,12.6,13
"15447","TAPI","HY",72,12.5,13
"15448","TAPI","HY",71,13.2,13
"15449","TAPI","HY",74,13.6,13
"15450","TAPI","HY",74,12.4,13
"15451","TAPI","HY",69,12.6,13
"15452","TAPI","HY",70,13.1,13
"15453","TAPI","AHY",76.5,13.5,13
"15454","TAPI","HY",73,14.5,13
"15455","TAPI","HY",71,14.2,13
"15456","TAPI","AHY",73,13.1,13
"15457","TAPI","HY",71,13.3,13
"15458","TAPI","AHY",74,12.5,13
"15459","TAPI","HY",70,13.2,13
"15460","TAPI","HY",71,13.4,13
"15461","TAPI","HY",71,11.9,13
"15462","TAPI","HY",72,12.6,13
"15463","TAPI","HY",71,12.9,13
"15464","TAPI","HY",70,13.8,13
"15465","TAPI","HY",71,12.7,13
"15466","TAPI","AHY",71,12.5,13
"15467","TAPI","AHY",73,14.3,13
"15468","TAPI","HY",68,11.4,13
"15469","TAPI","HY",72,13.2,13
"15470","TAPI","HY",70,12.3,13
"15471","TAPI","AHY",71,13.3,13
"15472","TAPI","HY",70,11.8,13
"15473","TAPI","HY",70,13.5,13
"15474","TAPI","HY",72,13.4,13
"15475","TAPI","HY",72,13.6,13
"15476","TAPI","HY",72,13,13
"15477","TAPI","HY",68,13.1,13
"15478","TAPI","HY",70,13.5,13
"15479","TAPI","HY",70,11.8,13
"15480","TAPI","HY",71,12.9,13
"15481","TAPI","HY",72,13.4,13
"15482","TAPI","HY",72,12.9,13
"15483","TAPI","HY",70,11.8,13
"15484","TAPI","HY",72,13.9,13
"15485","TAPI","HY",68,12.7,13
"15486","TAPI","AHY",70,12.7,13
"15487","TAPI","HY",70,13.3,13
"15488","TAPI","HY",72,13.3,13
"15489","TAPI","HY",69,12.1,13
"15490","TAPI","HY",71.5,12.3,13
"15491","TAPI","HY",74,14.1,13
"15492","TAPI","HY",70,13.4,13
"15493","TAPI","HY",74,13.6,13
"15494","TAPI","AHY",74,13.3,13
"15495","TAPI","HY",72,13,13
"15496","TAPI","HY",73,13.4,13
"15497","TAPI","HY",70,12.7,13
"15498","TAPI","HY",72,13,13
"15499","TAPI","HY",72,12.6,13
"15500","TAPI","HY",71,12.8,13
"15501","TAPI","HY",69,13.1,13
"15502","TAPI","HY",72,13,13
"15503","TAPI","HY",73,NA,13
"15504","TAPI","HY",73,12.9,13
"15505","TAPI","HY",70,13.6,13
"15506","TAPI","HY",70,13.1,13
"15507","TAPI","HY",69,12.5,13
"15508","TAPI","HY",73,12.6,13
"15509","TAPI","HY",70,12.4,13
"15510","TAPI","HY",74,14,13
"15511","TAPI","HY",71,13.4,13
"15512","TAPI","HY",72,13.1,13
"15513","TAPI","HY",74,13.2,13
"15514","TAPI","AHY",75,12.7,13
"15515","TAPI","HY",74,13.6,13
"15516","TAPI","HY",70,13.8,13
"15517","TAPI","HY",71,12.9,13
"15518","TAPI","AHY",75,15.4,13
"15519","TAPI","HY",71,12,13
"15520","TAPI","AHY",74,13.5,13
"15521","TAPI","HY",71,13.4,13
"15522","TAPI","AHY",73,13.4,13
"15523","TAPI","AHY",69,12.6,13
"15524","TAPI","HY",70,12.5,13
"15525","TAPI","HY",69,12.8,13
"15526","TAPI","AHY",71,13.7,13
"15527","TAPI","HY",70,13.4,13
"15528","TAPI","HY",73,13,13
"15529","TAPI","HY",72,12.8,13
"15530","TAPI","HY",71,13.6,13
"15531","TAPI","HY",71,12.8,13
"15532","TAPI","HY",70,12,13
"15533","TAPI","HY",68,12.5,13
"15534","TAPI","AHY",75,13.5,13
"15535","TAPI","AHY",73,13.2,13
"15536","TAPI","HY",71,13.5,13
"15537","TAPI","HY",72,13.1,13
"15538","TAPI","AHY",77,13.5,13
"15539","TAPI","HY",71,13.4,13
"15540","TAPI","HY",69,12.7,13
"15541","TAPI","HY",71,12.8,13
"15542","TAPI","HY",74,14.6,13
"15543","TAPI","HY",70,12.9,13
"15544","TAPI","HY",73,13.8,13
"15545","TAPI","HY",72,14.2,13
"15546","TAPI","HY",70,12.9,13
"15547","TAPI","HY",71,12.7,13
"15548","TAPI","HY",72,12.9,13
"15549","TAPI","AHY",70,13.7,13
"15550","TAPI","HY",70,12.9,13
"15551","TAPI","HY",70,14,13
"15552","TAPI","AHY",71,13.4,13
"15553","TAPI","HY",68,12.4,13
"15554","TAPI","HY",71,12.5,13
"15555","TAPI","HY",72,12,13
"15556","TAPI","AHY",71,14.4,13
"15557","TAPI","HY",74,13.3,13
"15558","TAPI","HY",73,13.2,13
"15559","TAPI","HY",71,14,13
"15560","TAPI","HY",71,14.4,13
"15561","TAPI","AHY",NA,13.3,13
"15562","TAPI","AHY",74,14.1,13
"15563","TAPI","HY",71,13.2,13
"15564","TAPI","AHY",74,13.9,13
"15565","TAPI","HY",73,13.5,13
"15566","TAPI","HY",70,12.5,13
"15567","TAPI","HY",70,13.3,13
"15568","TAPI","HY",73,13.7,13
"15569","TAPI","HY",73,13.5,13
"15570","TAPI","HY",71,13.2,13
"15571","TAPI","HY",73,14.1,13
"15572","TAPI","AHY",73,13.8,13
"15573","TAPI","HY",72,12.1,13
"15574","TAPI","HY",68.5,12.8,13
"15575","TAPI","HY",72,14.4,13
"15576","TAPI","AHY",73,13.2,13
"15577","TAPI","HY",70,12.2,13
"15578","TAPI","HY",70,12.7,13
"15579","TAPI","AHY",71,13.2,13
"15580","TAPI","HY",71,13.3,13
"15581","TAPI","HY",72,12.8,13
"15582","TAPI","HY",73,13.1,13
"15583","TAPI","HY",70,13.5,13
"15584","TAPI","HY",68,12.2,13
"15585","TAPI","HY",70,13.9,13
"15586","TAPI","HY",68,12.2,13
"15587","TAPI","HY",70,13,13
"15588","TAPI","HY",71,12.9,13
"15589","TAPI","AHY",72.5,14,13
"15590","TAPI","HY",70,12.8,13
"15591","TAPI","HY",74,14.1,13
"15592","TAPI","HY",70,12.8,13
"15593","TAPI","AHY",73,13.5,13
"15594","TAPI","HY",70,12.9,13
"15595","TAPI","HY",72,12.5,13
"15596","TAPI","HY",70,12.8,13
"15597","TAPI","HY",66,11.7,13
"15598","TAPI","HY",72.5,12.1,13
"15599","TAPI","HY",70,13.4,13
"15600","TAPI","HY",70,13.5,13
"15601","TAPI","HY",72,13.4,13
"15602","TAPI","HY",71,13.5,13
"15603","TAPI","HY",73,13.3,13
"15604","TAPI","HY",72,12.6,13
"15605","TAPI","HY",70,12.8,13
"15606","TAPI","HY",69,11.8,13
"15607","TAPI","AHY",73,12.4,13
"15608","TAPI","HY",71,13.4,13
"15609","TAPI","AHY",72,13.2,13
"15610","TAPI","HY",74,13.2,13
"15611","TAPI","HY",73,14.1,13
"15612","TAPI","HY",76,12.7,13
"15613","TAPI","AHY",73,12.8,13
"15614","TAPI","AHY",74,13.2,13
"15615","TAPI","HY",71,12.9,13
"15616","TAPI","HY",72,12.2,13
"15617","TAPI","HY",71,13.4,13
"15618","TAPI","HY",73,12.8,13
"15619","TAPI","HY",71,14.3,13
"15620","TAPI","HY",70,12.4,13
"15621","TAPI","HY",70,13.4,13
"15622","TAPI","HY",70,12.6,13
"15623","TAPI","HY",70,13.5,13
"15624","TAPI","HY",75,13.2,13
"15625","TAPI","HY",71,13.3,13
"15626","TAPI","HY",71,13.5,13
"15627","TAPI","HY",74,12.6,13
"15628","TAPI","HY",69,11.9,13
"15629","TAPI","HY",71,12.8,13
"15630","TAPI","HY",70,13.4,13
"15631","TAPI","HY",71,12.7,13
"15632","TAPI","HY",73,13,13
"15633","TAPI","HY",72,12,13
"15634","TAPI","HY",70,12.2,13
"15635","TAPI","HY",70,13,13
"15636","TAPI","HY",76,13.6,13
"15637","TAPI","AHY",74,12.6,13
"15638","TAPI","HY",73,13.9,13
"15639","TAPI","HY",76,12.2,13
"15640","TAPI","AHY",72,12.8,13
"15641","TAPI","AHY",69,13.4,13
"15642","TAPI","HY",73,12.1,13
"15643","TAPI","HY",74,13.8,13
"15644","TAPI","HY",71,12.3,13
"15645","TAPI","AHY",76,13.1,13
"15646","TAPI","AHY",75,12.9,13
"15647","TAPI","HY",75,12.6,13
"15648","TAPI","HY",72.5,13.2,13
"15649","TAPI","AHY",72,13,13
"15650","TAPI","HY",71,12.3,13
"15651","TAPI","HY",69,13.5,13
"15652","TAPI","AHY",72.5,13.4,13
"15653","TAPI","HY",70,12.6,13
"15654","TAPI","AHY",73,12.2,13
"15655","TAPI","HY",70,12.6,13
"15656","TAPI","AHY",71,13.6,13
"15657","TAPI","HY",71,12.9,13
"15658","TAPI","HY",69,12.7,13
"15659","TAPI","AHY",70,12.6,13
"15660","TAPI","HY",70,12,13
"15661","TAPI","HY",72,13.2,13
"15662","TAPI","AHY",70,12.1,13
"15663","TAPI","AHY",72,12.4,13
"15664","TAPI","HY",71,13.5,13
"15665","TAPI","HY",73,12.4,13
"15666","TAPI","HY",72,12.5,13
"15667","TAPI","AHY",76,12.7,13
"15668","TAPI","HY",70,12.1,13
"15669","TAPI","HY",70,13.8,13
"15670","TAPI","HY",70,12.9,13
"15671","TAPI","HY",71,12.9,13
"15672","TAPI","AHY",75,13.6,13
"15673","TAPI","HY",70,12.5,13
"15674","TAPI","AHY",70,12.6,13
"15675","TAPI","HY",68,12.6,13
"15676","TAPI","HY",72,12.3,13
"15677","TAPI","HY",70,13.1,13
"15678","TAPI","HY",70,12.7,13
"15679","TAPI","AHY",73,13.2,13
"15680","TAPI","HY",73,12.9,13
"15681","TAPI","HY",70,11.9,13
"15682","TAPI","HY",70,NA,13
"15683","TAPI","HY",74,11.9,13
"15684","TAPI","HY",72.5,12.8,13
"15685","TAPI","AHY",73,12.8,13
"15686","TAPI","HY",72,12.1,13
"15687","TAPI","HY",74,12.2,13
"15688","TAPI","HY",72,13.2,13
"15689","TAPI","AHY",71,13.1,13
"15690","TAPI","HY",73,12.8,13
"15691","TAPI","HY",68,12.7,13
"15692","TAPI","AHY",74,13.6,13
"15693","TAPI","HY",69,13.5,13
"15694","TAPI","HY",70,12.5,13
"15695","TAPI","HY",70,12.8,13
"15696","TAPI","AHY",71,13.7,13
"15697","TAPI","HY",66,11.8,13
"15698","TAPI","AHY",74,14.5,13
"15699","TAPI","HY",69,12.6,13
"15700","TAPI","AHY",71,13.3,13
"15701","TAPI","AHY",72,13.3,13
"15702","TAPI","AHY",73,13.1,13
"15703","TAPI","AHY",75,14,13
"15704","TAPI","AHY",71,13,13
"15705","TAPI","HY",70,12.8,13
"15706","TAPI","HY",74,12.3,13
"15707","TAPI","HY",71,12.6,13
"15708","TAPI","AHY",68,13.4,13
"15709","TAPI","AHY",72,12.7,13
"15710","TAPI","AHY",68,12.7,13
"15711","TAPI","HY",71,12.9,13
"15712","TAPI","HY",69,12.3,13
"15713","TAPI","HY",71,13.2,13
"15714","TAPI","HY",74,13,13
"15715","TAPI","HY",71,12.5,13
"15716","TAPI","AHY",72,13.7,13
"15717","TAPI","AHY",74,12.8,13
"15718","TAPI","HY",NA,NA,13
"15719","TAPI","AHY",70,13.4,13
"15720","TAPI","HY",74,12.7,13
"15721","TAPI","HY",72,11.9,13
"15722","TAPI","AHY",74,12.3,13
"15723","TAPI","AHY",72,13,13
"15724","TAPI","HY",74,13.4,13
"15725","TAPI","HY",72,13.8,13
"15726","TAPI","HY",70,12.7,13
"15727","TAPI","HY",70,12.2,13
"15728","TAPI","HY",74,12.7,13
"15729","TAPI","HY",72,11.8,13
"15730","TAPI","AHY",72,13.2,13
"15731","TAPI","HY",74,12.7,13
"15732","TAPI","AHY",72,12.9,13
"15733","TAPI","HY",69,11.9,13
"15734","TAPI","HY",72,12.7,13
"15735","TAPI","HY",71,12.4,13
"15736","TAPI","HY",69,11.9,13
"15737","TAPI","HY",69.5,12.6,13
"15738","TAPI","HY",74,12.8,13
"15739","TAPI","HY",74,12.6,13
"15740","TAPI","HY",70,12.6,13
"15741","TAPI","HY",72,12.3,13
"15742","TAPI","HY",67,11.5,13
"15743","TAPI","AHY",70,12.9,13
"15744","TAPI","HY",70,12.8,13
"15745","TAPI","HY",72,12.5,13
"15746","TAPI","HY",74,12.5,13
"15747","TAPI","HY",68,12.6,13
"15748","TAPI","HY",72,13.4,13
"15749","TAPI","HY",69,12.6,13
"15750","TAPI","HY",74,13.1,13
"15751","TAPI","HY",72,12.8,13
"15752","TAPI","HY",71,12,13
"15753","TAPI","HY",76,12.6,13
"15754","TAPI","HY",71,12.4,13
"15755","TAPI","HY",71,12.4,13
"15756","TAPI","HY",70,12.3,13
"15757","TAPI","HY",70,13.3,13
"15758","TAPI","HY",73,13.2,13
"15759","TAPI","HY",67,12,13
"15760","TAPI","HY",73,12.6,13
"15761","TAPI","HY",70,13.4,13
"15762","TAPI","HY",70,12.5,13
"15763","TAPI","AHY",74,12.9,13
"15764","TAPI","HY",70,13.1,13
"15765","TAPI","HY",70,13.7,13
"15766","TAPI","HY",70,13.5,13
"15767","TAPI","HY",71,13.2,13
"15768","TAPI","HY",70,13.5,13
"15769","TAPI","HY",69,12.3,13
"15770","TAPI","HY",71,12.8,13
"15771","TAPI","HY",75,13.6,13
"15772","TAPI","HY",73,13.5,13
"15773","TAPI","HY",70,NA,13
"15774","TAPI","HY",70,12.1,13
"15775","TAPI","HY",73,13.9,13
"15776","TAPI","HY",74,14.2,13
"15777","TAPI","AHY",73,12.8,13
"15778","TAPI","HY",72,12.8,13
"15779","TAPI","HY",72,14.1,13
"15780","TAPI","HY",71,13.1,13
"15781","TAPI","HY",74,14,13
"15782","TAPI","HY",74,12.9,13
"15783","TAPI","HY",74,14,13
"15784","TAPI","HY",74,13.6,13
"15785","TAPI","HY",73,12.7,13
"15786","TAPI","HY",74,14.8,13
"15787","TAPI","HY",73,13.6,13
"15788","TAPI","AHY",71,13.6,13
"15789","TAPI","HY",71,12.8,13
"15790","TAPI","AHY",70,12,13
"15791","TAPI","HY",70,13.4,13
"15792","TAPI","HY",73,14.5,13
"15793","TAPI","AHY",69,11.9,13
"15794","TAPI","HY",72,11.9,13
"15795","TAPI","HY",74,13.4,13
"15796","TAPI","HY",71,12.3,13
"15797","TAPI","HY",72,13.3,13
"15798","TAPI","HY",71,13.1,13
"15799","TAPI","HY",72,13,13
"15800","TAPI","HY",73,12.6,13
"15801","TAPI","HY",70,12.9,13
"15802","TAPI","HY",70,13.3,13
"15803","TAPI","HY",72,12.2,13
"15804","TAPI","AHY",73,13,13
"15805","TAPI","HY",75,13.3,13
"15806","TAPI","HY",71,12.1,13
"15807","TAPI","HY",69,12.8,13
"15808","TAPI","AHY",73,12.3,13
"15809","TAPI","HY",70,12.8,13
"15810","TAPI","HY",76,14.3,13
"15811","TAPI","HY",72,12.9,13
"15812","TAPI","HY",70,12.8,13
"15813","TAPI","AHY",70,13.1,13
"15814","TAPI","AHY",72,13.8,13
"15815","TAPI","HY",72,12.2,13
"15816","TAPI","AHY",73,12.7,13
"15817","TAPI","AHY",70,11.9,13
"15818","TAPI","AHY",72,12.2,13
"15819","TAPI","HY",70,11.9,13
"15820","TAPI","HY",71,13.3,13
"15821","TAPI","HY",71,12.8,13
"15822","TAPI","HY",71,13.8,13
"15823","TAPI","AHY",72,12.5,13
"15824","TAPI","HY",71,12.3,13
"15825","TAPI","AHY",72,12.6,13
"15826","TAPI","HY",69,11.9,13
"15827","TAPI","AHY",71,11.8,13
"15828","TAPI","AHY",76,13.5,13
"15829","TAPI","HY",71,12.7,13
"15830","TAPI","AHY",74,13,13
"15831","TAPI","HY",69,12.2,13
"15832","TAPI","AHY",71,13.4,13
"15833","TAPI","HY",73,14.4,13
"15834","TAPI","HY",72,11.7,13
"15835","TAPI","AHY",72,12.4,13
"15836","TAPI","AHY",72,13.5,13
"15837","TAPI","HY",71,12.7,13
"15838","TAPI","HY",71,12.6,13
"15839","TAPI","HY",72,12.8,13
"15840","TAPI","HY",72,12.8,13
"15841","TAPI","HY",71,11.7,13
"15842","TAPI","HY",70,12.1,13
"15843","TAPI","HY",74,NA,13
"15844","TAPI","HY",69,12.2,13
"15845","TAPI","AHY",74,12.9,13
"15846","TAPI","HY",72,12.8,13
"15847","TAPI","HY",70,11.9,13
"15848","TAPI","AHY",72,13.4,13
"15849","TAPI","HY",71,11.6,13
"15850","TAPI","AHY",69,12.3,13
"15851","TAPI","AHY",69,12.5,13
"15852","TAPI","AHY",73,12.7,13
"15853","TAPI","HY",74,12.5,13
"15854","TAPI","HY",70,12,13
"15855","TAPI","AHY",69,12.7,13
"15856","TAPI","AHY",70,15.6,13
"15857","TAPI","AHY",71,13.6,13
"15858","TAPI","AHY",73,13.5,13
"15859","TAPI","AHY",69,12.8,13
"15860","TAPI","HY",74,13.4,13
"15861","TAPI","HY",71,12.9,13
"15862","TAPI","HY",70,13.1,13
"15863","TAPI","HY",71,13.4,13
"15864","TAPI","HY",72,13.4,13
"15865","TAPI","HY",72,13.4,13
"15866","TAPI","HY",72,14,13
"15867","TAPI","HY",73,13.8,13
"15868","TAPI","HY",70,13.3,13
"15869","TAPI","AHY",79,13.4,13
"15870","TAPI","HY",72,13,13
"15871","TAPI","HY",74,13.3,13
"15872","TAPI","HY",67,12,13
"15873","TAPI","AHY",76,12.7,13
"15874","TAPI","HY",72,13.2,13
"15875","TAPI","HY",75,13.2,13
"15876","TAPI","HY",72,12,13
"15877","TAPI","HY",69,12.4,13
"15878","TAPI","HY",73,13.3,13
"15879","TAPI","HY",69,12.3,13
"15880","TAPI","HY",72,12.6,13
"15881","TAPI","HY",71,13,13
"15882","TAPI","HY",72,13,13
"15883","TAPI","AHY",72,12,13
"15884","TAPI","HY",71,13.5,13
"15885","TAPI","HY",68,13.2,13
"15886","TAPI","HY",71,13.4,13
"15887","TAPI","HY",73,13.7,13
"15888","TAPI","AHY",63,13.4,14
"15889","TAPI","HY",66,11.9,14
"15890","TAPI","HY",75,14.1,14
"15891","TAPI","HY",73,11.5,14
"15892","TAPI","HY",68,12.3,14
"15893","TAPI","AHY",73,12.7,14
"15894","SIFL","HY",72,10.5,14
"15895","SIFL","AHY",76,10.9,14
"15896","SIFL","HY",72,11.2,14
"15897","TAPI","HY",72,11.7,14
"15898","SIFL","AHY",71,13.5,14
"15899","TAPI","HY",69,12.3,14
"15900","TAPI","HY",70,12.9,14
"15901","TAPI","HY",69,10.5,14
"15902","SIFL","HY",71,12,14
"15903","TAPI","HY",71,10.4,14
"15904","TAPI","HY",69,12.5,14
"15905","TAPI","HY",73,14.1,14
"15906","TAPI","HY",72,12.7,14
"15907","SIFL","HY",70,11.4,14
"15908","SIFL","HY",69,11,14
"15909","TAPI","HY",71,11.9,14
"15910","SIFL","HY",71,10.4,14
"15911","SIFL","HY",72,11.8,14
"15912","SIFL","HY",73,11.6,14
"15913","TAPI","HY",69,11.7,14
"15914","TAPI","HY",74,12,14
"15915","SIFL","AHY",71,11.3,14
"15916","SIFL","HY",70,10.7,14
"15917","SIFL","HY",71,11.3,14
"15918","SIFL","HY",71,12.9,14
"15919","TAPI","HY",69,10.8,14
"15920","SIFL","HY",70,10.4,14
"15921","SIFL","HY",69,11.1,14
"15922","SIFL","HY",73,10.9,14
"15923","SIFL","HY",72,11.6,14
"15924","SIFL","HY",72,12.4,14
"15925","SIFL","HY",70,11.4,14
"15926","SIFL","HY",71,11.9,14
"15927","SIFL","HY",69,12,14
"15928","DUSA","AHY",115,53,14
"15929","DUSA","AHY",111,48.4,14
"15930","DUSA","HY",111,49.1,14
"15931","DUSA","HY",107,44.2,14
"15932","DUSA","AHY",115,61.3,14
"15933","DUSA","AHY",112,53,14
"15934","DUSA","AHY",112,50.4,14
"15935","DUSA","HY",112,50.1,14
"15936","DUSA","AHY",113,48.6,14
"15937","DUSA","AHY",113,53.6,14
"15938","DUSA","HY",110,52.2,14
"15939","SIFL","HY",71,10.7,14
"15940","TAPI","HY",69,12.1,14
"15941","SIFL","HY",69,10.7,14
"15942","SIFL","AHY",74,14.1,14
"15943","SIFL","HY",70,13,14
"15944","SIFL","HY",71,12.8,14
"15945","TAPI","HY",69,14.1,14
"15946","SIFL","AHY",70.5,12.3,14
"15947","TAPI","AHY",71,11.5,14
"15948","TAPI","AHY",70,12.4,14
"15949","SIFL","HY",71,13.3,14
"15950","SIFL","AHY",76,12.5,14
"15951","SIFL","HY",67,10.2,14
"15952","SIFL","HY",72,12.1,14
"15953","SIFL","HY",72,10.5,14
"15954","SIFL","HY",69,11.1,14
"15955","SIFL","HY",72,10.9,14
"15956","TAPI","HY",68,11.9,14
"15957","SIFL","AHY",73,13.6,14
"15958","SIFL","HY",71,12.5,14
"15959","SIFL","HY",73,11.8,14
"15960","SIFL","HY",75,NA,14
"15961","SIFL","HY",75,12,14
"15962","SIFL","HY",72,11,14
"15963","SIFL","HY",70,NA,14
"15964","SIFL","HY",74,12.4,14
"15965","SIFL","HY",73,11.5,14
"15966","SIFL","HY",70,10.8,14
"15967","SIFL","HY",72,12.1,14
"15968","SIFL","HY",70,10.9,14
"15969","SIFL","HY",70,10.3,14
"15970","SIFL","HY",73,12.4,14
"15971","TAPI","HY",73,12.3,14
"15972","SIFL","HY",75,12.6,14
"15973","SIFL","HY",72,12.9,14
"15974","SIFL","HY",73,11.8,14
"15975","SIFL","HY",73,11.7,14
"15976","SIFL","HY",70,11.7,14
"15977","SIFL","AHY",74,12.5,14
"15978","SIFL","HY",70,10.9,14
"15979","SIFL","HY",74,13.8,14
"15980","SIFL","AHY",70,11.2,14
"15981","SIFL","AHY",75,12,14
"15982","SIFL","HY",73,11.4,14
"15983","SIFL","HY",73,13.1,14
"15984","SIFL","HY",70,11.2,14
"15985","SIFL","AHY",72,12.2,14
"15986","SIFL","HY",70,11,14
"15987","TAPI","AHY",73,11.6,14
"15988","SIFL","AHY",68,11.1,14
"15989","SIFL","HY",73,13.6,14
"15990","SIFL","HY",70,12.4,14
"15991","TAPI","AHY",72,11.9,14
"15992","SIFL","HY",69,10.5,14
"15993","TAPI","AHY",69,12,14
"15994","SIFL","AHY",71.5,12,14
"15995","TAPI","HY",69,10.9,14
"15996","SIFL","HY",69,11,14
"15997","TAPI","HY",72,12.9,14
"15998","SIFL","HY",69,13.2,14
"15999","TAPI","AHY",71.5,13.1,14
"16000","SIFL","HY",70,11.9,14
"16001","TAPI","AHY",70,12,14
"16002","SIFL","HY",70,12.3,14
"16003","SIFL","HY",71,12.1,14
"16004","TAPI","HY",72,NA,14
"16005","SIFL","HY",71.5,10.4,14
"16006","SIFL","HY",73,11.3,14
"16007","SIFL","HY",73,12.6,14
"16008","TAPI","HY",70,11.5,14
"16009","SIFL","HY",71.5,13.4,14
"16010","TAPI","AHY",70,11.9,14
"16011","SIFL","HY",69,11.7,14
"16012","SIFL","AHY",76,12.5,14
"16013","TAPI","AHY",68,12.5,14
"16014","DUSA","HY",112,54.4,14
"16015","JABO","HY",114,44.8,14
"16016","DUSA","AHY",117,50.1,14
"16017","DUSA","HY",110,53.3,14
"16018","DUSA","AHY",120,60.1,14
"16019","DUSA","HY",110,47.1,14
"16020","DUSA","HY",113,48.5,14
"16021","DUSA","AHY",114,53.5,14
"16022","DUSA","AHY",116,55,14
"16023","DUSA","AHY",113,49.9,14
"16024","DUSA","AHY",117,57.4,14
"16025","DUSA","HY",113,55.1,14
"16026","DUSA","AHY",116,51.6,14
"16027","DUSA","AHY",115,47.5,14
"16028","DUSA","HY",112,54.8,14
"16029","DUSA","HY",111,52.8,14
"16030","DUSA","HY",110,57.6,14
"16031","DUSA","AHY",118,54,14
"16032","DUSA","HY",110,53.7,14
"16033","DUSA","HY",113,59.5,14
"16034","DUSA","HY",110,46.2,14
"16035","DUSA","AHY",108.5,51,14
"16036","DUSA","AHY",107,52.5,14
"16037","DUSA","HY",110.5,48.2,14
"16038","DUSA","AHY",117,56.2,14
"16039","DUSA","AHY",109,45.3,14
"16040","DUSA","AHY",110,55,14
"16041","DUSA","AHY",109,NA,14
"16042","DUSA","HY",109,55.2,14
"16043","DUSA","AHY",107,44.7,14
"16044","DUSA","HY",113,55.5,14
"16045","DUSA","HY",108,54.1,14
"16046","DUSA","AHY",113,55.3,14
"16047","DUSA","HY",104,51.1,14
"16048","DUSA","AHY",115,61.8,14
"16049","DUSA","AHY",109,49.2,14
"16050","SIFL","HY",72,11.2,14
"16051","TAPI","HY",71,12,14
"16052","SIFL","HY",70,10.4,14
"16053","SIFL","HY",78,11,14
"16054","SIFL","AHY",72.5,11.4,14
"16055","SIFL","HY",69,11.8,14
"16056","SIFL","HY",70,11.3,14
"16057","SIFL","AHY",72,11.1,14
"16058","SIFL","HY",71,13.2,14
"16059","SIFL","HY",71,11.1,14
"16060","SIFL","HY",75,12.4,14
"16061","SIFL","HY",76,11.1,14
"16062","SIFL","HY",72,11.3,14
"16063","SIFL","AHY",73,12.6,14
"16064","SIFL","HY",72,13,14
"16065","SIFL","AHY",76,11.8,14
"16066","SIFL","HY",70,11.6,14
"16067","SIFL","AHY",75,12,14
"16068","SIFL","HY",72,11.2,14
"16069","SIFL","HY",74,11.8,14
"16070","SIFL","HY",70,11.7,14
"16071","SIFL","HY",73,12.9,14
"16072","SIFL","AHY",71,12.7,14
"16073","SIFL","HY",69,10.2,14
"16074","SIFL","HY",73,10.9,14
"16075","SIFL","HY",74,10.9,14
"16076","SIFL","HY",71,11.7,14
"16077","SIFL","HY",69,12.5,14
"16078","SIFL","HY",69,9.5,14
"16079","SIFL","HY",70,12.2,14
"16080","SIFL","HY",73,12.8,14
"16081","SIFL","HY",74,12.7,14
"16082","SIFL","HY",71,12.2,14
"16083","SIFL","HY",68,11.5,14
"16084","SIFL","HY",76,11.3,14
"16085","SIFL","AHY",70,13.6,14
"16086","SIFL","HY",NA,14,14
"16087","SIFL","AHY",70,11.4,14
"16088","SIFL","AHY",72,11.6,14
"16089","SIFL","HY",68,11.2,14
"16090","SIFL","HY",69,10.2,14
"16091","TAPI","AHY",74,14.5,14
"16092","SIFL","HY",72,11.6,14
"16093","SIFL","HY",72.5,11.5,14
"16094","TAPI","HY",70,12.3,14
"16095","SIFL","HY",71,10.2,14
"16096","TAPI","HY",69,11.3,14
"16097","TAPI","HY",69,11.3,14
"16098","SIFL","HY",73,12.2,14
"16099","SIFL","AHY",71,11.6,14
"16100","SIFL","HY",72,11.9,14
"16101","SIFL","AHY",71,12.8,14
"16102","SIFL","HY",71,10.2,14
"16103","SIFL","HY",72,12.5,14
"16104","SIFL","HY",69,11.2,14
"16105","TAPI","HY",72,9.8,14
"16106","SIFL","HY",74,13.8,14
"16107","SIFL","HY",76,13.7,14
"16108","SIFL","AHY",74,12.5,14
"16109","SIFL","HY",72,14,14
"16110","SIFL","HY",73,14.2,14
"16111","SIFL","HY",69,12.2,14
"16112","SIFL","HY",73,14.4,14
"16113","SIFL","HY",70,11.7,14
"16114","SIFL","HY",69,10.4,14
"16115","TAPI","HY",70,11.4,14
"16116","TAPI","HY",70,11.8,14
"16117","SIFL","HY",73,11.3,14
"16118","SIFL","AHY",73,13.2,14
"16119","SIFL","HY",70,13.2,14
"16120","SIFL","HY",71,12.3,14
"16121","SIFL","HY",71,14,14
"16122","SIFL","HY",71,13.5,14
"16123","SIFL","HY",72,12,14
"16124","SIFL","HY",70,12.6,14
"16125","SIFL","HY",74,11.3,14
"16126","SIFL","HY",74,11.9,14
"16127","SIFL","HY",72,12,14
"16128","SIFL","AHY",71,12.9,14
"16129","SIFL","HY",72,12,14
"16130","SIFL","HY",72,12.9,14
"16131","SIFL","HY",70.5,12.2,14
"16132","SIFL","HY",75,13.1,14
"16133","SIFL","HY",69,11.3,14
"16134","SIFL","HY",72,12.7,14
"16135","SIFL","HY",71,12,14
"16136","SIFL","HY",73,12.3,14
"16137","SIFL","HY",72,13.6,14
"16138","SIFL","AHY",75,NA,14
"16139","SIFL","HY",71,11.7,14
"16140","TAPI","AHY",73,13.5,14
"16141","SIFL","HY",69,11.6,14
"16142","SIFL","HY",72,12.8,14
"16143","SIFL","HY",62,11.3,14
"16144","SIFL","HY",69,11.2,14
"16145","SIFL","AHY",70,14.3,14
"16146","SIFL","AHY",74,13.4,14
"16147","SIFL","AHY",75.5,13.7,14
"16148","SIFL","HY",70,12.3,14
"16149","TAPI","AHY",71,12.5,14
"16150","SIFL","HY",67,11.2,14
"16151","DUSA","HY",109,46.4,14
"16152","DUSA","HY",120,57.7,14
"16153","DUSA","HY",115,50.6,14
"16154","DUSA","AHY",114,52.9,14
"16155","DUSA","AHY",110,53.4,14
"16156","DUSA","AHY",111,56.1,14
"16157","DUSA","AHY",110,50,14
"16158","DUSA","AHY",113,55.8,14
"16159","DUSA","AHY",114,51.8,14
"16160","DUSA","AHY",115,56.5,14
"16161","DUSA","HY",114,56.4,14
"16162","DUSA","AHY",111,55.3,14
"16163","DUSA","HY",117,55.3,14
"16164","DUSA","AHY",115,51.4,14
"16165","DUSA","AHY",114,52.7,14
"16166","DUSA","AHY",117,53.6,14
"16167","DUSA","AHY",112,51.7,14
"16168","DUSA","AHY",116,51.4,14
"16169","DUSA","AHY",117,55.2,14
"16170","DUSA","AHY",113,50.7,14
"16171","DUSA","HY",110,45.5,14
"16172","DUSA","HY",110,45.9,14
"16173","DUSA","AHY",110,56.5,14
"16174","DUSA","AHY",112,48.8,14
"16175","DUSA","AHY",116,56.1,14
"16176","DUSA","AHY",115,59,14
"16177","DUSA","AHY",105,52.7,14
"16178","DUSA","AHY",113,55.6,14
"16179","DUSA","AHY",108,50,14
"16180","DUSA","HY",105,50.3,14
"16181","DUSA","AHY",116,57,14
"16182","DUSA","AHY",109,54,14
"16183","DUSA","AHY",109,52.4,14
"16184","DUSA","HY",115,50.9,14
"16185","DUSA","AHY",117,52.2,14
"16186","DUSA","AHY",112,54.3,14
"16187","DUSA","HY",109,52.7,14
"16188","DUSA","AHY",114,53,14
"16189","DUSA","HY",111,53.5,14
"16190","DUSA","AHY",111,56.5,14
"16191","DUSA","HY",114,53.5,14
"16192","DUSA","HY",115,48.3,14
"16193","DUSA","HY",116,56.8,14
"16194","DUSA","HY",117,58,14
"16195","DUSA","AHY",117,54.7,14
"16196","DUSA","HY",117,53.6,14
"16197","DUSA","AHY",119,55.9,14
"16198","DUSA","AHY",110,50,14
"16199","DUSA","AHY",114,57.5,14
"16200","DUSA","AHY",114,56.5,14
"16201","DUSA","AHY",108,50.2,14
"16202","DUSA","AHY",112,54.4,14
"16203","DUSA","AHY",115,57.8,14
"16204","DUSA","AHY",107,53.2,14
"16205","DUSA","AHY",119,60.6,14
"16206","DUSA","AHY",118,54.6,14
"16207","DUSA","AHY",113,60.6,14
"16208","DUSA","AHY",116,52.5,14
"16209","DUSA","HY",110,53.1,14
"16210","DUSA","AHY",113,61.4,14
"16211","DUSA","AHY",110,46.3,14
"16212","DUSA","AHY",113,52.1,14
"16213","DUSA","AHY",114,53.7,14
"16214","DUSA","HY",108,46,14
"16215","SIFL","HY",72,11.1,14
"16216","SIFL","HY",73,12.1,14
"16217","SIFL","HY",72,11.3,14
"16218","SIFL","HY",72,10.1,14
"16219","SIFL","HY",70,11.7,14
"16220","SIFL","HY",75,10.9,14
"16221","SIFL","HY",70,10.1,14
"16222","SIFL","HY",71,10.9,14
"16223","SIFL","HY",72,12.3,14
"16224","SIFL","HY",70,12.4,14
"16225","SIFL","HY",70,10.4,14
"16226","SIFL","HY",72,11.5,14
"16227","SIFL","HY",71,12.3,14
"16228","SIFL","HY",73,12.4,14
"16229","SIFL","HY",69,12.6,14
"16230","SIFL","HY",70,13.9,14
"16231","SIFL","HY",76,17.1,14
"16232","SIFL","HY",72,10.3,14
"16233","SIFL","HY",74,12,14
"16234","SIFL","HY",70,10.9,14
"16235","SIFL","HY",71,11.4,14
"16236","SIFL","HY",75,11.3,14
"16237","SIFL","HY",74,11.7,14
"16238","SIFL","HY",73,10.7,14
"16239","SIFL","HY",73,14.4,14
"16240","SIFL","HY",71,11.1,14
"16241","SIFL","HY",69,10.5,14
"16242","SIFL","HY",71,11.1,14
"16243","SIFL","AHY",73,11.1,14
"16244","SIFL","HY",70,11.3,14
"16245","SIFL","AHY",72,13.2,14
"16246","SIFL","HY",69,10.2,14
"16247","SIFL","HY",68,10.2,14
"16248","SIFL","HY",72,11.6,14
"16249","SIFL","HY",73,11.1,14
"16250","SIFL","HY",71,12.7,14
"16251","SIFL","AHY",74,12.5,14
"16252","SIFL","AHY",73,11.4,14
"16253","SIFL","AHY",69,10.8,14
"16254","SIFL","HY",71,11.9,14
"16255","SIFL","HY",73,10.9,14
"16256","SIFL","HY",73,13.5,14
"16257","SIFL","HY",75,11.1,14
"16258","SIFL","HY",75,12.5,14
"16259","SIFL","HY",70,11.5,14
"16260","SIFL","AHY",75,12.2,14
"16261","SIFL","AHY",72,10.3,14
"16262","SIFL","HY",69,9.9,14
"16263","SIFL","HY",75,12.1,14
"16264","SIFL","HY",68,10.9,14
"16265","SIFL","AHY",73,11.7,14
"16266","SIFL","HY",71,11,14
"16267","SIFL","HY",70,10.6,14
"16268","SIFL","HY",71,11.2,14
"16269","SIFL","HY",69,NA,14
"16270","SIFL","HY",71,10.6,14
"16271","SIFL","HY",73,11.2,14
"16272","SIFL","HY",73,11.3,14
"16273","SIFL","HY",70,11.1,14
"16274","SIFL","HY",74,11.9,14
"16275","SIFL","AHY",78,14.3,14
"16276","SIFL","HY",72,10.6,14
"16277","SIFL","AHY",73,11.5,14
"16278","SIFL","HY",70.5,11.5,14
"16279","SIFL","HY",71,12.5,14
"16280","TAPI","HY",72,11.1,14
"16281","TAPI","HY",69,9.9,14
"16282","SIFL","HY",71,9.5,14
"16283","SIFL","HY",79,16.6,14
"16284","SIFL","AHY",73,10.9,14
"16285","TAPI","AHY",70,11.9,14
"16286","SIFL","AHY",80,17.8,14
"16287","SIFL","HY",72,12,14
"16288","SIFL","HY",68,11.4,14
"16289","SIFL","HY",71,11.5,14
"16290","SIFL","HY",72,13.7,14
"16291","SIFL","AHY",72,11.5,14
"16292","TAPI","HY",72,10.4,14
"16293","SIFL","HY",72,10.6,14
"16294","SIFL","HY",71,12.4,14
"16295","SIFL","AHY",69,11.1,14
"16296","SIFL","HY",68,11.4,14
"16297","SIFL","AHY",73,14,14
"16298","SIFL","HY",72,12.6,14
"16299","SIFL","HY",73,11.1,14
"16300","SIFL","HY",70,11.1,14
"16301","SIFL","HY",71,13.6,14
"16302","SIFL","HY",71,13.9,14
"16303","SIFL","HY",73,13.6,14
"16304","SIFL","AHY",72,14.4,14
"16305","SIFL","HY",69,10.3,14
"16306","SIFL","HY",74,14.3,14
"16307","SIFL","HY",76,15.3,14
"16308","SIFL","HY",72,11.2,14
"16309","SIFL","HY",69,12.4,14
"16310","SIFL","HY",69,10.8,14
"16311","SIFL","AHY",72,11.5,14
"16312","SIFL","HY",71,11.9,14
"16313","SIFL","AHY",72,14.1,14
"16314","SIFL","HY",71,11.3,14
"16315","SIFL","HY",68,11.1,14
"16316","SIFL","AHY",73,11,14
"16317","SIFL","AHY",73,12.3,14
"16318","SIFL","HY",73,14.6,14
"16319","SIFL","HY",74,11.2,14
"16320","SIFL","HY",73,11.5,14
"16321","TAPI","HY",65,10.5,14
"16322","SIFL","HY",70,11.2,14
"16323","SIFL","HY",69,10.8,14
"16324","SIFL","HY",67,10.8,14
"16325","SIFL","HY",73,NA,14
"16326","TAPI","HY",70,11.4,14
"16327","SIFL","HY",NA,12.2,14
"16328","SIFL","AHY",NA,NA,14
"16329","SIFL","AHY",NA,NA,14
"16330","SIFL","HY",NA,NA,14
"16331","SIFL","AHY",NA,NA,14
"16332","SIFL","HY",NA,NA,14
"16333","SIFL","HY",NA,NA,14
"16334","SIFL","HY",NA,NA,14
"16335","SIFL","HY",NA,NA,14
"16336","SIFL","HY",NA,NA,14
"16337","SIFL","HY",NA,NA,14
"16338","SIFL","HY",NA,NA,14
"16339","SIFL","HY",75,13.7,14
"16340","SIFL","HY",NA,NA,14
"16341","SIFL","HY",NA,NA,14
"16342","SIFL","HY",NA,NA,14
"16343","SIFL","HY",NA,NA,14
"16344","SIFL","HY",NA,9.8,14
"16345","SIFL","AHY",NA,NA,14
"16346","SIFL","HY",NA,NA,14
"16347","SIFL","HY",NA,NA,14
"16348","SIFL","HY",NA,NA,14
"16349","SIFL","HY",NA,NA,14
"16350","SIFL","AHY",70,NA,14
"16351","SIFL","AHY",NA,NA,14
"16352","SIFL","AHY",NA,NA,14
"16353","SIFL","AHY",NA,NA,14
"16354","SIFL","AHY",NA,NA,14
"16355","SIFL","HY",NA,NA,14
"16356","SIFL","HY",NA,NA,14
"16357","SIFL","HY",NA,NA,14
"16358","SIFL","HY",NA,NA,14
"16359","SIFL","HY",NA,NA,14
"16360","SIFL","HY",NA,NA,14
"16361","SIFL","HY",NA,NA,14
"16362","SIFL","HY",NA,NA,14
"16363","SIFL","AHY",NA,NA,14
"16364","SIFL","AHY",NA,NA,14
"16365","SIFL","AHY",NA,NA,14
"16366","SIFL","HY",NA,NA,14
"16367","SIFL","AHY",NA,NA,14
"16368","SIFL","AHY",NA,NA,14
"16369","SIFL","HY",NA,NA,14
"16370","SIFL","HY",NA,NA,14
"16371","SIFL","AHY",NA,NA,14
"16372","SIFL","AHY",NA,NA,14
"16373","SIFL","HY",NA,NA,14
"16374","SIFL","HY",NA,NA,14
"16375","SIFL","HY",NA,NA,14
"16376","SIFL","HY",NA,NA,14
"16377","SIFL","HY",NA,NA,14
"16378","SIFL","HY",NA,NA,14
"16379","SIFL","HY",NA,NA,14
"16380","SIFL","AHY",NA,NA,14
"16381","SIFL","HY",NA,NA,14
"16382","SIFL","AHY",NA,NA,14
"16383","SIFL","HY",NA,NA,14
"16384","SIFL","HY",NA,NA,14
"16385","SIFL","HY",NA,NA,14
"16386","SIFL","HY",NA,NA,14
"16387","SIFL","HY",NA,NA,14
"16388","SIFL","HY",NA,NA,14
"16389","SIFL","HY",NA,NA,14
"16390","SIFL","HY",NA,NA,14
"16391","SIFL","AHY",NA,NA,14
"16392","SIFL","AHY",NA,NA,14
"16393","DUSA","HY",110,56.3,14
"16394","DUSA","AHY",116,56,14
"16395","DUSA","AHY",117,55.5,14
"16396","DUSA","HY",109,53.1,14
"16397","DUSA","AHY",117,59.7,14
"16398","DUSA","HY",111,57,14
"16399","DUSA","HY",112,54.1,14
"16400","DUSA","AHY",115,52.9,14
"16401","DUSA","HY",109,53.1,14
"16402","DUSA","HY",119,59.3,14
"16403","DUSA","AHY",121,52.7,14
"16404","DUSA","AHY",117,53.6,14
"16405","DUSA","HY",115,54.4,14
"16406","JABO","AHY",111,59.4,14
"16407","DUSA","AHY",NA,NA,14
"16408","DUSA","AHY",NA,NA,14
"16409","DUSA","AHY",NA,NA,14
"16410","JABO","AHY",115,48.2,14
"16411","JABO","AHY",115,44.8,14
"16412","SIFL","HY",72.5,11.3,14
"16413","SIFL","HY",71,11.3,14
"16414","SIFL","HY",70,12.1,14
"16415","SIFL","HY",72,12.5,14
"16416","SIFL","HY",71,10.8,14
"16417","SIFL","AHY",72,12.5,14
"16418","SIFL","HY",70,10.5,14
"16419","SIFL","HY",68,10.7,14
"16420","SIFL","HY",73,11.8,14
"16421","SIFL","HY",68,10.1,14
"16422","SIFL","HY",72,11.3,14
"16423","SIFL","HY",72,12,14
"16424","SIFL","AHY",72,13.6,14
"16425","SIFL","AHY",76,12.1,14
"16426","SIFL","HY",76,16,14
"16427","SIFL","HY",71,11.1,14
"16428","SIFL","AHY",70,11.8,14
"16429","SIFL","HY",73,11,14
"16430","SIFL","HY",72,12.5,14
"16431","SIFL","HY",68,12.1,14
"16432","SIFL","HY",70,NA,14
"16433","SIFL","HY",72,14.6,14
"16434","SIFL","HY",70,12.6,14
"16435","SIFL","AHY",72,11.3,14
"16436","SIFL","HY",70,11.6,14
"16437","SIFL","HY",72,11.4,14
"16438","SIFL","AHY",75,12.7,14
"16439","SIFL","HY",69,11.8,14
"16440","SIFL","HY",75,15.1,14
"16441","SIFL","HY",72,12.4,14
"16442","SIFL","HY",73,13.3,14
"16443","SIFL","AHY",74,12.4,14
"16444","SIFL","HY",74,11.3,14
"16445","SIFL","HY",76,9.8,14
"16446","SIFL","AHY",71,12.5,14
"16447","SIFL","HY",73,12.3,14
"16448","SIFL","HY",71,12.3,14
"16449","SIFL","AHY",71,11.5,14
"16450","SIFL","AHY",74,14.7,14
"16451","SIFL","HY",70,11,14
"16452","SIFL","HY",72,11.6,14
"16453","SIFL","AHY",72,11.1,14
"16454","SIFL","AHY",71,11.9,14
"16455","SIFL","HY",71,12.6,14
"16456","SIFL","HY",70,12.5,14
"16457","SIFL","HY",68,10.8,14
"16458","SIFL","AHY",71,11.6,14
"16459","SIFL","HY",71,11.2,14
"16460","SIFL","HY",68,11.2,14
"16461","DUSA","AHY",111,54.3,14
"16462","DUSA","AHY",117,64.3,14
"16463","DUSA","HY",116,58,14
"16464","DUSA","AHY",113,53.5,14
"16465","JABO","HY",112,55,14
"16466","JABO","AHY",112,49.1,14
"16467","JABO","AHY",110,54.4,14
"16468","JABO","HY",112,49.6,14
"16469","JABO","HY",117,54.5,14
"16470","JABO","HY",109,57.4,14
"16471","JABO","AHY",112,49.6,14
"16472","JABO","AHY",113.5,58.7,14
"16473","DUSA","HY",108,51.7,14
"16474","DUSA","HY",113,52.1,14
"16475","DUSA","AHY",110,55.9,14
"16476","DUSA","AHY",113,52.7,14
"16477","DUSA","HY",108,49,14
"16478","DUSA","AHY",119,56.7,14
"16479","DUSA","AHY",116,54,14
"16480","DUSA","HY",115,52.7,14
"16481","DUSA","AHY",119,56.7,14
"16482","JABO","AHY",113,52.6,14
"16483","JABO","AHY",115,47.8,14
"16484","DUSA","AHY",112,54.8,14
"16485","DUSA","AHY",113,59.9,14
"16486","DUSA","AHY",125,57.9,14
"16487","DUSA","AHY",120,50,14
"16488","DUSA","AHY",112,44.7,14
"16489","JABO","AHY",111,46.2,14
"16490","JABO","AHY",110,50.8,14
"16491","JABO","HY",110,52.4,14
"16492","DUSA","AHY",115,57.4,14
"16493","SIFL","AHY",74,13.3,14
"16494","SIFL","HY",70,11.8,14
"16495","SIFL","HY",72,11.2,14
"16496","SIFL","HY",72,10.3,14
"16497","SIFL","AHY",75,13.3,14
"16498","SIFL","AHY",76,14.6,14
"16499","SIFL","HY",71,13.2,14
"16500","SIFL","AHY",69,11.4,14
"16501","SIFL","HY",73,11.4,14
"16502","SIFL","HY",NA,12,14
"16503","SIFL","AHY",69,11.2,14
"16504","SIFL","AHY",74,10.3,14
"16505","SIFL","AHY",75,11.3,14
"16506","SIFL","AHY",70,10.6,14
"16507","SIFL","AHY",75,11,14
"16508","SIFL","HY",74,11.6,14
"16509","SIFL","AHY",74,12.2,14
"16510","SIFL","AHY",73,12.1,14
"16511","SIFL","HY",72,11.4,14
"16512","SIFL","HY",68,9.7,14
"16513","SIFL","HY",70,11.2,14
"16514","SIFL","AHY",69,10.7,14
"16515","SIFL","AHY",73,12.1,14
"16516","SIFL","AHY",74,12,14
"16517","SIFL","HY",72,11.5,14
"16518","SIFL","HY",72,11.5,14
"16519","SIFL","HY",68,NA,14
"16520","SIFL","HY",72,12.1,14
"16521","SIFL","HY",72,11.5,14
"16522","SIFL","AHY",69,11,14
"16523","SIFL","HY",73.5,14.4,14
"16524","SIFL","HY",72,14.4,14
"16525","SIFL","AHY",72,11.8,14
"16526","SIFL","AHY",69,10.7,14
"16527","SIFL","AHY",74,12.3,14
"16528","SIFL","AHY",71,10.5,14
"16529","SIFL","HY",72,12.4,14
"16530","SIFL","AHY",72,12.4,14
"16531","SIFL","HY",70,11.2,14
"16532","SIFL","AHY",75,12.5,14
"16533","SIFL","HY",75,13.3,14
"16534","SIFL","HY",72,12,14
"16535","SIFL","AHY",72,10.7,14
"16536","SIFL","AHY",73,12.5,14
"16537","SIFL","HY",73,14,14
"16538","SIFL","HY",68,12.3,14
"16539","SIFL","HY",74,13.2,14
"16540","SIFL","AHY",72,11.6,14
"16541","SIFL","AHY",74,14.3,14
"16542","SIFL","AHY",73,NA,14
"16543","SIFL","AHY",75,13.1,14
"16544","SIFL","AHY",73,12.2,14
"16545","DUSA","AHY",NA,NA,14
"16546","DUSA","AHY",116,60.3,14
"16547","DUSA","AHY",117,53.8,14
"16548","DUSA","AHY",116,61.1,14
"16549","DUSA","AHY",118,53.7,14
"16550","DUSA","AHY",109,53.7,14
"16551","DUSA","AHY",119,66.2,14
"16552","JABO","AHY",114,42.4,14
"16553","JABO","AHY",114,43.4,14
"16554","DUSA","AHY",111,57.5,14
"16555","DUSA","AHY",112,58.9,14
"16556","DUSA","AHY",111,53.8,14
"16557","DUSA","AHY",119,60.3,14
"16558","DUSA","HY",103,49.8,14
"16559","DUSA","AHY",112,55.9,14
"16560","DUSA","AHY",107,47.7,14
"16561","DUSA","AHY",118,57.9,14
"16562","DUSA","HY",115,52.1,14
"16563","DUSA","AHY",119,56,14
"16564","DUSA","AHY",113,47.5,14
"16565","DUSA","AHY",120,63.1,14
"16566","DUSA","AHY",115,54.9,14
"16567","DUSA","AHY",120,58,14
"16568","DUSA","AHY",111,53.5,14
"16569","DUSA","AHY",118,59.8,14
"16570","DUSA","AHY",123,61.4,14
"16571","DUSA","AHY",120,57.7,14
"16572","DUSA","AHY",112,53.9,14
"16573","DUSA","AHY",116,55.5,14
"16574","DUSA","AHY",117,NA,14
"16575","DUSA","AHY",119,58.5,14
"16576","DUSA","AHY",115,57.2,14
"16577","DUSA","AHY",117,55.4,14
"16578","DUSA","AHY",115,56.5,14
"16579","DUSA","AHY",114,56.2,14
"16580","DUSA","AHY",118,63.9,14
"16581","DUSA","AHY",112,55.7,14
"16582","DUSA","AHY",109,54.4,14
"16583","DUSA","AHY",114,52.4,14
"16584","DUSA","AHY",114,53.3,14
"16585","DUSA","AHY",119,63.4,14
"16586","DUSA","AHY",119,64.8,14
"16587","DUSA","HY",114,55.3,14
"16588","DUSA","AHY",119,58.8,14
"16589","DUSA","AHY",113,55.4,14
"16590","DUSA","AHY",120,62.2,14
"16591","DUSA","HY",117,52.7,14
"16592","DUSA","AHY",118,56.5,14
"16593","DUSA","AHY",117,58.4,14
"16594","DUSA","AHY",110,52.8,14
"16595","DUSA","AHY",121,61.8,14
"16596","DUSA","AHY",114,55.5,14
"16597","SIFL","HY",71,10.3,14
"16598","SIFL","HY",70.5,10.7,14
"16599","SIFL","HY",68,9.4,14
"16600","SIFL","AHY",78,12.9,14
"16601","SIFL","HY",70,10.8,14
"16602","SIFL","HY",70,11.3,14
"16603","SIFL","HY",72,11.4,14
"16604","SIFL","HY",75,15.5,14
"16605","SIFL","HY",72,11.2,14
"16606","SIFL","HY",73,11.4,14
"16607","SIFL","AHY",71,11,14
"16608","SIFL","AHY",73,12.7,14
"16609","SIFL","AHY",72,12.1,14
"16610","SIFL","AHY",71,11.9,14
"16611","SIFL","HY",72,12.1,14
"16612","SIFL","HY",70,11.7,14
"16613","SIFL","AHY",71,14,14
"16614","SIFL","HY",71,13.8,14
"16615","SIFL","HY",75,11.7,14
"16616","SIFL","HY",72,11.4,14
"16617","SIFL","AHY",74,11.7,14
"16618","SIFL","HY",73,10.5,14
"16619","SIFL","HY",67,10.3,14
"16620","SIFL","AHY",77,12.1,14
"16621","SIFL","AHY",71,11.1,14
"16622","SIFL","HY",71,12.6,14
"16623","SIFL","HY",69,10.5,14
"16624","SIFL","HY",71,10.7,14
"16625","SIFL","AHY",72,10.7,14
"16626","SIFL","AHY",75,13,14
"16627","SIFL","AHY",73,13,14
"16628","SIFL","AHY",71,13.2,14
"16629","SIFL","AHY",69,10.5,14
"16630","SIFL","HY",70,11.7,14
"16631","SIFL","HY",71,12.1,14
"16632","SIFL","AHY",71.5,10.9,14
"16633","SIFL","HY",70,11.8,14
"16634","SIFL","AHY",71,11.6,14
"16635","SIFL","HY",70,12,14
"16636","SIFL","HY",72,11.2,14
"16637","SIFL","HY",76,NA,14
"16638","SIFL","HY",70,11.3,14
"16639","SIFL","HY",70,8.7,14
"16640","SIFL","HY",70,10.5,14
"16641","SIFL","HY",70,12.3,14
"16642","SIFL","HY",NA,12,14
"16643","SIFL","HY",70,11.7,14
"16644","SIFL","HY",70,11.7,14
"16645","SIFL","HY",70,12.5,14
"16646","SIFL","HY",72,13.2,14
"16647","SIFL","HY",72,13.8,14
"16648","SIFL","HY",72,10.6,14
"16649","SIFL","HY",73,11.3,14
"16650","SIFL","AHY",76,13.4,14
"16651","SIFL","HY",75,15.1,14
"16652","SIFL","HY",77,16.5,14
"16653","SIFL","HY",76,12.5,14
"16654","SIFL","HY",NA,11.4,14
"16655","DUSA","AHY",114,60.8,14
"16656","DUSA","AHY",110,55.1,14
"16657","DUSA","HY",111,57.9,14
"16658","DUSA","AHY",116,58.7,14
"16659","DUSA","AHY",110,52.9,14
"16660","DUSA","AHY",120,61.6,14
"16661","DUSA","AHY",114,54.7,14
"16662","DUSA","AHY",112,58.9,14
"16663","DUSA","AHY",118,59.5,14
"16664","DUSA","HY",108,49.9,14
"16665","DUSA","AHY",113,51.7,14
"16666","DUSA","AHY",119,63.8,14
"16667","DUSA","AHY",117,54.5,14
"16668","DUSA","AHY",118,52.1,14
"16669","DUSA","AHY",115,63.9,14
"16670","DUSA","AHY",114,56.8,14
"16671","DUSA","AHY",114,58.4,14
"16672","DUSA","AHY",109,52.1,14
"16673","DUSA","AHY",115,50.9,14
"16674","DUSA","AHY",115,56.9,14
"16675","DUSA","AHY",116,61.3,14
"16676","DUSA","AHY",110,53.7,14
"16677","DUSA","AHY",119,55.7,14
"16678","DUSA","AHY",113.5,56.8,14
"16679","DUSA","AHY",112,57.6,14
"16680","DUSA","AHY",114,54.2,14
"16681","DUSA","AHY",117,55.9,14
"16682","DUSA","AHY",117,57.1,14
"16683","SIFL","HY",73,11.7,14
"16684","SIFL","HY",71,11.4,14
"16685","SIFL","AHY",72,11,14
"16686","DUSA","AHY",115,57,14
"16687","DUSA","AHY",118,60.1,14
"16688","DUSA","AHY",119,62,14
"16689","DUSA","AHY",NA,NA,14
"16690","DUSA","AHY",115,53.4,14
"16691","SIFL","HY",73,11.7,14
"16692","SIFL","HY",74,13.9,14
"16693","SIFL","HY",74,12.5,14
"16694","SIFL","HY",72,10.7,14
"16695","SIFL","HY",73,13.7,14
"16696","SIFL","HY",69,11.3,14
"16697","SIFL","AHY",72,13.5,14
"16698","SIFL","HY",73,12,14
"16699","SIFL","HY",72,10.6,14
"16700","SIFL","HY",71,11.4,14
"16701","SIFL","HY",74,11.4,14
"16702","DUSA","AHY",114.5,57.2,14
"16703","DUSA","AHY",120,59.3,14
"16704","DUSA","AHY",119,55.6,14
"16705","DUSA","AHY",120,58.3,14
"16706","DUSA","AHY",112,55.7,14
"16707","DUSA","AHY",110,53.5,14
"16708","DUSA","AHY",118,63.4,14
"16709","DUSA","AHY",120,54.8,14
"16710","DUSA","AHY",115,57.9,14
"16711","DUSA","AHY",115,58.2,14
"16712","DUSA","HY",114,52.7,14
"16713","DUSA","AHY",113.5,55.1,14
"16714","DUSA","AHY",112,56.2,14
"16715","DUSA","HY",110,51.5,14
"16716","DUSA","AHY",116,54.9,14
"16717","DUSA","HY",114,53.2,14
"16718","DUSA","HY",110,51.6,14
"16719","DUSA","AHY",116,60.2,14
"16720","DUSA","HY",111,48.6,14
"16721","DUSA","HY",111,52.9,14
"16722","DUSA","HY",112,48.6,14
"16723","DUSA","AHY",116,59.7,14
"16724","DUSA","AHY",115,54.2,14
"16725","DUSA","AHY",116,52.1,14
"16726","DUSA","HY",112,54.2,14
"16727","DUSA","HY",118,48,14
"16728","DUSA","HY",113,49.3,14
"16729","DUSA","HY",111,46.5,14
"16730","DUSA","HY",110,55.8,14
"16731","DUSA","HY",114,58.9,14
"16732","DUSA","AHY",116,55.6,14
"16733","DUSA","HY",115,51,14
"16734","DUSA","HY",114,53.5,14
"16735","DUSA","AHY",116,53,14
"16736","DUSA","HY",110,48.1,14
"16737","DUSA","HY",115,54.8,14
"16738","DUSA","AHY",120,58.3,14
"16739","DUSA","HY",113,49.3,14
"16740","DUSA","HY",115,46.4,14
"16741","DUSA","AHY",113,61.2,14
"16742","DUSA","AHY",116,56.5,14
"16743","DUSA","AHY",113,56.5,14
"16744","DUSA","HY",108,51.1,14
"16745","DUSA","HY",112,53.7,14
"16746","DUSA","AHY",115,59.3,14
"16747","DUSA","AHY",113,53.4,14
"16748","JABO","HY",107.5,48.8,14
"16749","JABO","AHY",110,44.8,14
"16750","SIFL","HY",74,11.2,14
"16751","SIFL","HY",72,10.2,14
"16752","SIFL","HY",74,10.6,14
"16753","SIFL","AHY",75,11.1,14
"16754","SIFL","AHY",71,11.5,14
"16755","DUSA","HY",113,56.7,14
"16756","DUSA","HY",109,51,14
"16757","DUSA","AHY",114,60.4,14
"16758","DUSA","AHY",117,63.2,14
"16759","DUSA","AHY",117,59.4,14
"16760","DUSA","AHY",115,54.9,14
"16761","SIFL","HY",72,12.8,14
"16762","SIFL","HY",72,12.5,14
"16763","SIFL","HY",71,10.7,14
"16764","SIFL","HY",71,10.1,14
"16765","SIFL","AHY",72,12.4,14
"16766","SIFL","HY",69,9.4,14
"16767","SIFL","HY",70,10.6,14
"16768","SIFL","HY",70,11.2,14
"16769","SIFL","AHY",70,10.4,14
"16770","SIFL","HY",74,10.8,14
"16771","SIFL","AHY",75,12.5,14
"16772","SIFL","HY",73,13.7,14
"16773","SIFL","HY",72,12.1,14
"16774","SIFL","HY",74,11.9,14
"16775","SIFL","HY",75,11.1,14
"16776","SIFL","HY",72,11.7,14
"16777","SIFL","HY",70,11.3,14
"16778","SIFL","HY",69,12,14
"16779","SIFL","AHY",73,11.8,14
"16780","SIFL","HY",71,10.6,14
"16781","SIFL","HY",72,11.7,14
"16782","TAPI","HY",71,12.1,14
"16783","SIFL","AHY",69,10.5,14
"16784","SIFL","AHY",NA,12.5,14
"16785","SIFL","HY",73,10.9,14
"16786","SIFL","HY",69,10.1,14
"16787","SIFL","AHY",74,12.6,14
"16788","SIFL","HY",74,12.3,14
"16789","DUSA","AHY",112,55.7,14
"16790","DUSA","HY",116,63.7,14
"16791","DUSA","AHY",116,54.1,14
"16792","DUSA","AHY",116,54.6,14
"16793","DUSA","AHY",118,55.3,14
"16794","DUSA","HY",115,54.3,14
"16795","DUSA","HY",117,57.5,14
"16796","DUSA","AHY",108,47.5,14
"16797","DUSA","HY",106,45.4,14
"16798","DUSA","AHY",114,57.9,14
"16799","DUSA","AHY",118,61.4,14
"16800","TAPI","AHY",69,12.6,15
"16801","TAPI","HY",73,12.7,15
"16802","TAPI","HY",71,12.8,15
"16803","TAPI","HY",71,12.8,15
"16804","TAPI","HY",69,13.2,15
"16805","TAPI","HY",73,13.8,15
"16806","TAPI","AHY",75,11.8,15
"16807","TAPI","HY",71,12.8,15
"16808","TAPI","AHY",71,11.7,15
"16809","TAPI","HY",70,13,15
"16810","TAPI","HY",71,12.1,15
"16811","SIFL","HY",75,15.7,15
"16812","TAPI","AHY",74,14.1,15
"16813","TAPI","HY",70,9.4,15
"16814","TAPI","HY",68,13.1,15
"16815","TAPI","HY",70,11.9,15
"16816","TAPI","HY",71,11.9,15
"16817","TAPI","AHY",73,12.8,15
"16818","TAPI","AHY",72,13.8,15
"16819","TAPI","HY",74,13.2,15
"16820","TAPI","AHY",71,13.3,15
"16821","TAPI","HY",72,13.4,15
"16822","TAPI","HY",71,11.9,15
"16823","TAPI","AHY",70,13.2,15
"16824","TAPI","HY",71.5,13,15
"16825","TAPI","HY",68,12.7,15
"16826","TAPI","AHY",65,12.6,15
"16827","TAPI","AHY",69,12.2,15
"16828","TAPI","AHY",69,11.6,15
"16829","TAPI","HY",68,13.5,15
"16830","TAPI","HY",70,13.1,15
"16831","TAPI","AHY",72,11.9,15
"16832","TAPI","HY",71,13.1,15
"16833","TAPI","HY",72,13.3,15
"16834","TAPI","AHY",69,13.1,15
"16835","TAPI","HY",70,13.3,15
"16836","TAPI","AHY",73,12.8,15
"16837","TAPI","AHY",69,12.3,15
"16838","TAPI","HY",74,13.7,15
"16839","SIFL","HY",69,11.5,15
"16840","TAPI","HY",70,12.2,15
"16841","TAPI","AHY",70,12.5,15
"16842","TAPI","AHY",70,12.8,15
"16843","TAPI","HY",70,12,15
"16844","TAPI","HY",73,12.9,15
"16845","TAPI","HY",69,12.9,15
"16846","TAPI","AHY",71,12.2,15
"16847","TAPI","AHY",69,12.9,15
"16848","TAPI","HY",71,13,15
"16849","TAPI","AHY",73,12.4,15
"16850","TAPI","AHY",72,12.9,15
"16851","TAPI","HY",70,13.3,15
"16852","TAPI","HY",66,12.7,15
"16853","TAPI","HY",71,13.7,15
"16854","TAPI","HY",68,13.4,15
"16855","TAPI","HY",70,12.7,15
"16856","TAPI","HY",72,12.9,15
"16857","TAPI","AHY",72,12.8,15
"16858","TAPI","AHY",72,14.3,15
"16859","TAPI","HY",71,12.4,15
"16860","TAPI","HY",71,12.4,15
"16861","TAPI","AHY",70,12.5,15
"16862","TAPI","HY",72,13.8,15
"16863","TAPI","HY",69,12.9,15
"16864","TAPI","HY",72,12.9,15
"16865","TAPI","HY",71,12.2,15
"16866","TAPI","HY",73,13.6,15
"16867","TAPI","HY",70,12.7,15
"16868","TAPI","AHY",72,13.8,15
"16869","TAPI","AHY",70,12.1,15
"16870","TAPI","HY",69,12,15
"16871","TAPI","AHY",75,13,15
"16872","TAPI","HY",72,12.7,15
"16873","TAPI","AHY",72,13.1,15
"16874","TAPI","HY",69,12.8,15
"16875","TAPI","HY",71,12.6,15
"16876","TAPI","AHY",72,13.1,15
"16877","TAPI","AHY",72,13,15
"16878","TAPI","AHY",72,14.1,15
"16879","TAPI","AHY",74,13.2,15
"16880","TAPI","HY",72,12.2,15
"16881","TAPI","AHY",73,13.2,15
"16882","TAPI","AHY",74,13,15
"16883","TAPI","HY",72,12.5,15
"16884","TAPI","AHY",74,12.7,15
"16885","TAPI","HY",69,11.7,15
"16886","TAPI","HY",69,NA,15
"16887","TAPI","AHY",70,12.8,15
"16888","TAPI","HY",68,13.4,15
"16889","TAPI","HY",71,11.9,15
"16890","TAPI","HY",71,12.2,15
"16891","TAPI","HY",70,13.3,15
"16892","TAPI","HY",70,12.3,15
"16893","TAPI","AHY",72,13.3,15
"16894","TAPI","HY",68,12.6,15
"16895","TAPI","HY",72,14.4,15
"16896","TAPI","HY",70,12.8,15
"16897","TAPI","AHY",72,14,15
"16898","TAPI","HY",71,13.6,15
"16899","TAPI","HY",71,12.1,15
"16900","TAPI","HY",75,13.5,15
"16901","TAPI","HY",72,13.8,15
"16902","TAPI","HY",72,12.3,15
"16903","TAPI","HY",71,13.1,15
"16904","TAPI","HY",73,14,15
"16905","TAPI","AHY",71,14.1,15
"16906","TAPI","HY",72,12.4,15
"16907","TAPI","AHY",70,13.5,15
"16908","TAPI","AHY",74,14.3,15
"16909","TAPI","HY",69,12.6,15
"16910","TAPI","HY",72,12.9,15
"16911","TAPI","AHY",74,14,15
"16912","TAPI","HY",70,14.4,15
"16913","TAPI","HY",72,12.2,15
"16914","TAPI","HY",69,13,15
"16915","TAPI","HY",70,13.2,15
"16916","TAPI","AHY",71,13.8,15
"16917","TAPI","AHY",72,14.2,15
"16918","TAPI","HY",71,12.7,15
"16919","TAPI","HY",69,12.4,15
"16920","TAPI","AHY",69,13.8,15
"16921","TAPI","HY",69,13.9,15
"16922","TAPI","HY",74,12.7,15
"16923","TAPI","HY",70,12.6,15
"16924","TAPI","AHY",76,13.7,15
"16925","TAPI","HY",71,13.6,15
"16926","TAPI","AHY",72,12.5,15
"16927","TAPI","HY",70,14.5,15
"16928","TAPI","HY",73,14,15
"16929","TAPI","AHY",72,13,15
"16930","TAPI","HY",71,13.2,15
"16931","TAPI","HY",70,13.1,15
"16932","TAPI","AHY",70,12.3,15
"16933","TAPI","HY",72,13.3,15
"16934","TAPI","HY",71,13.1,15
"16935","TAPI","AHY",71,12.9,15
"16936","TAPI","HY",73,12.7,15
"16937","TAPI","HY",69,12.3,15
"16938","TAPI","HY",72,13.2,15
"16939","TAPI","HY",72,12.9,15
"16940","TAPI","HY",74,12.1,15
"16941","TAPI","HY",71,12.5,15
"16942","TAPI","HY",70,13.5,15
"16943","TAPI","HY",72,13.5,15
"16944","TAPI","AHY",73,14.3,15
"16945","TAPI","HY",72,12.9,15
"16946","TAPI","HY",72,14,15
"16947","JABO","HY",111,54.7,15
"16948","JABO","HY",110,53.9,15
"16949","JABO","HY",111,59,15
"16950","JABO","HY",116,54.7,15
"16951","JABO","AHY",112,50.9,15
"16952","TAPI","HY",69,11.8,15
"16953","TAPI","HY",71,12.5,15
"16954","TAPI","HY",70,12.4,15
"16955","TAPI","AHY",73,13.2,15
"16956","TAPI","HY",70,12.5,15
"16957","TAPI","HY",69,12.8,15
"16958","TAPI","AHY",76,13.1,15
"16959","TAPI","AHY",72,13.4,15
"16960","TAPI","HY",69,12.1,15
"16961","TAPI","HY",70,12.6,15
"16962","TAPI","HY",66,12.7,15
"16963","TAPI","HY",72,12.7,15
"16964","TAPI","AHY",70,13,15
"16965","TAPI","HY",70,13.1,15
"16966","TAPI","AHY",73,13.1,15
"16967","TAPI","HY",70,12,15
"16968","TAPI","AHY",72,13.9,15
"16969","TAPI","HY",69,12.3,15
"16970","TAPI","HY",76,12.7,15
"16971","TAPI","HY",74,13.4,15
"16972","TAPI","HY",72,12.4,15
"16973","TAPI","AHY",72,13.3,15
"16974","TAPI","HY",72,13.3,15
"16975","TAPI","HY",70,12.5,15
"16976","TAPI","AHY",72,13.6,15
"16977","TAPI","AHY",73,12.8,15
"16978","TAPI","AHY",70,12.1,15
"16979","TAPI","HY",69,12.3,15
"16980","TAPI","AHY",72,13.4,15
"16981","TAPI","AHY",74,12.8,15
"16982","TAPI","HY",76,14.4,15
"16983","TAPI","AHY",71,13.6,15
"16984","TAPI","HY",70,12.6,15
"16985","DUSA","AHY",117,55.3,15
"16986","DUSA","HY",116,54.2,15
"16987","SIFL","HY",71,13.6,15
"16988","SIFL","HY",70,12.6,15
"16989","SIFL","HY",75,12.7,15
"16990","SIFL","HY",69,12.3,15
"16991","TAPI","HY",73,12.5,15
"16992","TAPI","AHY",67,13.3,15
"16993","TAPI","HY",72,13.9,15
"16994","TAPI","HY",70,12.4,15
"16995","SIFL","HY",74,13.4,15
"16996","SIFL","HY",73,14.8,15
"16997","TAPI","AHY",75,13.9,15
"16998","TAPI","HY",73,13.8,15
"16999","TAPI","HY",70,12,15
"17000","TAPI","HY",71,12.3,15
"17001","TAPI","AHY",72,14.2,15
"17002","TAPI","AHY",74,13.1,15
"17003","TAPI","HY",71,12.2,15
"17004","TAPI","AHY",70,13.3,15
"17005","TAPI","HY",74,12.5,15
"17006","SIFL","HY",72,12.6,15
"17007","SIFL","HY",75,13.9,15
"17008","SIFL","HY",69,12.3,15
"17009","SIFL","HY",71,13.5,15
"17010","SIFL","HY",70,12.7,15
"17011","TAPI","HY",69,13.3,15
"17012","TAPI","HY",70,12.9,15
"17013","TAPI","HY",70,12.5,15
"17014","TAPI","HY",73,12.6,15
"17015","SIFL","AHY",76,13.4,15
"17016","SIFL","HY",72,13.1,15
"17017","TAPI","HY",73,13.8,15
"17018","TAPI","HY",73,12.8,15
"17019","TAPI","AHY",75,13.4,15
"17020","TAPI","AHY",73,13.5,15
"17021","SIFL","HY",75,13.2,15
"17022","TAPI","HY",74,13.5,15
"17023","TAPI","HY",72,13,15
"17024","TAPI","HY",72,12.8,15
"17025","TAPI","HY",74,13.2,15
"17026","TAPI","AHY",72,14.2,15
"17027","TAPI","HY",70,13.3,15
"17028","TAPI","HY",71,13.1,15
"17029","TAPI","HY",71,12.9,15
"17030","TAPI","HY",70,12.2,15
"17031","TAPI","HY",68,13,15
"17032","TAPI","HY",70,13.9,15
"17033","TAPI","HY",70,13,15
"17034","TAPI","AHY",72,13.4,15
"17035","SIFL","HY",73,12.9,15
"17036","SIFL","HY",74,12.9,15
"17037","SIFL","HY",72,12.8,15
"17038","SIFL","HY",70,12.4,15
"17039","SIFL","AHY",75,13.8,15
"17040","SIFL","AHY",74,13.9,15
"17041","SIFL","HY",75,13.1,15
"17042","SIFL","HY",74,12.7,15
"17043","SIFL","HY",75,12.1,15
"17044","SIFL","HY",72,13,15
"17045","TAPI","HY",70,12.5,15
"17046","DUSA","AHY",111,58.2,15
"17047","DUSA","AHY",118,60.6,15
"17048","DUSA","HY",113,61.9,15
"17049","DUSA","HY",112,55.8,15
"17050","DUSA","HY",114,52.7,15
"17051","DUSA","HY",110,55.1,15
"17052","DUSA","HY",116,56.6,15
"17053","DUSA","AHY",107,53.7,15
"17054","DUSA","HY",111,57.4,15
"17055","TAPI","HY",72,11.8,15
"17056","TAPI","HY",71,12.4,15
"17057","TAPI","AHY",71,13,15
"17058","TAPI","AHY",75,13.1,15
"17059","TAPI","HY",72,12.9,15
"17060","TAPI","HY",66,11.6,15
"17061","TAPI","HY",73,13.5,15
"17062","TAPI","HY",73,12.9,15
"17063","TAPI","HY",66,12,15
"17064","TAPI","HY",71,12.6,15
"17065","TAPI","HY",73,13.6,15
"17066","TAPI","HY",70,12.4,15
"17067","TAPI","AHY",71,13.2,15
"17068","TAPI","HY",68,12.1,15
"17069","TAPI","HY",73,13,15
"17070","TAPI","AHY",71,12.3,15
"17071","TAPI","HY",71,12.3,15
"17072","TAPI","HY",70,11.9,15
"17073","TAPI","HY",74,13.3,15
"17074","TAPI","AHY",75,13.7,15
"17075","TAPI","AHY",75,13.3,15
"17076","TAPI","AHY",73,13.5,15
"17077","TAPI","HY",70,11.4,15
"17078","TAPI","HY",71,12.5,15
"17079","TAPI","HY",69,11.9,15
"17080","TAPI","HY",73,12.4,15
"17081","TAPI","HY",71,12.6,15
"17082","TAPI","AHY",75,13.3,15
"17083","TAPI","HY",73,14,15
"17084","SIFL","HY",73,12.8,15
"17085","TAPI","HY",71,12.1,15
"17086","TAPI","HY",71,13,15
"17087","SIFL","HY",70,12,15
"17088","TAPI","HY",74,12.2,15
"17089","TAPI","HY",69,12.9,15
"17090","TAPI","AHY",73,12.2,15
"17091","TAPI","HY",70,12.7,15
"17092","TAPI","HY",72,13.1,15
"17093","SIFL","HY",72,14.2,15
"17094","TAPI","AHY",75,14.3,15
"17095","TAPI","HY",72,13.2,15
"17096","TAPI","AHY",72,13.6,15
"17097","TAPI","AHY",75,12.9,15
"17098","TAPI","AHY",71,12.4,15
"17099","TAPI","HY",69,12.1,15
"17100","TAPI","HY",75,12.4,15
"17101","TAPI","HY",72,13.5,15
"17102","TAPI","HY",70,13,15
"17103","TAPI","AHY",71,14,15
"17104","TAPI","AHY",72,13.5,15
"17105","TAPI","HY",71,13.5,15
"17106","TAPI","AHY",75,12.8,15
"17107","TAPI","AHY",73,NA,15
"17108","TAPI","HY",73,14,15
"17109","TAPI","AHY",72,13.4,15
"17110","TAPI","HY",74,14.1,15
"17111","TAPI","HY",70,13,15
"17112","TAPI","HY",69,13.2,15
"17113","TAPI","HY",70,13.4,15
"17114","TAPI","HY",72,12.3,15
"17115","TAPI","AHY",70,12.7,15
"17116","TAPI","HY",72,13.4,15
"17117","TAPI","HY",70,12.4,15
"17118","TAPI","AHY",74,13.6,15
"17119","TAPI","HY",73,12.3,15
"17120","DUSA","HY",113,54,15
"17121","DUSA","HY",111,60.5,15
"17122","DUSA","HY",112,59.4,15
"17123","SIFL","HY",70,11.6,15
"17124","SIFL","HY",73,12.6,15
"17125","SIFL","HY",71,13.1,15
"17126","SIFL","HY",72,11.5,15
"17127","SIFL","AHY",75,13.2,15
"17128","SIFL","HY",70,11.9,15
"17129","SIFL","AHY",72,12.9,15
"17130","SIFL","HY",70,11.5,15
"17131","TAPI","AHY",71,12.6,15
"17132","TAPI","HY",71,13.3,15
"17133","SIFL","HY",70,11.4,15
"17134","SIFL","HY",70,13.2,15
"17135","TAPI","HY",73,12.7,15
"17136","TAPI","HY",72,12.5,15
"17137","TAPI","AHY",70,11.8,15
"17138","TAPI","HY",73,13.5,15
"17139","SIFL","HY",70,13.2,15
"17140","SIFL","HY",72,11.9,15
"17141","SIFL","AHY",73,12.8,15
"17142","SIFL","AHY",80,15.2,15
"17143","SIFL","AHY",75,12.5,15
"17144","SIFL","HY",70,11.5,15
"17145","SIFL","HY",74,12.8,15
"17146","SIFL","HY",71,12.5,15
"17147","SIFL","HY",70,11.8,15
"17148","SIFL","HY",74,11.9,15
"17149","SIFL","HY",70,12.8,15
"17150","SIFL","HY",71,12,15
"17151","SIFL","HY",73,12.2,15
"17152","SIFL","AHY",75,14.2,15
"17153","TAPI","HY",69,12,15
"17154","TAPI","HY",72,11.3,15
"17155","SIFL","HY",74,12.8,15
"17156","SIFL","HY",69,11.4,15
"17157","SIFL","HY",74,12.5,15
"17158","SIFL","HY",71,12.4,15
"17159","DUSA","AHY",113,57.7,15
"17160","DUSA","HY",107,51.6,15
"17161","DUSA","HY",109,52.7,15
"17162","DUSA","HY",110,63.2,15
"17163","DUSA","HY",112,55,15
"17164","DUSA","HY",110,54.5,15
"17165","TAPI","AHY",75,13.8,15
"17166","TAPI","HY",71,12.8,15
"17167","TAPI","AHY",70,12.8,15
"17168","SIFL","AHY",71,12.5,15
"17169","SIFL","AHY",72,14.3,15
"17170","TAPI","AHY",68,13.1,15
"17171","TAPI","AHY",72,12.8,15
"17172","TAPI","HY",72,12.9,15
"17173","TAPI","HY",73,12.7,15
"17174","TAPI","HY",70,12.6,15
"17175","TAPI","HY",71,13.3,15
"17176","TAPI","HY",74,13.7,15
"17177","TAPI","HY",72,12.8,15
"17178","TAPI","HY",72,13.6,15
"17179","TAPI","HY",72,13.7,15
"17180","TAPI","HY",70,12.8,15
"17181","TAPI","HY",70,12.3,15
"17182","TAPI","HY",70,13.1,15
"17183","TAPI","HY",74,13.9,15
"17184","SIFL","AHY",73,13.2,15
"17185","SIFL","HY",75,13.7,15
"17186","DUSA","HY",105,57.7,15
"17187","DUSA","HY",110,59.5,15
"17188","DUSA","HY",109,53.3,15
"17189","DUSA","HY",113,57.9,15
"17190","DUSA","HY",111,67.2,15
"17191","TAPI","HY",72,12.9,15
"17192","TAPI","AHY",70,12.1,15
"17193","TAPI","HY",68,13.7,15
"17194","TAPI","AHY",74,13.1,15
"17195","TAPI","AHY",70,12.2,15
"17196","TAPI","HY",72,13.1,15
"17197","TAPI","AHY",73,13.7,15
"17198","TAPI","HY",71,12.6,15
"17199","TAPI","HY",74,13.1,15
"17200","TAPI","HY",76,11.1,15
"17201","TAPI","HY",73,13.3,15
"17202","TAPI","AHY",70,13.1,15
"17203","TAPI","HY",70,12.9,15
"17204","TAPI","AHY",71,13.5,15
"17205","TAPI","AHY",73,13.1,15
"17206","TAPI","HY",70,13.1,15
"17207","TAPI","HY",74,13,15
"17208","TAPI","HY",73,12.8,15
"17209","TAPI","HY",71,13.7,15
"17210","TAPI","HY",73,13.8,15
"17211","TAPI","HY",71,12.8,15
"17212","TAPI","HY",71,13.3,15
"17213","TAPI","HY",71,12.9,15
"17214","TAPI","HY",75,13.6,15
"17215","TAPI","AHY",68,14.2,15
"17216","TAPI","HY",72,12,15
"17217","TAPI","AHY",71,13,15
"17218","SIFL","HY",70,11.5,15
"17219","TAPI","HY",70,13,15
"17220","SIFL","HY",72,11.4,15
"17221","SIFL","HY",71,11.4,15
"17222","SIFL","HY",73,13.4,15
"17223","SIFL","HY",74,14.3,15
"17224","TAPI","HY",68,11.5,15
"17225","SIFL","AHY",70,11.8,15
"17226","SIFL","HY",72,12.8,15
"17227","SIFL","HY",71,13.6,15
"17228","TAPI","HY",72,12.5,15
"17229","TAPI","HY",72,13.2,15
"17230","TAPI","HY",70,14.7,15
"17231","TAPI","AHY",71,12.6,15
"17232","TAPI","HY",71,13.2,15
"17233","TAPI","HY",69,12.4,15
"17234","TAPI","HY",73,13.2,15
"17235","TAPI","HY",71,12.2,15
"17236","SIFL","AHY",72,12.6,15
"17237","TAPI","HY",72,13.3,15
"17238","TAPI","HY",71,12.1,15
"17239","TAPI","HY",70,13.3,15
"17240","TAPI","HY",72,12.7,15
"17241","TAPI","HY",72,11.8,15
"17242","SIFL","HY",73,12.7,15
"17243","TAPI","AHY",72,13.1,15
"17244","TAPI","AHY",71,11.9,15
"17245","TAPI","AHY",72,13.3,15
"17246","TAPI","HY",72,13.1,15
"17247","TAPI","HY",71,13.8,15
"17248","TAPI","HY",69,12.5,15
"17249","TAPI","AHY",70,12.4,15
"17250","TAPI","HY",70,12.6,15
"17251","TAPI","HY",68,11.4,15
"17252","TAPI","AHY",72,13,15
"17253","TAPI","HY",72,13.8,15
"17254","TAPI","HY",71,13.1,15
"17255","TAPI","HY",72,12.6,15
"17256","SIFL","HY",76,13.7,15
"17257","TAPI","HY",73,14,15
"17258","TAPI","AHY",71,12.1,15
"17259","TAPI","HY",70,13.7,15
"17260","TAPI","AHY",70,13.8,15
"17261","TAPI","HY",71,13.5,15
"17262","TAPI","HY",69,12.2,15
"17263","TAPI","HY",70,13.1,15
"17264","TAPI","HY",71,13.4,15
"17265","TAPI","AHY",74,13.1,15
"17266","TAPI","HY",72,13.3,15
"17267","TAPI","HY",70,13,15
"17268","TAPI","HY",71,12.7,15
"17269","TAPI","HY",73,13.1,15
"17270","TAPI","HY",72,14.1,15
"17271","TAPI","HY",75,14.3,15
"17272","SIFL","HY",73,14,15
"17273","TAPI","HY",69,12.7,15
"17274","TAPI","AHY",73,12.1,15
"17275","SIFL","AHY",71,12.1,15
"17276","TAPI","HY",73,15.1,15
"17277","TAPI","HY",70,12.6,15
"17278","TAPI","HY",71,12.4,15
"17279","TAPI","HY",69,13,15
"17280","TAPI","AHY",73,13.6,15
"17281","TAPI","AHY",72,13.7,15
"17282","TAPI","HY",72,13.3,15
"17283","TAPI","HY",70,12.2,15
"17284","TAPI","HY",71,13.2,15
"17285","TAPI","HY",70,13,15
"17286","TAPI","AHY",74,13.9,15
"17287","TAPI","HY",73,13,15
"17288","TAPI","AHY",71,13.1,15
"17289","TAPI","HY",71,11.7,15
"17290","TAPI","HY",68,12,15
"17291","TAPI","HY",67,12.8,15
"17292","TAPI","HY",71,13.1,15
"17293","TAPI","AHY",73,13.5,15
"17294","TAPI","HY",69,13.3,15
"17295","TAPI","HY",70,12.3,15
"17296","TAPI","AHY",71,14.6,15
"17297","TAPI","AHY",69,13.8,15
"17298","TAPI","HY",70,13.1,15
"17299","TAPI","AHY",70,12.8,15
"17300","TAPI","HY",NA,NA,15
"17301","TAPI","HY",74,12.8,15
"17302","TAPI","AHY",66,12.8,15
"17303","TAPI","HY",72,13.9,15
"17304","TAPI","AHY",70,13.6,15
"17305","TAPI","HY",74,12.8,15
"17306","TAPI","HY",68,12.7,15
"17307","TAPI","HY",71,12.4,15
"17308","TAPI","HY",72,13.1,15
"17309","TAPI","HY",70,14,15
"17310","TAPI","HY",71,12.9,15
"17311","TAPI","AHY",73,13.7,15
"17312","TAPI","AHY",74,12.2,15
"17313","TAPI","HY",71,13.3,15
"17314","TAPI","HY",73,13.1,15
"17315","TAPI","HY",75,12.8,15
"17316","TAPI","AHY",74,14.1,15
"17317","TAPI","AHY",70,13.5,15
"17318","SIFL","HY",71,11.4,15
"17319","TAPI","AHY",71,11.7,15
"17320","TAPI","AHY",72,12.2,15
"17321","TAPI","HY",72,13.3,15
"17322","TAPI","HY",72,12.3,15
"17323","TAPI","HY",69,13,15
"17324","TAPI","HY",69,14.2,15
"17325","TAPI","AHY",75,13.4,15
"17326","TAPI","AHY",74,14.4,15
"17327","TAPI","HY",70,12.5,15
"17328","TAPI","HY",70,12.4,15
"17329","TAPI","HY",71,13.6,15
"17330","TAPI","HY",71,13.6,15
"17331","TAPI","HY",69,12.3,15
"17332","TAPI","HY",69,13.1,15
"17333","TAPI","HY",70,13.3,15
"17334","TAPI","AHY",74,13.3,15
"17335","TAPI","HY",70,13.4,15
"17336","TAPI","HY",73,13.2,15
"17337","SIFL","HY",73,14,15
"17338","TAPI","HY",73,13.2,15
"17339","TAPI","HY",67,12.9,15
"17340","TAPI","HY",69,14,15
"17341","TAPI","HY",72,12.3,15
"17342","TAPI","AHY",72,13.5,15
"17343","TAPI","HY",70,13.5,15
"17344","TAPI","AHY",72,13.4,15
"17345","TAPI","HY",70,13.4,15
"17346","DUSA","HY",108,58.2,15
"17347","DUSA","HY",115,58.2,15
"17348","DUSA","AHY",115,64.3,15
"17349","SIFL","AHY",71,12.9,15
"17350","SIFL","HY",70,10.8,15
"17351","TAPI","HY",71,13.1,15
"17352","SIFL","HY",72,12.3,15
"17353","TAPI","AHY",71,13.6,15
"17354","SIFL","HY",70,13.2,15
"17355","TAPI","HY",72,11.4,15
"17356","SIFL","AHY",72,11.8,15
"17357","TAPI","HY",67,11.9,15
"17358","TAPI","HY",69,13,15
"17359","SIFL","HY",77,14.9,15
"17360","TAPI","HY",75,NA,15
"17361","SIFL","HY",72,12.3,15
"17362","SIFL","HY",73,12.7,15
"17363","SIFL","HY",75,13.3,15
"17364","TAPI","HY",70,12.3,15
"17365","TAPI","HY",71,12.5,15
"17366","TAPI","HY",71,13.9,15
"17367","TAPI","AHY",72,13.7,15
"17368","SIFL","AHY",73,12.8,15
"17369","TAPI","HY",73,13.1,15
"17370","SIFL","HY",71,12.4,15
"17371","TAPI","HY",72,13.9,15
"17372","TAPI","AHY",71,12.7,15
"17373","TAPI","HY",72,13.8,15
"17374","TAPI","AHY",70,13.4,15
"17375","SIFL","HY",72,13.1,15
"17376","SIFL","HY",69,12.1,15
"17377","SIFL","AHY",68,12.1,15
"17378","SIFL","HY",76,15.3,15
"17379","TAPI","HY",71,12.3,15
"17380","TAPI","HY",70,12.1,15
"17381","TAPI","AHY",72,13.5,15
"17382","TAPI","AHY",74,13.3,15
"17383","TAPI","HY",70,13.7,15
"17384","TAPI","HY",74,14.2,15
"17385","SIFL","HY",73,11.4,15
"17386","TAPI","HY",70,12.2,15
"17387","TAPI","AHY",73,13.9,15
"17388","TAPI","HY",72,13,15
"17389","TAPI","HY",74,13.7,15
"17390","SIFL","HY",78,15.4,15
"17391","TAPI","HY",NA,NA,15
"17392","TAPI","HY",NA,NA,15
"17393","TAPI","HY",NA,NA,15
"17394","SIFL","HY",NA,NA,15
"17395","TAPI","AHY",NA,NA,15
"17396","SIFL","HY",NA,NA,15
"17397","TAPI","AHY",NA,NA,15
"17398","SIFL","HY",NA,NA,15
"17399","SIFL","HY",NA,NA,15
"17400","TAPI","HY",NA,NA,15
"17401","TAPI","AHY",NA,NA,15
"17402","TAPI","HY",NA,NA,15
"17403","SIFL","AHY",NA,NA,15
"17404","SIFL","HY",NA,NA,15
"17405","SIFL","AHY",NA,NA,15
"17406","SIFL","AHY",NA,NA,15
"17407","TAPI","AHY",NA,NA,15
"17408","TAPI","AHY",NA,NA,15
"17409","TAPI","HY",NA,NA,15
"17410","SIFL","AHY",NA,NA,15
"17411","TAPI","HY",70,NA,15
"17412","TAPI","AHY",NA,NA,15
"17413","SIFL","HY",NA,NA,15
"17414","SIFL","HY",NA,NA,15
"17415","SIFL","HY",70,11.9,15
"17416","SIFL","HY",72,13.1,15
"17417","SIFL","AHY",73,12.1,15
"17418","SIFL","HY",69,12.9,15
"17419","SIFL","HY",72,13.9,15
"17420","TAPI","AHY",71,13,15
"17421","SIFL","HY",70,12.2,15
"17422","TAPI","AHY",70,14,15
"17423","SIFL","HY",70,12.7,15
"17424","SIFL","AHY",72,12.4,15
"17425","SIFL","HY",73,13.8,15
"17426","TAPI","HY",69,12,15
"17427","SIFL","HY",71,12.5,15
"17428","SIFL","HY",71,11.8,15
"17429","SIFL","HY",69,12.6,15
"17430","SIFL","HY",72,12.6,15
"17431","SIFL","HY",71,12.2,15
"17432","SIFL","HY",74,13.2,15
"17433","SIFL","HY",73,13.1,15
"17434","SIFL","HY",69,11.7,15
"17435","SIFL","HY",76,14.2,15
"17436","SIFL","HY",71,12,15
"17437","SIFL","AHY",72,12.7,15
"17438","SIFL","HY",70,12.6,15
"17439","SIFL","HY",67,12.3,15
"17440","TAPI","HY",69,12.8,15
"17441","SIFL","HY",72,11.8,15
"17442","SIFL","HY",75,13.8,15
"17443","SIFL","HY",75,13.1,15
"17444","SIFL","AHY",70,12.4,15
"17445","TAPI","HY",70,11.9,15
"17446","SIFL","AHY",74,12.8,15
"17447","TAPI","AHY",72,13.6,15
"17448","SIFL","HY",69,11.7,15
"17449","TAPI","HY",68,12.6,15
"17450","TAPI","HY",71,12.5,15
"17451","TAPI","HY",74,11.9,15
"17452","SIFL","HY",72,14.3,15
"17453","SIFL","HY",70,11.8,15
"17454","SIFL","AHY",74,13.8,15
"17455","TAPI","HY",69,12.4,15
"17456","SIFL","HY",74,12.7,15
"17457","SIFL","HY",76,15.2,15
"17458","SIFL","HY",71,12.8,15
"17459","TAPI","HY",70,14.5,15
"17460","SIFL","HY",71,12.6,15
"17461","SIFL","HY",71,13,15
"17462","SIFL","HY",73,13.2,15
"17463","TAPI","AHY",70,12.7,15
"17464","TAPI","HY",71,12.6,15
"17465","SIFL","HY",70,13.4,15
"17466","SIFL","HY",76,12.8,15
"17467","SIFL","HY",75,12.8,15
"17468","TAPI","AHY",70,13.9,15
"17469","TAPI","HY",74,13.4,15
"17470","DUSA","HY",115,61.4,15
"17471","DUSA","HY",105,53.6,15
"17472","DUSA","HY",109,49.3,15
"17473","DUSA","HY",110,57.6,15
"17474","DUSA","AHY",112,56.3,15
"17475","DUSA","HY",108,54.1,15
"17476","DUSA","HY",110,57.3,15
"17477","DUSA","AHY",117,62.7,15
"17478","DUSA","AHY",108,52.8,15
"17479","DUSA","HY",109,60.7,15
"17480","DUSA","HY",110,55.3,15
"17481","SIFL","AHY",74,12.7,15
"17482","SIFL","HY",71,12.2,15
"17483","SIFL","HY",71,12,15
"17484","SIFL","HY",71,12.5,15
"17485","SIFL","AHY",78,16,15
"17486","SIFL","HY",73,13.5,15
"17487","SIFL","HY",70,13,15
"17488","SIFL","HY",70,13.4,15
"17489","TAPI","HY",70,13,15
"17490","TAPI","AHY",71,13.4,15
"17491","SIFL","HY",74,13.7,15
"17492","SIFL","HY",74,14.4,15
"17493","SIFL","HY",71,12.4,15
"17494","SIFL","HY",71,12.4,15
"17495","SIFL","HY",75,14.3,15
"17496","SIFL","HY",82,18.5,15
"17497","SIFL","HY",72,13.7,15
"17498","SIFL","HY",73,13.7,15
"17499","SIFL","HY",76,13.7,15
"17500","SIFL","AHY",70,12.8,15
"17501","SIFL","HY",70,11.8,15
"17502","SIFL","AHY",72,12,15
"17503","SIFL","HY",69,13.2,15
"17504","SIFL","HY",75,13.5,15
"17505","TAPI","AHY",75,14.4,15
"17506","SIFL","HY",72,13.7,15
"17507","SIFL","HY",71,13.1,15
"17508","SIFL","HY",70,13.4,15
"17509","SIFL","HY",72,12.9,15
"17510","SIFL","AHY",72,13.9,15
"17511","SIFL","HY",81,16.6,15
"17512","SIFL","HY",72,13,15
"17513","DUSA","HY",105,51.2,15
"17514","DUSA","HY",112,70.2,15
"17515","DUSA","HY",109,51.3,15
"17516","DUSA","HY",109,57.7,15
"17517","DUSA","HY",110,55.8,15
"17518","DUSA","AHY",117,61,15
"17519","DUSA","AHY",113,56.7,15
"17520","DUSA","HY",110,63.6,15
"17521","DUSA","AHY",115,66.2,15
"17522","DUSA","HY",111,54.4,15
"17523","DUSA","AHY",114,66.8,15
"17524","DUSA","HY",110,64.6,15
"17525","DUSA","AHY",113,61.8,15
"17526","DUSA","AHY",116,59.9,15
"17527","DUSA","AHY",108,55.6,15
"17528","DUSA","HY",115,68,15
"17529","DUSA","HY",108,55.5,15
"17530","DUSA","HY",114,60.8,15
"17531","DUSA","AHY",114,61.4,15
"17532","DUSA","HY",111,60.1,15
"17533","DUSA","HY",113,60.6,15
"17534","DUSA","AHY",117,63.3,15
"17535","DUSA","AHY",111,63.4,15
"17536","DUSA","AHY",115,59.9,15
"17537","DUSA","HY",110,59.3,15
"17538","DUSA","AHY",115,62.5,15
"17539","DUSA","HY",115,65.1,15
"17540","DUSA","AHY",118,62.6,15
"17541","DUSA","HY",114,63.4,15
"17542","DUSA","HY",115,64.3,15
"17543","DUSA","HY",112,61.2,15
"17544","JABO","AHY",115,60.5,15
"17545","JABO","HY",116,62,15
"17546","JABO","HY",108,53.3,15
"17547","JABO","AHY",116,63.4,15
"17548","JABO","HY",112,53.7,15
"17549","JABO","HY",113,63.9,15
"17550","JABO","HY",112,55,15
"17551","JABO","HY",117,54.3,15
"17552","JABO","HY",119,52.1,15
"17553","DUSA","HY",115,60.2,15
"17554","DUSA","HY",106,60.7,15
"17555","DUSA","HY",114,60.3,15
"17556","DUSA","AHY",115,56,15
"17557","DUSA","AHY",112,60,15
"17558","DUSA","AHY",117,61.5,15
"17559","DUSA","HY",112,61.7,15
"17560","DUSA","HY",114,69.7,15
"17561","DUSA","HY",110,51.6,15
"17562","DUSA","AHY",119,59.4,15
"17563","DUSA","HY",112,60.3,15
"17564","SIFL","HY",74,12.9,15
"17565","TAPI","AHY",72,12.2,15
"17566","SIFL","HY",73,13.5,15
"17567","SIFL","AHY",76,13.7,15
"17568","SIFL","HY",75,14,15
"17569","SIFL","AHY",73,12,15
"17570","SIFL","HY",69,12.3,15
"17571","SIFL","HY",73,12.3,15
"17572","SIFL","HY",75,13.3,15
"17573","SIFL","HY",72,12.7,15
"17574","SIFL","HY",72,12.9,15
"17575","TAPI","AHY",75,14.4,15
"17576","TAPI","HY",69,13.2,15
"17577","SIFL","HY",71,13.2,15
"17578","SIFL","HY",72,13.9,15
"17579","TAPI","HY",74,13.1,15
"17580","TAPI","AHY",72,13,15
"17581","TAPI","AHY",75,14.4,15
"17582","SIFL","HY",74,12.6,15
"17583","SIFL","HY",74,13.4,15
"17584","SIFL","HY",69,13,15
"17585","SIFL","HY",75,11.9,15
"17586","SIFL","HY",71,14.3,15
"17587","SIFL","HY",66,11,15
"17588","SIFL","HY",70,13.4,15
"17589","SIFL","HY",70,11.2,15
"17590","SIFL","HY",69,12.5,15
"17591","SIFL","AHY",74,14.2,15
"17592","SIFL","HY",74,13.1,15
"17593","SIFL","HY",75,13.9,15
"17594","SIFL","HY",74,13.8,15
"17595","SIFL","HY",70,11.4,15
"17596","SIFL","HY",71,12.8,15
"17597","SIFL","HY",73,12.8,15
"17598","SIFL","HY",74,13.8,15
"17599","SIFL","HY",68,11.9,15
"17600","SIFL","HY",75,13.3,15
"17601","SIFL","HY",73,14,15
"17602","SIFL","AHY",71,12.6,15
"17603","SIFL","HY",70,11.4,15
"17604","SIFL","HY",71,11.8,15
"17605","SIFL","AHY",71,13.3,15
"17606","SIFL","HY",72,12.4,15
"17607","SIFL","HY",71,12.4,15
"17608","SIFL","HY",71,14.3,15
"17609","SIFL","HY",71,13.2,15
"17610","SIFL","HY",73,13,15
"17611","SIFL","HY",74,12.8,15
"17612","SIFL","HY",73,14.1,15
"17613","SIFL","HY",68,11.7,15
"17614","TAPI","HY",77,13.1,15
"17615","SIFL","HY",72,13.2,15
"17616","TAPI","HY",74,12.3,15
"17617","TAPI","HY",73,13.8,15
"17618","TAPI","HY",74,12,15
"17619","TAPI","HY",75,13.5,15
"17620","TAPI","HY",71,14.3,15
"17621","SIFL","HY",75,13.5,15
"17622","TAPI","HY",71,13.1,15
"17623","TAPI","AHY",73,12.7,15
"17624","SIFL","HY",75,14.7,15
"17625","TAPI","HY",71,13.4,15
"17626","TAPI","HY",69,12.1,15
"17627","TAPI","HY",69,13.1,15
"17628","TAPI","AHY",70,13.2,15
"17629","TAPI","HY",72,12.6,15
"17630","SIFL","HY",73,14.1,15
"17631","SIFL","HY",74,13.7,15
"17632","SIFL","HY",74,12.8,15
"17633","SIFL","AHY",75,13.3,15
"17634","TAPI","HY",70,12.4,15
"17635","SIFL","HY",73,13.4,15
"17636","SIFL","HY",74,12.8,15
"17637","TAPI","HY",68,12.8,15
"17638","TAPI","HY",70,13.1,15
"17639","TAPI","HY",68,13.7,15
"17640","SIFL","AHY",75,12.6,15
"17641","SIFL","HY",72,13.4,15
"17642","SIFL","HY",74,13.5,15
"17643","TAPI","AHY",70,11.5,15
"17644","TAPI","HY",72,12.1,15
"17645","TAPI","HY",70,12.8,15
"17646","TAPI","HY",70,12.1,15
"17647","DUSA","HY",114,56.8,15
"17648","DUSA","HY",109,52,15
"17649","DUSA","AHY",115,63.2,15
"17650","DUSA","HY",111,63.1,15
"17651","DUSA","HY",114,55.2,15
"17652","SIFL","HY",71,12.6,15
"17653","SIFL","HY",69,12.2,15
"17654","SIFL","AHY",74,13.3,15
"17655","SIFL","HY",71,12.3,15
"17656","TAPI","AHY",73,13.5,15
"17657","SIFL","HY",74,14.5,15
"17658","TAPI","HY",70,12.3,15
"17659","SIFL","HY",73,12.9,15
"17660","SIFL","AHY",72,13.5,15
"17661","SIFL","HY",74,12.9,15
"17662","SIFL","HY",73,14.2,15
"17663","SIFL","AHY",76,13,15
"17664","SIFL","HY",76,13.4,15
"17665","SIFL","HY",73,13.2,15
"17666","TAPI","HY",71,12.7,15
"17667","SIFL","HY",74,13.1,15
"17668","SIFL","HY",69,11.6,15
"17669","SIFL","HY",72,12.3,15
"17670","SIFL","AHY",70,14,15
"17671","TAPI","HY",70,12,15
"17672","SIFL","HY",72,11.9,15
"17673","SIFL","HY",73,12.4,15
"17674","SIFL","AHY",74,14,15
"17675","SIFL","HY",71,11.8,15
"17676","SIFL","HY",70,12.5,15
"17677","SIFL","HY",71,12.8,15
"17678","SIFL","HY",71,12.3,15
"17679","SIFL","HY",72,11.1,15
"17680","SIFL","AHY",70,11.9,15
"17681","SIFL","HY",70,12.1,15
"17682","SIFL","HY",72,11.7,15
"17683","SIFL","AHY",73,12.5,15
"17684","SIFL","HY",72,11.7,15
"17685","SIFL","HY",77,16,15
"17686","SIFL","HY",70,12.3,15
"17687","SIFL","AHY",75,13.2,15
"17688","SIFL","HY",72,12.4,15
"17689","SIFL","HY",69,11.7,15
"17690","SIFL","HY",71,12.1,15
"17691","SIFL","AHY",73,12.5,15
"17692","SIFL","HY",74,11.9,15
"17693","SIFL","HY",75,13.3,15
"17694","SIFL","HY",73,13,15
"17695","TAPI","HY",72,13,15
"17696","SIFL","AHY",75,13.9,15
"17697","SIFL","AHY",73,13.6,15
"17698","TAPI","HY",73,12.8,15
"17699","SIFL","HY",71,12.5,15
"17700","SIFL","HY",72,11.8,15
"17701","SIFL","HY",75,12.1,15
"17702","SIFL","HY",70,12.2,15
"17703","SIFL","AHY",74,11.2,15
"17704","SIFL","HY",74,12.7,15
"17705","SIFL","AHY",70,13.3,15
"17706","SIFL","AHY",73,13.2,15
"17707","TAPI","HY",72,13.2,15
"17708","SIFL","AHY",71,11.9,15
"17709","SIFL","HY",71,12.2,15
"17710","TAPI","HY",69,11.7,15
"17711","TAPI","HY",74,13.9,15
"17712","TAPI","HY",72,14.1,15
"17713","TAPI","HY",69,12.7,15
"17714","TAPI","AHY",74,13.5,15
"17715","TAPI","HY",70,13.2,15
"17716","TAPI","AHY",74,13.7,15
"17717","TAPI","HY",72,13.1,15
"17718","DUSA","AHY",117,54.3,15
"17719","DUSA","HY",110,60.2,15
"17720","DUSA","HY",109,54.5,15
"17721","DUSA","HY",111,59.1,15
"17722","DUSA","HY",103,54.2,15
"17723","DUSA","HY",109,65.5,15
"17724","DUSA","AHY",120,73,15
"17725","DUSA","AHY",116,64.6,15
"17726","TAPI","HY",72.5,12,16
"17727","TAPI","HY",72,13.4,16
"17728","TAPI","HY",71,13.1,16
"17729","DUSA","HY",112.5,57,16
"17730","DUSA","HY",113,55.4,16
"17731","DUSA","HY",115,58.1,16
"17732","DUSA","HY",111,53.9,16
"17733","JABO","HY",114.5,45,16
"17734","JABO","HY",113,52.7,16
"17735","JABO","HY",109,48.3,16
"17736","JABO","AHY",110,54.8,16
"17737","JABO","AHY",110.5,46.5,16
"17738","JABO","HY",118,55.7,16
"17739","TAPI","AHY",74,15,16
"17740","TAPI","HY",73,12.9,16
"17741","TAPI","AHY",70,12.8,16
"17742","TAPI","HY",71,13.7,16
"17743","TAPI","HY",73,12.3,16
"17744","TAPI","HY",76,13.2,16
"17745","TAPI","AHY",77,13.7,16
"17746","TAPI","HY",70,12.2,16
"17747","SIFL","HY",73,11.3,16
"17748","SIFL","HY",68,11.2,16
"17749","TAPI","HY",72,14.8,16
"17750","SIFL","HY",74,12.9,16
"17751","SIFL","HY",72,12.4,16
"17752","TAPI","AHY",72,13.3,16
"17753","SIFL","AHY",72,12.7,16
"17754","SIFL","HY",71,11.9,16
"17755","TAPI","HY",71,12.6,16
"17756","SIFL","HY",73,12.1,16
"17757","SIFL","HY",70,10.5,16
"17758","SIFL","AHY",76,13,16
"17759","SIFL","HY",74,13.1,16
"17760","TAPI","HY",74,12.2,16
"17761","DUSA","HY",112,53.6,16
"17762","DUSA","HY",113,54.1,16
"17763","DUSA","AHY",114,55.5,16
"17764","DUSA","AHY",112,53.8,16
"17765","DUSA","HY",113,54.5,16
"17766","DUSA","HY",113,60.8,16
"17767","DUSA","AHY",117,54.8,16
"17768","DUSA","HY",113,53.9,16
"17769","DUSA","AHY",115,60.4,16
"17770","DUSA","AHY",109,49.4,16
"17771","DUSA","AHY",110,51.5,16
"17772","DUSA","HY",111,50.7,16
"17773","DUSA","HY",116,56.7,16
"17774","DUSA","HY",108,45.7,16
"17775","DUSA","AHY",118,54.1,16
"17776","DUSA","AHY",113,57,16
"17777","DUSA","HY",111,58,16
"17778","DUSA","AHY",102,49.7,16
"17779","DUSA","HY",112,52.5,16
"17780","DUSA","HY",109,47,16
"17781","DUSA","HY",108,49.2,16
"17782","DUSA","HY",107,52.7,16
"17783","DUSA","AHY",114,52.2,16
"17784","DUSA","HY",110,49.6,16
"17785","DUSA","AHY",119,62.4,16
"17786","DUSA","AHY",113,54.4,16
"17787","DUSA","HY",114,56.4,16
"17788","DUSA","AHY",114,58.2,16
"17789","DUSA","HY",112,52.9,16
"17790","DUSA","HY",109,47.9,16
"17791","DUSA","HY",109,50.3,16
"17792","DUSA","HY",107,48.2,16
"17793","DUSA","HY",107,51.2,16
"17794","DUSA","AHY",111,47,16
"17795","DUSA","HY",108,50.4,16
"17796","DUSA","HY",116,57.3,16
"17797","DUSA","HY",109,51.3,16
"17798","DUSA","HY",109,57.2,16
"17799","DUSA","HY",115,51.3,16
"17800","DUSA","AHY",113,52.7,16
"17801","DUSA","AHY",120,53,16
"17802","DUSA","AHY",116,52.6,16
"17803","DUSA","AHY",113,57.5,16
"17804","DUSA","HY",107,55,16
"17805","DUSA","HY",114,55.8,16
"17806","DUSA","HY",115,55.5,16
"17807","DUSA","HY",118,58.1,16
"17808","DUSA","HY",111,56.5,16
"17809","DUSA","HY",115,51.9,16
"17810","DUSA","AHY",110,50.3,16
"17811","DUSA","HY",115,57.6,16
"17812","DUSA","HY",105,50.1,16
"17813","DUSA","HY",112,50.7,16
"17814","DUSA","HY",116,59.1,16
"17815","DUSA","HY",111,58.2,16
"17816","DUSA","AHY",110,55,16
"17817","DUSA","AHY",112,55,16
"17818","DUSA","AHY",115,50.9,16
"17819","DUSA","AHY",118,62.2,16
"17820","DUSA","HY",115,56.1,16
"17821","DUSA","HY",110,52.3,16
"17822","DUSA","AHY",112,52.7,16
"17823","DUSA","HY",110,53.1,16
"17824","DUSA","HY",114,55.5,16
"17825","DUSA","AHY",117,53.1,16
"17826","DUSA","HY",111,56.6,16
"17827","SIFL","HY",71,11.4,16
"17828","SIFL","AHY",74,14,16
"17829","SIFL","HY",73,13.6,16
"17830","SIFL","AHY",70,13.1,16
"17831","SIFL","AHY",76,14.3,16
"17832","SIFL","HY",73,13.1,16
"17833","SIFL","AHY",71,13.6,16
"17834","SIFL","HY",75,13.4,16
"17835","TAPI","AHY",74,13.1,16
"17836","TAPI","HY",69,12,16
"17837","TAPI","HY",71,12.5,16
"17838","TAPI","AHY",73,13.4,16
"17839","SIFL","HY",72.5,12.4,16
"17840","SIFL","HY",73.5,11.9,16
"17841","SIFL","HY",72,12.9,16
"17842","SIFL","HY",70.5,12.1,16
"17843","SIFL","HY",71.5,11.6,16
"17844","SIFL","AHY",75,13.6,16
"17845","SIFL","HY",70,12.4,16
"17846","SIFL","HY",69,11.6,16
"17847","SIFL","HY",68,13.8,16
"17848","DUSA","AHY",111,51.1,16
"17849","DUSA","HY",107,49.7,16
"17850","DUSA","HY",111,58.1,16
"17851","DUSA","HY",112,57.2,16
"17852","DUSA","AHY",112,54.5,16
"17853","DUSA","HY",113,52,16
"17854","DUSA","HY",111,52.7,16
"17855","DUSA","HY",109,49.5,16
"17856","DUSA","HY",112,52.6,16
"17857","DUSA","HY",111,52.3,16
"17858","DUSA","AHY",111,54.1,16
"17859","DUSA","HY",108,48.6,16
"17860","DUSA","HY",106,56.6,16
"17861","DUSA","AHY",110.5,54.8,16
"17862","DUSA","HY",109,53.5,16
"17863","DUSA","HY",110,51.4,16
"17864","DUSA","HY",116,49,16
"17865","DUSA","AHY",112,52.5,16
"17866","DUSA","HY",107,52,16
"17867","DUSA","AHY",116,61.2,16
"17868","DUSA","HY",109,50.8,16
"17869","DUSA","HY",111,51.8,16
"17870","DUSA","AHY",111,49.8,16
"17871","DUSA","HY",109,51.9,16
"17872","DUSA","HY",111,49.2,16
"17873","DUSA","AHY",118,55.3,16
"17874","DUSA","HY",114,57.1,16
"17875","DUSA","HY",109,54.5,16
"17876","DUSA","HY",109,51.2,16
"17877","DUSA","HY",105,50,16
"17878","DUSA","AHY",117,50.5,16
"17879","DUSA","HY",110,58.3,16
"17880","DUSA","HY",111,55.7,16
"17881","DUSA","HY",113,48,16
"17882","DUSA","AHY",115,55.1,16
"17883","DUSA","HY",106.5,46.3,16
"17884","DUSA","HY",115,56.4,16
"17885","DUSA","HY",111,51.7,16
"17886","DUSA","HY",116,57.7,16
"17887","DUSA","HY",110,52.4,16
"17888","DUSA","HY",112,48.9,16
"17889","DUSA","HY",112,56.5,16
"17890","DUSA","AHY",113.5,56.9,16
"17891","DUSA","HY",109,50.8,16
"17892","DUSA","AHY",110,55.7,16
"17893","DUSA","HY",109,49.9,16
"17894","DUSA","HY",103,41.6,16
"17895","DUSA","HY",111,52.4,16
"17896","SIFL","HY",71.5,NA,16
"17897","TAPI","AHY",70,14.1,16
"17898","DUSA","AHY",118,63.8,16
"17899","DUSA","AHY",113,61.5,16
"17900","DUSA","AHY",119,53.1,16
"17901","DUSA","HY",110.5,53.2,16
"17902","DUSA","HY",112.5,56.1,16
"17903","DUSA","HY",108,53.5,16
"17904","DUSA","AHY",119,66.9,16
"17905","DUSA","AHY",118,58,16
"17906","DUSA","HY",106,54.7,16
"17907","DUSA","HY",108,49.8,16
"17908","DUSA","AHY",114.5,60,16
"17909","DUSA","HY",111,53.5,16
"17910","DUSA","HY",107.5,52.5,16
"17911","DUSA","AHY",111,49.1,16
"17912","DUSA","HY",111,61.1,16
"17913","DUSA","HY",110,55.8,16
"17914","DUSA","HY",111,56,16
"17915","DUSA","HY",110,50,16
"17916","DUSA","HY",121,58.8,16
"17917","DUSA","HY",118,55.6,16
"17918","DUSA","HY",120,58.8,16
"17919","DUSA","HY",109.5,50.7,16
"17920","DUSA","HY",117,60,16
"17921","DUSA","HY",110.5,54.3,16
"17922","DUSA","AHY",112,51.9,16
"17923","DUSA","AHY",111,52.8,16
"17924","DUSA","HY",115,51.5,16
"17925","DUSA","HY",108.5,55.6,16
"17926","DUSA","AHY",115,59.7,16
"17927","DUSA","AHY",111.5,53.5,16
"17928","DUSA","HY",110,56.9,16
"17929","TAPI","HY",70.5,11.9,16
"17930","SIFL","HY",71,14.1,16
"17931","SIFL","HY",72,12.8,16
"17932","SIFL","HY",70.5,13.8,16
"17933","TAPI","AHY",71.5,13,16
"17934","TAPI","AHY",NA,12.7,16
"17935","SIFL","HY",75,16.1,16
"17936","DUSA","HY",105,47.3,16
"17937","DUSA","HY",112,55,16
"17938","DUSA","HY",114,59.9,16
"17939","DUSA","HY",117,53,16
"17940","DUSA","HY",110,55.7,16
"17941","DUSA","HY",119,60.5,16
"17942","DUSA","HY",111,56.2,16
"17943","DUSA","AHY",119,59.9,16
"17944","DUSA","HY",117,49,16
"17945","DUSA","HY",119,49.2,16
"17946","DUSA","HY",108,56.2,16
"17947","DUSA","HY",111.5,57.3,16
"17948","DUSA","HY",109,50.7,16
"17949","DUSA","HY",111.5,51.3,16
"17950","DUSA","HY",110,52.1,16
"17951","DUSA","HY",106,49.8,16
"17952","DUSA","HY",111,55.5,16
"17953","DUSA","HY",107,47.4,16
"17954","DUSA","HY",111,53.1,16
"17955","DUSA","HY",105,47.6,16
"17956","DUSA","HY",112,58.2,16
"17957","DUSA","HY",112,53.4,16
"17958","SIFL","HY",72,11.5,16
"17959","SIFL","HY",74,12.8,16
"17960","SIFL","HY",74,12.1,16
"17961","TAPI","HY",70,13.7,16
"17962","TAPI","HY",71,13.5,16
"17963","TAPI","HY",68.5,11.9,16
"17964","TAPI","HY",71,12.8,16
"17965","TAPI","HY",70.5,13,16
"17966","TAPI","HY",72,14.1,16
"17967","TAPI","HY",72,12.5,16
"17968","TAPI","HY",74,13.9,16
"17969","TAPI","AHY",72,13.4,16
"17970","TAPI","AHY",72,12.7,16
"17971","TAPI","AHY",71,12.4,16
"17972","TAPI","AHY",72.5,13.6,16
"17973","TAPI","HY",74,13.1,16
"17974","TAPI","HY",71,13.5,16
"17975","TAPI","HY",70,13.2,16
"17976","TAPI","HY",71,12.7,16
"17977","TAPI","AHY",71.5,12.7,16
"17978","SIFL","HY",69,11.7,16
"17979","TAPI","HY",71,14,16
"17980","TAPI","HY",69,13.3,16
"17981","SIFL","HY",83,17.6,16
"17982","DUSA","HY",116,56.6,16
"17983","DUSA","AHY",109,59.6,16
"17984","DUSA","AHY",115,60.5,16
"17985","DUSA","AHY",116,57.6,16
"17986","DUSA","AHY",113,56.8,16
"17987","DUSA","HY",111,57.2,16
"17988","DUSA","HY",113.5,59.4,16
"17989","DUSA","HY",113.5,51,16
"17990","DUSA","HY",112,57.6,16
"17991","JABO","AHY",111,52.2,16
"17992","JABO","AHY",115,55.1,16
"17993","JABO","HY",112,48.7,16
"17994","SIFL","HY",70,13.1,16
"17995","SIFL","HY",75,14.5,16
"17996","SIFL","HY",71,12,16
"17997","SIFL","HY",72,13.2,16
"17998","SIFL","HY",69.5,12.4,16
"17999","SIFL","HY",73,NA,16
"18000","SIFL","HY",73,14.5,16
"18001","DUSA","HY",110,52.8,16
"18002","DUSA","HY",115,52,16
"18003","DUSA","AHY",115,61.4,16
"18004","DUSA","HY",118,54.1,16
"18005","DUSA","HY",112,58.8,16
"18006","DUSA","HY",111,57.7,16
"18007","DUSA","HY",112,55.3,16
"18008","DUSA","HY",114,53.7,16
"18009","DUSA","HY",111,50.2,16
"18010","SIFL","HY",73,NA,16
"18011","SIFL","HY",72,16.5,16
"18012","SIFL","AHY",74,12.8,16
"18013","SIFL","HY",76,14.3,16
"18014","DUSA","HY",105,54.5,16
"18015","DUSA","HY",112,47.8,16
"18016","DUSA","HY",110,61.7,16
"18017","DUSA","AHY",112,57.6,16
"18018","DUSA","HY",117,54.2,16
"18019","DUSA","HY",111,51.1,16
"18020","DUSA","HY",114,54,16
"18021","DUSA","HY",108,55.4,16
"18022","DUSA","AHY",107.5,53.6,16
"18023","DUSA","AHY",109,60.3,16
"18024","DUSA","AHY",121,60.3,16
"18025","DUSA","HY",108,58.9,16
"18026","DUSA","HY",116,63.3,16
"18027","DUSA","HY",113,47.5,16
"18028","DUSA","AHY",122,55.5,16
"18029","JABO","HY",115,52.9,16
"18030","JABO","HY",105,54.3,16
"18031","TAPI","HY",70,12.3,16
"18032","TAPI","HY",71,13.2,16
"18033","SIFL","HY",72,13.1,16
"18034","SIFL","HY",73,14.2,16
"18035","SIFL","AHY",73,14.3,16
"18036","TAPI","HY",71,14.2,16
"18037","TAPI","HY",75,12.4,16
"18038","SIFL","HY",70,13.3,16
"18039","SIFL","HY",73,13.1,16
"18040","TAPI","AHY",NA,13.2,16
"18041","SIFL","AHY",74,13.2,16
"18042","SIFL","HY",70,12.7,16
"18043","SIFL","HY",68,11.7,16
"18044","DUSA","AHY",116,53.7,16
"18045","DUSA","HY",112,54,16
"18046","DUSA","HY",116,59.8,16
"18047","DUSA","HY",NA,60.6,16
"18048","DUSA","HY",114,55.9,16
"18049","DUSA","AHY",114,60.8,16
"18050","DUSA","HY",108,45.1,16
"18051","DUSA","HY",114,58.6,16
"18052","DUSA","AHY",116,56,16
"18053","JABO","HY",112,52.4,16
"18054","JABO","AHY",NA,54.8,16
"18055","JABO","HY",112,59,16
"18056","JABO","AHY",113,58,16
"18057","JABO","HY",114,62.5,16
"18058","JABO","AHY",NA,56.3,16
"18059","JABO","AHY",NA,56.1,16
"18060","DUSA","AHY",114,52.4,16
"18061","JABO","AHY",116,55.8,16
"18062","JABO","AHY",NA,NA,16
"18063","JABO","AHY",110,60.1,16
"18064","DUSA","HY",112.5,59,16
"18065","DUSA","HY",109,56.3,16
"18066","DUSA","HY",117,57.7,16
"18067","DUSA","HY",114,62.8,16
"18068","DUSA","HY",112,52.5,16
"18069","DUSA","HY",111,55.2,16
"18070","DUSA","HY",108,51.6,16
"18071","DUSA","AHY",114,57.3,16
"18072","TAPI","AHY",73,12.8,16
"18073","SIFL","AHY",74,15.1,16
"18074","SIFL","HY",73,14.1,16
"18075","DUSA","AHY",119,60.4,16
"18076","DUSA","HY",115,60.5,16
"18077","DUSA","AHY",117.5,60.2,16
"18078","DUSA","HY",113,51.6,16
"18079","DUSA","AHY",111,52.6,16
"18080","DUSA","HY",116,58.4,16
"18081","DUSA","HY",109,51.5,16
"18082","SIFL","HY",72.5,13.2,16
"18083","SIFL","HY",70,11.6,16
"18084","DUSA","AHY",111,52.8,16
"18085","JABO","AHY",110,48.8,16
"18086","JABO","HY",113,54.3,16
"18087","JABO","AHY",111,52.3,16
"18088","JABO","AHY",117,49.8,16
"18089","DUSA","HY",113,53.9,16
"18090","DUSA","HY",111,56.9,16
"18091","JABO","AHY",116,54.7,16
"18092","JABO","AHY",113,50.7,16
"18093","JABO","AHY",117,43.4,16
"18094","JABO","HY",113,48.6,16
"18095","JABO","AHY",109,55.7,16
"18096","JABO","HY",114,59.2,16
"18097","JABO","HY",113,56.8,16
"18098","JABO","AHY",110,60.9,16
"18099","JABO","AHY",111,52,16
"18100","JABO","HY",112,55.5,16
"18101","JABO","HY",115,64.1,16
"18102","JABO","HY",116,56,16
"18103","DUSA","AHY",111,57.7,16
"18104","DUSA","HY",118,61.4,16
"18105","JABO","HY",110,54.3,16
"18106","SIFL","HY",71,11.8,16
"18107","SIFL","HY",70,12,16
"18108","SIFL","AHY",71,12.1,16
"18109","SIFL","AHY",74,15.4,16
"18110","SIFL","HY",71.5,12.2,16
"18111","SIFL","HY",74,13.2,16
"18112","SIFL","HY",72,12.7,16
"18113","SIFL","HY",72,12.8,16
"18114","SIFL","HY",69,11.2,16
"18115","SIFL","AHY",75,14.2,16
"18116","SIFL","HY",73,13,16
"18117","SIFL","HY",75.5,13.7,16
"18118","SIFL","AHY",72,12.3,16
"18119","TAPI","HY",68.5,11.8,16
"18120","TAPI","HY",73.5,11.2,16
"18121","TAPI","AHY",71.5,13.4,16
"18122","DUSA","AHY",121,65.8,16
"18123","DUSA","AHY",119,61,16
"18124","JABO","AHY",111.5,46.6,16
"18125","JABO","AHY",NA,57.4,16
"18126","JABO","AHY",117.5,52.9,16
"18127","JABO","HY",115,52,16
"18128","JABO","HY",108,60.4,16
"18129","DUSA","HY",110,57.1,16
"18130","DUSA","HY",111,61.1,16
"18131","DUSA","HY",111,55.2,16
"18132","JABO","HY",114,49.1,16
"18133","DUSA","HY",116,61.6,16
"18134","DUSA","HY",115,59.2,16
"18135","DUSA","AHY",115,55.6,16
"18136","DUSA","HY",110,48.9,16
"18137","TAPI","HY",71,12.6,17
"18138","TAPI","HY",71,12.7,17
"18139","TAPI","HY",73,12.9,17
"18140","TAPI","HY",74.5,12.9,17
"18141","TAPI","HY",74,12.7,17
"18142","TAPI","HY",73,12,17
"18143","TAPI","HY",72,13.2,17
"18144","TAPI","HY",72.5,13.2,17
"18145","TAPI","HY",71,13.2,17
"18146","TAPI","HY",74,14,17
"18147","TAPI","HY",68,11.8,17
"18148","TAPI","HY",70,13.2,17
"18149","TAPI","HY",71,12.2,17
"18150","TAPI","HY",73,13.3,17
"18151","TAPI","HY",75,12.8,17
"18152","TAPI","HY",70,12.7,17
"18153","TAPI","HY",74,14.2,17
"18154","TAPI","HY",68,12.1,17
"18155","TAPI","HY",72,12,17
"18156","TAPI","HY",72,12.9,17
"18157","TAPI","HY",71,13.1,17
"18158","TAPI","HY",72,12.9,17
"18159","TAPI","HY",73,13.2,17
"18160","TAPI","HY",67,12.4,17
"18161","TAPI","HY",70,13.8,17
"18162","TAPI","HY",70,12.1,17
"18163","TAPI","HY",69.5,12.5,17
"18164","TAPI","HY",70,12.5,17
"18165","TAPI","HY",71,12.4,17
"18166","TAPI","HY",72,11.6,17
"18167","TAPI","HY",71,12.2,17
"18168","TAPI","HY",68,11.3,17
"18169","TAPI","HY",71,13.5,17
"18170","TAPI","HY",69,13.4,17
"18171","TAPI","AHY",71,12.1,17
"18172","TAPI","HY",69,13,17
"18173","TAPI","HY",70,13.2,17
"18174","TAPI","HY",72,12.9,17
"18175","TAPI","HY",71,12.1,17
"18176","TAPI","HY",67,11.8,17
"18177","TAPI","HY",71,14,17
"18178","TAPI","HY",70,12.8,17
"18179","TAPI","HY",69,12.6,17
"18180","TAPI","HY",70,12.7,17
"18181","TAPI","HY",72,12.6,17
"18182","TAPI","HY",71,13.3,17
"18183","TAPI","HY",71,12,17
"18184","TAPI","HY",75,13.1,17
"18185","TAPI","HY",68,12.2,17
"18186","TAPI","HY",72,12.6,17
"18187","TAPI","HY",70,12.5,17
"18188","TAPI","HY",70,12,17
"18189","TAPI","HY",NA,NA,17
"18190","TAPI","HY",NA,NA,17
"18191","TAPI","HY",NA,NA,17
"18192","TAPI","AHY",NA,NA,17
"18193","TAPI","HY",NA,NA,17
"18194","TAPI","HY",NA,NA,17
"18195","TAPI","HY",NA,NA,17
"18196","TAPI","HY",NA,NA,17
"18197","TAPI","HY",NA,NA,17
"18198","TAPI","HY",NA,NA,17
"18199","TAPI","HY",NA,NA,17
"18200","TAPI","HY",NA,NA,17
"18201","TAPI","HY",NA,NA,17
"18202","TAPI","HY",NA,NA,17
"18203","TAPI","HY",NA,NA,17
"18204","TAPI","HY",NA,NA,17
"18205","TAPI","HY",NA,NA,17
"18206","TAPI","HY",NA,NA,17
"18207","TAPI","HY",NA,NA,17
"18208","TAPI","HY",NA,NA,17
"18209","TAPI","HY",NA,NA,17
"18210","TAPI","HY",NA,NA,17
"18211","TAPI","HY",NA,NA,17
"18212","TAPI","HY",NA,NA,17
"18213","TAPI","HY",NA,NA,17
"18214","TAPI","HY",NA,NA,17
"18215","TAPI","HY",NA,NA,17
"18216","TAPI","HY",NA,NA,17
"18217","TAPI","HY",NA,NA,17
"18218","TAPI","HY",NA,NA,17
"18219","TAPI","HY",NA,NA,17
"18220","TAPI","HY",NA,NA,17
"18221","TAPI","HY",NA,NA,17
"18222","TAPI","HY",NA,NA,17
"18223","TAPI","HY",NA,NA,17
"18224","TAPI","HY",NA,NA,17
"18225","TAPI","HY",NA,NA,17
"18226","TAPI","HY",NA,NA,17
"18227","TAPI","HY",NA,NA,17
"18228","TAPI","HY",NA,NA,17
"18229","TAPI","HY",NA,NA,17
"18230","TAPI","HY",NA,NA,17
"18231","TAPI","HY",NA,NA,17
"18232","TAPI","HY",NA,NA,17
"18233","TAPI","HY",NA,NA,17
"18234","TAPI","HY",NA,NA,17
"18235","TAPI","HY",NA,NA,17
"18236","TAPI","HY",NA,NA,17
"18237","TAPI","HY",NA,NA,17
"18238","TAPI","HY",NA,NA,17
"18239","TAPI","AHY",NA,NA,17
"18240","TAPI","HY",NA,NA,17
"18241","TAPI","HY",NA,NA,17
"18242","TAPI","HY",NA,NA,17
"18243","TAPI","HY",NA,NA,17
"18244","TAPI","HY",NA,NA,17
"18245","TAPI","HY",NA,NA,17
"18246","TAPI","HY",71,12.3,17
"18247","TAPI","HY",75.5,12.9,17
"18248","TAPI","HY",72.5,13.6,17
"18249","TAPI","HY",73,14,17
"18250","TAPI","HY",68,12.6,17
"18251","TAPI","HY",69,12.7,17
"18252","TAPI","HY",69,10.8,17
"18253","TAPI","AHY",73,13.1,17
"18254","TAPI","HY",69,12.2,17
"18255","TAPI","AHY",70,12,17
"18256","TAPI","HY",73.5,14.4,17
"18257","TAPI","HY",72,12.6,17
"18258","TAPI","AHY",71,13.3,17
"18259","TAPI","HY",72,13.3,17
"18260","TAPI","AHY",74,14.6,17
"18261","TAPI","HY",72,13,17
"18262","TAPI","HY",72,11.5,17
"18263","TAPI","AHY",71,12.7,17
"18264","TAPI","HY",74.5,12.2,17
"18265","TAPI","AHY",71,12.1,17
"18266","TAPI","HY",72,11.8,17
"18267","SIFL","HY",73,12.6,17
"18268","TAPI","HY",70,12.5,17
"18269","SIFL","AHY",70,11.5,17
"18270","SIFL","HY",73.5,14.3,17
"18271","SIFL","HY",76,13.4,17
"18272","SIFL","HY",74,13.7,17
"18273","TAPI","HY",73.5,13,17
"18274","SIFL","AHY",72,12,17
"18275","SIFL","HY",71,11.5,17
"18276","SIFL","AHY",71,11.1,17
"18277","SIFL","HY",72,11.1,17
"18278","SIFL","HY",73,12.3,17
"18279","SIFL","HY",69,12.8,17
"18280","SIFL","HY",70,11,17
"18281","SIFL","HY",72,12.2,17
"18282","SIFL","HY",69,12.1,17
"18283","SIFL","AHY",74,13.4,17
"18284","SIFL","HY",69,12.3,17
"18285","SIFL","AHY",72,18,17
"18286","SIFL","AHY",74,12.9,17
"18287","SIFL","AHY",75,14.1,17
"18288","TAPI","HY",70,12.2,17
"18289","SIFL","AHY",70.5,13,17
"18290","SIFL","HY",68,12.4,17
"18291","SIFL","HY",73,13.4,17
"18292","SIFL","HY",72,11.9,17
"18293","SIFL","HY",72,12.9,17
"18294","SIFL","HY",74,12.8,17
"18295","SIFL","HY",70,11.8,17
"18296","SIFL","AHY",74,13.2,17
"18297","TAPI","HY",71,13.4,17
"18298","SIFL","HY",69,12.4,17
"18299","SIFL","HY",72,12,17
"18300","SIFL","HY",70,12.8,17
"18301","SIFL","HY",70,11.7,17
"18302","SIFL","HY",71,11.7,17
"18303","SIFL","HY",72,12.5,17
"18304","TAPI","HY",71,13.1,17
"18305","TAPI","HY",70,13.1,17
"18306","SIFL","HY",69,13.1,17
"18307","SIFL","AHY",73,13.5,17
"18308","SIFL","HY",71,11.8,17
"18309","SIFL","AHY",75,13,17
"18310","SIFL","HY",70,13,17
"18311","TAPI","HY",70,12.2,17
"18312","TAPI","HY",70,13.1,17
"18313","SIFL","AHY",73,12.7,17
"18314","SIFL","HY",72,12.5,17
"18315","SIFL","HY",72,13.1,17
"18316","TAPI","HY",69,12.2,17
"18317","SIFL","HY",72,12.8,17
"18318","SIFL","HY",68,12.8,17
"18319","TAPI","HY",69,12.5,17
"18320","TAPI","HY",72,13.4,17
"18321","SIFL","HY",71,11.9,17
"18322","SIFL","HY",72,12.1,17
"18323","TAPI","HY",69.5,12.1,17
"18324","TAPI","HY",72,15,17
"18325","SIFL","HY",70,11.7,17
"18326","TAPI","HY",69,11.7,17
"18327","SIFL","HY",75,12.6,17
"18328","TAPI","AHY",72,12.4,17
"18329","SIFL","HY",71,12.8,17
"18330","SIFL","AHY",74,13.6,17
"18331","SIFL","AHY",72,13.2,17
"18332","SIFL","AHY",74,13,17
"18333","SIFL","HY",70,13.3,17
"18334","TAPI","AHY",71,13.7,17
"18335","SIFL","HY",70,11.1,17
"18336","SIFL","HY",70,13.7,17
"18337","TAPI","AHY",71,12.4,17
"18338","SIFL","AHY",68.5,11.1,17
"18339","TAPI","HY",68,14.2,17
"18340","SIFL","HY",74,13.2,17
"18341","SIFL","HY",69,12,17
"18342","SIFL","AHY",76,13.4,17
"18343","SIFL","HY",72,12,17
"18344","SIFL","HY",71,13.4,17
"18345","SIFL","HY",71,12.6,17
"18346","SIFL","HY",70,11.6,17
"18347","SIFL","HY",70,12.2,17
"18348","SIFL","AHY",71,12.6,17
"18349","SIFL","AHY",72,13.6,17
"18350","TAPI","HY",74,12.7,17
"18351","SIFL","AHY",74,13.7,17
"18352","SIFL","AHY",74,13.8,17
"18353","TAPI","HY",74,13.5,17
"18354","SIFL","HY",75,12.7,17
"18355","SIFL","HY",71,11.7,17
"18356","SIFL","AHY",75,13.9,17
"18357","SIFL","AHY",70,12.1,17
"18358","SIFL","HY",72,12.9,17
"18359","SIFL","HY",68,11.3,17
"18360","SIFL","AHY",75,13.8,17
"18361","TAPI","AHY",70,12.5,17
"18362","TAPI","HY",72,13.2,17
"18363","SIFL","AHY",74,14.4,17
"18364","SIFL","HY",71,12.7,17
"18365","SIFL","HY",74,13,17
"18366","SIFL","HY",74,12.8,17
"18367","SIFL","HY",71,12,17
"18368","SIFL","AHY",72,12.2,17
"18369","SIFL","AHY",72,12.5,17
"18370","SIFL","AHY",69,13.6,17
"18371","SIFL","HY",68,12.2,17
"18372","SIFL","HY",73,12.7,17
"18373","SIFL","HY",72,13.5,17
"18374","SIFL","HY",75,12.4,17
"18375","TAPI","AHY",72,12.7,17
"18376","TAPI","HY",75,12.9,17
"18377","SIFL","HY",72,12.1,17
"18378","SIFL","HY",72,12.2,17
"18379","SIFL","HY",72,12.2,17
"18380","SIFL","HY",72,11.9,17
"18381","SIFL","HY",67.5,12.4,17
"18382","SIFL","HY",69,13.3,17
"18383","SIFL","HY",75,13.4,17
"18384","SIFL","AHY",72,12.5,17
"18385","SIFL","HY",72.5,12.9,17
"18386","SIFL","HY",74,14,17
"18387","SIFL","HY",71,13,17
"18388","SIFL","HY",68,12.8,17
"18389","SIFL","AHY",69,13.1,17
"18390","SIFL","HY",68,11.2,17
"18391","SIFL","HY",71,12.2,17
"18392","SIFL","HY",71,12.3,17
"18393","SIFL","HY",73,13.3,17
"18394","SIFL","HY",71.5,12.9,17
"18395","SIFL","HY",70,11.5,17
"18396","SIFL","HY",73,11.9,17
"18397","SIFL","HY",71,12.9,17
"18398","SIFL","HY",73,13.3,17
"18399","SIFL","HY",73,13,17
"18400","SIFL","HY",74,13.4,17
"18401","SIFL","HY",70,13,17
"18402","SIFL","AHY",70,12.5,17
"18403","SIFL","HY",69,12.9,17
"18404","SIFL","HY",77,14.2,17
"18405","SIFL","HY",69,12.5,17
"18406","SIFL","AHY",77,14.4,17
"18407","TAPI","AHY",70,12.4,17
"18408","SIFL","HY",71,11.9,17
"18409","SIFL","HY",72,11.9,17
"18410","SIFL","HY",71,12.4,17
"18411","SIFL","AHY",71,12.8,17
"18412","SIFL","AHY",79,13.6,17
"18413","SIFL","HY",68,12.2,17
"18414","SIFL","HY",73,13.3,17
"18415","SIFL","HY",71,13,17
"18416","SIFL","AHY",75,12.5,17
"18417","SIFL","HY",74,13.5,17
"18418","SIFL","AHY",71.5,13.8,17
"18419","SIFL","HY",74,12.6,17
"18420","SIFL","HY",71,12.3,17
"18421","SIFL","HY",70,11.7,17
"18422","SIFL","HY",69,12.6,17
"18423","SIFL","HY",69,10.7,17
"18424","TAPI","HY",67,11.8,17
"18425","SIFL","AHY",75,13.6,17
"18426","SIFL","HY",75,12.3,17
"18427","SIFL","AHY",70,12.5,17
"18428","TAPI","AHY",70,14,17
"18429","SIFL","HY",72,12.4,17
"18430","TAPI","HY",71,13.6,17
"18431","SIFL","HY",73,13.2,17
"18432","TAPI","HY",73,13.2,17
"18433","TAPI","HY",71,13.5,17
"18434","TAPI","AHY",72,12.8,17
"18435","TAPI","HY",70,12.9,17
"18436","TAPI","HY",73,14.2,17
"18437","TAPI","AHY",72,13,17
"18438","TAPI","HY",68,12.6,17
"18439","SIFL","HY",71,12.7,17
"18440","TAPI","HY",70,12.9,17
"18441","TAPI","HY",74,12.8,17
"18442","TAPI","HY",74,12.9,17
"18443","SIFL","HY",71,12.6,17
"18444","TAPI","HY",68,13.4,17
"18445","TAPI","AHY",73,13.1,17
"18446","TAPI","HY",70,13.2,17
"18447","TAPI","AHY",75,12.7,17
"18448","SIFL","AHY",72,13.1,17
"18449","TAPI","HY",69,12.7,17
"18450","TAPI","HY",71,12.7,17
"18451","TAPI","AHY",72,12.8,17
"18452","TAPI","AHY",71,12.5,17
"18453","TAPI","HY",73,13.8,17
"18454","TAPI","HY",71,12.1,17
"18455","TAPI","HY",71,13.2,17
"18456","TAPI","HY",72,14.1,17
"18457","TAPI","HY",71,13.3,17
"18458","TAPI","HY",69,13.5,17
"18459","TAPI","HY",72,13.1,17
"18460","TAPI","HY",67,12.6,17
"18461","TAPI","HY",73,13.2,17
"18462","TAPI","HY",73,13.7,17
"18463","TAPI","HY",69,13.5,17
"18464","SIFL","HY",67,12,17
"18465","TAPI","HY",72.5,12.8,17
"18466","SIFL","AHY",72.5,12.7,17
"18467","TAPI","AHY",72,12.6,17
"18468","TAPI","HY",73,13.3,17
"18469","SIFL","HY",69,11.8,17
"18470","TAPI","HY",73,12.8,17
"18471","TAPI","HY",73,13.2,17
"18472","TAPI","HY",71,12.5,17
"18473","SIFL","HY",73,13.7,17
"18474","TAPI","HY",72,12.9,17
"18475","TAPI","HY",73,14.3,17
"18476","TAPI","HY",70,13.8,17
"18477","SIFL","AHY",70,12,17
"18478","TAPI","HY",75,12.5,17
"18479","TAPI","HY",72,12.6,17
"18480","TAPI","HY",72,14.6,17
"18481","TAPI","HY",73,13.6,17
"18482","SIFL","AHY",74,13.2,17
"18483","TAPI","HY",69,11.7,17
"18484","TAPI","HY",72,13,17
"18485","TAPI","HY",73,13.5,17
"18486","TAPI","AHY",71,12.9,17
"18487","TAPI","AHY",NA,12,17
"18488","SIFL","AHY",71,11,17
"18489","SIFL","AHY",71,12.1,17
"18490","SIFL","HY",72,12.9,17
"18491","TAPI","HY",70,12.3,17
"18492","TAPI","AHY",75,12.6,17
"18493","SIFL","HY",72,12.9,17
"18494","DUSA","HY",117,63.1,17
"18495","DUSA","AHY",117,57.8,17
"18496","SIFL","AHY",75,13.7,17
"18497","TAPI","HY",70,15.6,17
"18498","TAPI","HY",71,12.7,17
"18499","TAPI","HY",69,11.1,17
"18500","TAPI","HY",70,11.2,17
"18501","TAPI","AHY",74,13,17
"18502","TAPI","HY",72,11.8,17
"18503","TAPI","HY",70,13.3,17
"18504","TAPI","HY",69,12.3,17
"18505","TAPI","HY",72,14.8,17
"18506","TAPI","HY",72,11.9,17
"18507","TAPI","HY",70,12.3,17
"18508","TAPI","AHY",70,12.9,17
"18509","TAPI","HY",72,12.5,17
"18510","TAPI","AHY",70,12.5,17
"18511","TAPI","HY",72,12.9,17
"18512","TAPI","HY",73,13.7,17
"18513","TAPI","HY",70,13.7,17
"18514","TAPI","HY",72,14.1,17
"18515","TAPI","HY",70,14.3,17
"18516","TAPI","AHY",72,14.9,17
"18517","SIFL","HY",72.5,11.6,17
"18518","DUSA","HY",112,61.9,17
"18519","DUSA","AHY",110,54.7,17
"18520","DUSA","HY",105,54.4,17
"18521","SIFL","HY",71,12.7,17
"18522","SIFL","HY",72,12.5,17
"18523","SIFL","HY",73,14.5,17
"18524","SIFL","AHY",74.5,13.2,17
"18525","SIFL","AHY",72,13.1,17
"18526","SIFL","AHY",71,13,17
"18527","SIFL","HY",75.5,14.5,17
"18528","SIFL","HY",72,11.9,17
"18529","SIFL","AHY",75,13.9,17
"18530","SIFL","HY",71,13.5,17
"18531","SIFL","HY",69,12.8,17
"18532","SIFL","HY",72,13,17
"18533","SIFL","AHY",73,12.8,17
"18534","SIFL","HY",72,13.4,17
"18535","SIFL","AHY",70,13,17
"18536","SIFL","HY",74,13.1,17
"18537","SIFL","HY",71,12.4,17
"18538","SIFL","HY",73,11.5,17
"18539","SIFL","HY",74,12.5,17
"18540","SIFL","AHY",73,13,17
"18541","SIFL","HY",72,12.4,17
"18542","SIFL","AHY",71,12.1,17
"18543","SIFL","HY",71,12.3,17
"18544","SIFL","HY",72,12.8,17
"18545","SIFL","HY",74,13.9,17
"18546","SIFL","AHY",74,12.5,17
"18547","SIFL","HY",68,11.8,17
"18548","SIFL","HY",70,13.2,17
"18549","SIFL","HY",70,12.1,17
"18550","SIFL","AHY",73.5,12.8,17
"18551","SIFL","HY",72,12.7,17
"18552","SIFL","HY",71,12.3,17
"18553","SIFL","HY",72,12.8,17
"18554","SIFL","HY",71,11.3,17
"18555","SIFL","AHY",75,14.3,17
"18556","SIFL","HY",72,13,17
"18557","DUSA","AHY",118,65.3,17
"18558","DUSA","AHY",NA,59.2,17
"18559","SIFL","AHY",70,13.7,17
"18560","SIFL","AHY",73,12.7,17
"18561","SIFL","AHY",75.5,13.4,17
"18562","SIFL","HY",72,13.5,17
"18563","SIFL","AHY",72,12.5,17
"18564","SIFL","HY",75,13,17
"18565","TAPI","AHY",70,12.9,17
"18566","SIFL","AHY",69,11.6,17
"18567","SIFL","HY",66,11.8,17
"18568","SIFL","HY",71,12.6,17
"18569","SIFL","AHY",74,12.3,17
"18570","SIFL","HY",75,13.2,17
"18571","TAPI","AHY",76,14.5,17
"18572","TAPI","HY",73,13.5,17
"18573","SIFL","HY",72.5,12.6,17
"18574","SIFL","HY",70.5,12.4,17
"18575","SIFL","HY",74,12.8,17
"18576","SIFL","HY",70,12.4,17
"18577","SIFL","HY",72,12.8,17
"18578","SIFL","HY",73,12.6,17
"18579","SIFL","HY",71,12,17
"18580","SIFL","HY",72,11.3,17
"18581","SIFL","AHY",70,12.9,17
"18582","TAPI","HY",73,12.8,17
"18583","SIFL","AHY",70,13.8,17
"18584","SIFL","HY",75,13.1,17
"18585","SIFL","HY",73,13.2,17
"18586","SIFL","HY",71,12.2,17
"18587","SIFL","HY",73,12.7,17
"18588","SIFL","HY",73,11.8,17
"18589","SIFL","AHY",66,10.6,17
"18590","TAPI","HY",73,12.4,17
"18591","SIFL","HY",72,12.7,17
"18592","SIFL","HY",71,13,17
"18593","SIFL","HY",72,12.3,17
"18594","SIFL","HY",71,12,17
"18595","SIFL","HY",70,11.6,17
"18596","TAPI","HY",69,13.1,17
"18597","TAPI","AHY",75,13.7,17
"18598","DUSA","HY",112.5,56.6,17
"18599","JABO","HY",108,47.2,17
"18600","DUSA","AHY",112,54.2,17
"18601","DUSA","AHY",114,57,17
"18602","DUSA","HY",114,55.3,17
"18603","JABO","HY",117,50.9,17
"18604","DUSA","HY",115,62.7,17
"18605","JABO","HY",108,48.4,17
"18606","JABO","HY",115,51.5,17
"18607","JABO","HY",115,51.7,17
"18608","JABO","HY",114,46.7,17
"18609","JABO","HY",119,55.7,17
"18610","JABO","HY",115,53.3,17
"18611","JABO","AHY",114,54.2,17
"18612","JABO","HY",117,51.9,17
"18613","JABO","HY",112,49.4,17
"18614","DUSA","AHY",114,64.3,17
"18615","JABO","HY",114.5,61.1,17
"18616","JABO","AHY",NA,45.7,17
"18617","SIFL","HY",73,13.8,17
"18618","SIFL","AHY",74,12.6,17
"18619","SIFL","HY",70,11.7,17
"18620","SIFL","AHY",71,12.8,17
"18621","SIFL","AHY",78,13.3,17
"18622","SIFL","AHY",68,13.1,17
"18623","SIFL","HY",70.5,12.8,17
"18624","TAPI","AHY",72,13.2,17
"18625","TAPI","HY",70,13.1,17
"18626","SIFL","AHY",71,12.2,17
"18627","SIFL","AHY",69,11.5,17
"18628","SIFL","HY",69,11.4,17
"18629","SIFL","HY",71.5,12.2,17
"18630","SIFL","HY",72,12.6,17
"18631","SIFL","HY",70,11.9,17
"18632","SIFL","AHY",78,13.5,17
"18633","SIFL","HY",71.5,11.5,17
"18634","SIFL","HY",72,12.8,17
"18635","SIFL","HY",70,14.6,17
"18636","SIFL","AHY",72,13.5,17
"18637","SIFL","HY",72,13.4,17
"18638","SIFL","HY",70,11.6,17
"18639","SIFL","HY",70,12.5,17
"18640","SIFL","HY",67,11.1,17
"18641","SIFL","AHY",72,14,17
"18642","SIFL","HY",74,14.5,17
"18643","SIFL","HY",70.5,14.1,17
"18644","SIFL","HY",75,13.9,17
"18645","SIFL","HY",71,12.3,17
"18646","SIFL","HY",69,11.4,17
"18647","SIFL","HY",69,13.1,17
"18648","SIFL","HY",67,12.2,17
"18649","SIFL","HY",73,12.7,17
"18650","SIFL","HY",69,12.1,17
"18651","SIFL","HY",69,12.2,17
"18652","SIFL","HY",74,13.1,17
"18653","SIFL","AHY",74,11.7,17
"18654","SIFL","AHY",74,12.3,17
"18655","SIFL","AHY",74,12.7,17
"18656","SIFL","AHY",75,12.8,17
"18657","SIFL","HY",73.5,12.6,17
"18658","SIFL","HY",70,12,17
"18659","SIFL","HY",70,13.7,17
"18660","SIFL","HY",69,12.3,17
"18661","SIFL","AHY",70,13,17
"18662","SIFL","HY",74,13,17
"18663","SIFL","AHY",75,13.3,17
"18664","SIFL","HY",71,11.6,17
"18665","SIFL","HY",73,14.7,17
"18666","SIFL","HY",73,12.5,17
"18667","SIFL","HY",71,12.3,17
"18668","SIFL","HY",73,13.2,17
"18669","SIFL","HY",69,12.8,17
"18670","SIFL","HY",68,12.1,17
"18671","SIFL","HY",72,12.3,17
"18672","SIFL","HY",75,14.1,17
"18673","SIFL","AHY",72,11.9,17
"18674","SIFL","AHY",71,11.7,17
"18675","SIFL","HY",70,12,17
"18676","SIFL","HY",73.5,12.8,17
"18677","SIFL","HY",69,12.6,17
"18678","SIFL","HY",71,13.1,17
"18679","SIFL","HY",73,13,17
"18680","SIFL","AHY",73,14.2,17
"18681","SIFL","HY",69,11.6,17
"18682","SIFL","AHY",75,13.3,17
"18683","SIFL","HY",73,12.4,17
"18684","SIFL","HY",72.5,11.6,17
"18685","SIFL","HY",73,14.5,17
"18686","SIFL","HY",72,14.2,17
"18687","SIFL","AHY",71,12.1,17
"18688","SIFL","HY",71,12.9,17
"18689","SIFL","AHY",75,13,17
"18690","SIFL","HY",70,12.8,17
"18691","SIFL","HY",69,11.9,17
"18692","SIFL","HY",69,13.5,17
"18693","SIFL","HY",75,13.9,17
"18694","SIFL","AHY",71,13.1,17
"18695","SIFL","HY",72,13.5,17
"18696","SIFL","AHY",73,12.2,17
"18697","SIFL","HY",69,11.4,17
"18698","SIFL","AHY",72,12.2,17
"18699","SIFL","HY",72,13,17
"18700","SIFL","HY",71,12.6,17
"18701","SIFL","HY",70,12.7,17
"18702","SIFL","HY",73,11.8,17
"18703","SIFL","HY",71,12.4,17
"18704","SIFL","HY",74,15.5,17
"18705","SIFL","HY",74,13.6,17
"18706","SIFL","AHY",71,13.7,17
"18707","SIFL","HY",71,12.2,17
"18708","SIFL","HY",74,13.4,17
"18709","SIFL","HY",70,13.5,17
"18710","SIFL","HY",71,13.9,17
"18711","SIFL","HY",75,NA,17
"18712","SIFL","HY",76,12.9,17
"18713","SIFL","AHY",75,14.1,17
"18714","SIFL","HY",71,12.6,17
"18715","JABO","AHY",113.5,65.3,17
"18716","JABO","AHY",111,54.4,17
"18717","JABO","HY",114,52.3,17
"18718","JABO","AHY",114,59.7,17
"18719","DUSA","AHY",72.5,52.7,17
"18720","DUSA","AHY",70,52.9,17
"18721","DUSA","HY",112,57.4,17
"18722","DUSA","HY",119,65.3,17
"18723","DUSA","HY",111,64.5,17
"18724","DUSA","HY",106,55.4,17
"18725","JABO","AHY",109,51.5,17
"18726","JABO","AHY",NA,45.8,17
"18727","JABO","HY",111,47.7,17
"18728","JABO","AHY",115,58.6,17
"18729","JABO","HY",117,53,17
"18730","JABO","AHY",112,58.7,17
"18731","JABO","HY",113,49.4,17
"18732","JABO","HY",114,56,17
"18733","JABO","HY",110,50.7,17
"18734","DUSA","HY",110,59.3,17
"18735","DUSA","HY",107,51.8,17
"18736","DUSA","HY",108,56.2,17
"18737","SIFL","HY",74,12.4,17
"18738","SIFL","AHY",77,13.1,17
"18739","SIFL","HY",72,13.1,17
"18740","SIFL","HY",70,11.2,17
"18741","SIFL","AHY",73,12.1,17
"18742","SIFL","HY",72,12.9,17
"18743","SIFL","HY",74,12.7,17
"18744","SIFL","HY",67,10.9,17
"18745","SIFL","AHY",72,11.7,17
"18746","SIFL","HY",72,10.8,17
"18747","SIFL","AHY",73,12.8,17
"18748","SIFL","HY",70,12.2,17
"18749","SIFL","HY",70,13.2,17
"18750","SIFL","AHY",74,13.8,17
"18751","SIFL","HY",68,12.5,17
"18752","SIFL","HY",69,11.5,17
"18753","SIFL","AHY",75,13.3,17
"18754","DUSA","AHY",122,60.2,17
"18755","JABO","HY",116,53.7,17
"18756","JABO","HY",111,55.6,17
"18757","DUSA","AHY",113,56.6,17
"18758","JABO","HY",113,50.2,17
"18759","JABO","HY",114,55.5,17
"18760","JABO","AHY",116,55.9,17
"18761","DUSA","AHY",112,55.2,17
"18762","DUSA","HY",110,56.9,17
"18763","DUSA","AHY",115,58,17
"18764","DUSA","HY",109,58.5,17
"18765","DUSA","HY",113,57.6,17
"18766","TAPI","HY",71,12.1,18
"18767","TAPI","HY",72,13.1,18
"18768","TAPI","HY",71,14.1,18
"18769","TAPI","HY",71.5,12.8,18
"18770","TAPI","HY",69,12.9,18
"18771","TAPI","HY",73,13.1,18
"18772","TAPI","HY",71.5,11.9,18
"18773","TAPI","HY",74,12.3,18
"18774","TAPI","HY",74,11.8,18
"18775","TAPI","HY",72,12.7,18
"18776","TAPI","HY",74,13.4,18
"18777","TAPI","HY",73,12.7,18
"18778","TAPI","HY",71,12.3,18
"18779","TAPI","HY",73,13,18
"18780","TAPI","HY",71,11.6,18
"18781","TAPI","HY",68,12.1,18
"18782","TAPI","HY",70,12.3,18
"18783","TAPI","AHY",72,13.2,18
"18784","TAPI","HY",71,12.9,18
"18785","TAPI","HY",72,12.8,18
"18786","TAPI","HY",73,12.7,18
"18787","TAPI","HY",71,13.5,18
"18788","TAPI","HY",73,12.5,18
"18789","TAPI","HY",70,12,18
"18790","TAPI","HY",72,13,18
"18791","TAPI","HY",70,12.8,18
"18792","TAPI","HY",70,13.3,18
"18793","TAPI","HY",69,NA,18
"18794","TAPI","HY",NA,NA,18
"18795","TAPI","HY",NA,NA,18
"18796","TAPI","HY",NA,NA,18
"18797","TAPI","HY",NA,NA,18
"18798","TAPI","HY",NA,NA,18
"18799","TAPI","HY",NA,NA,18
"18800","TAPI","AHY",NA,NA,18
"18801","TAPI","HY",NA,NA,18
"18802","TAPI","HY",NA,NA,18
"18803","TAPI","HY",NA,NA,18
"18804","TAPI","HY",NA,NA,18
"18805","TAPI","HY",NA,NA,18
"18806","TAPI","HY",NA,NA,18
"18807","TAPI","HY",NA,NA,18
"18808","TAPI","HY",NA,NA,18
"18809","TAPI","HY",NA,NA,18
"18810","TAPI","HY",NA,NA,18
"18811","TAPI","HY",NA,NA,18
"18812","TAPI","HY",NA,NA,18
"18813","TAPI","HY",NA,NA,18
"18814","TAPI","HY",NA,NA,18
"18815","TAPI","HY",NA,NA,18
"18816","TAPI","HY",NA,NA,18
"18817","TAPI","HY",NA,NA,18
"18818","TAPI","HY",NA,NA,18
"18819","TAPI","HY",NA,NA,18
"18820","TAPI","HY",NA,NA,18
"18821","TAPI","HY",NA,NA,18
"18822","TAPI","AHY",NA,NA,18
"18823","TAPI","AHY",NA,NA,18
"18824","TAPI","HY",NA,NA,18
"18825","TAPI","HY",NA,NA,18
"18826","TAPI","HY",NA,NA,18
"18827","TAPI","AHY",NA,NA,18
"18828","TAPI","HY",NA,NA,18
"18829","TAPI","AHY",NA,NA,18
"18830","TAPI","HY",NA,NA,18
"18831","TAPI","HY",NA,NA,18
"18832","TAPI","HY",NA,NA,18
"18833","TAPI","HY",NA,NA,18
"18834","TAPI","AHY",NA,NA,18
"18835","TAPI","AHY",NA,NA,18
"18836","TAPI","HY",NA,NA,18
"18837","TAPI","HY",NA,NA,18
"18838","TAPI","AHY",NA,NA,18
"18839","TAPI","HY",NA,NA,18
"18840","TAPI","HY",NA,NA,18
"18841","TAPI","HY",NA,NA,18
"18842","TAPI","HY",NA,NA,18
"18843","TAPI","HY",NA,NA,18
"18844","TAPI","HY",NA,NA,18
"18845","TAPI","HY",NA,NA,18
"18846","TAPI","HY",NA,NA,18
"18847","TAPI","HY",NA,NA,18
"18848","TAPI","HY",NA,NA,18
"18849","TAPI","HY",NA,NA,18
"18850","TAPI","HY",NA,NA,18
"18851","TAPI","HY",NA,NA,18
"18852","TAPI","HY",NA,NA,18
"18853","TAPI","HY",NA,NA,18
"18854","TAPI","HY",NA,NA,18
"18855","TAPI","HY",NA,NA,18
"18856","TAPI","AHY",NA,NA,18
"18857","TAPI","HY",NA,NA,18
"18858","TAPI","AHY",NA,NA,18
"18859","TAPI","HY",NA,NA,18
"18860","TAPI","AHY",NA,NA,18
"18861","TAPI","HY",NA,NA,18
"18862","TAPI","HY",NA,NA,18
"18863","TAPI","HY",NA,NA,18
"18864","TAPI","HY",NA,NA,18
"18865","TAPI","AHY",NA,NA,18
"18866","TAPI","HY",NA,NA,18
"18867","TAPI","AHY",NA,NA,18
"18868","TAPI","HY",NA,NA,18
"18869","TAPI","HY",74,13.4,18
"18870","TAPI","HY",72,13.3,18
"18871","TAPI","HY",74.5,14.4,18
"18872","TAPI","HY",70.5,12.9,18
"18873","TAPI","HY",70,12.9,18
"18874","TAPI","HY",69,13.2,18
"18875","TAPI","HY",71,12.6,18
"18876","TAPI","HY",72,12.4,18
"18877","TAPI","HY",70,12.6,18
"18878","TAPI","HY",69,11.3,18
"18879","TAPI","HY",68,12.2,18
"18880","TAPI","HY",73,13.2,18
"18881","TAPI","HY",72,13.7,18
"18882","TAPI","AHY",72,12.6,18
"18883","TAPI","HY",72,13.1,18
"18884","TAPI","HY",70,12.4,18
"18885","TAPI","HY",76,15.2,18
"18886","TAPI","AHY",72,13.2,18
"18887","TAPI","HY",71,13.3,18
"18888","TAPI","HY",72,13.1,18
"18889","TAPI","HY",71,13.5,18
"18890","TAPI","HY",70,12.7,18
"18891","TAPI","HY",73,13.3,18
"18892","TAPI","HY",71,12.9,18
"18893","TAPI","HY",74,13.7,18
"18894","TAPI","HY",71,NA,18
"18895","TAPI","HY",70,11.9,18
"18896","TAPI","AHY",74,13.4,18
"18897","TAPI","HY",72,12.7,18
"18898","TAPI","HY",70,12.8,18
"18899","TAPI","HY",73,13.1,18
"18900","TAPI","AHY",73,13.8,18
"18901","TAPI","HY",72,13.1,18
"18902","TAPI","HY",70,12.4,18
"18903","TAPI","HY",71,12.7,18
"18904","TAPI","HY",70,12.6,18
"18905","TAPI","HY",73,12.2,18
"18906","TAPI","HY",72,12.9,18
"18907","TAPI","HY",71,12.6,18
"18908","TAPI","HY",71,13,18
"18909","TAPI","HY",72,12.6,18
"18910","TAPI","HY",73,12.7,18
"18911","TAPI","AHY",75,13.7,18
"18912","TAPI","HY",69,12.1,18
"18913","TAPI","AHY",72,12.6,18
"18914","TAPI","HY",68,12.4,18
"18915","TAPI","HY",70,13.1,18
"18916","TAPI","HY",72,12.8,18
"18917","TAPI","HY",68,13.8,18
"18918","TAPI","AHY",71,13.4,18
"18919","TAPI","HY",69,11.7,18
"18920","TAPI","HY",72,12.7,18
"18921","TAPI","AHY",72,11.1,18
"18922","TAPI","HY",71,13.1,18
"18923","TAPI","HY",71,12.5,18
"18924","TAPI","HY",72,12.3,18
"18925","TAPI","AHY",73,13.4,18
"18926","TAPI","AHY",69,11.9,18
"18927","TAPI","HY",71,13,18
"18928","TAPI","HY",73,13.3,18
"18929","TAPI","HY",72,12.6,18
"18930","TAPI","HY",71,12.6,18
"18931","TAPI","HY",70,12.9,18
"18932","TAPI","HY",68,11.5,18
"18933","TAPI","HY",70,13.1,18
"18934","TAPI","HY",73,12.6,18
"18935","TAPI","HY",73,11.9,18
"18936","TAPI","HY",70,13.3,18
"18937","TAPI","HY",72,14.1,18
"18938","TAPI","AHY",73,12.7,18
"18939","TAPI","HY",70,12.7,18
"18940","TAPI","AHY",75,12.2,18
"18941","TAPI","HY",71,13.2,18
"18942","TAPI","HY",70,14.4,18
"18943","TAPI","HY",73,13.5,18
"18944","TAPI","HY",69,12.7,18
"18945","TAPI","HY",71,12.2,18
"18946","TAPI","HY",71.5,14.9,18
"18947","TAPI","HY",71,12.8,18
"18948","TAPI","HY",69,13,18
"18949","TAPI","HY",74,12.5,18
"18950","TAPI","HY",72,12.4,18
"18951","TAPI","AHY",70,12.5,18
"18952","TAPI","HY",71,13.7,18
"18953","TAPI","HY",70.5,13.2,18
"18954","TAPI","HY",72,13.1,18
"18955","TAPI","HY",71,12.2,18
"18956","TAPI","HY",70,13,18
"18957","TAPI","AHY",69,12.5,18
"18958","TAPI","HY",68,11.9,18
"18959","TAPI","HY",73,14,18
"18960","TAPI","HY",73,13.8,18
"18961","TAPI","HY",72,13.2,18
"18962","TAPI","AHY",71.5,13.6,18
"18963","TAPI","HY",70,12,18
"18964","TAPI","HY",70,12.8,18
"18965","TAPI","HY",72,13.4,18
"18966","TAPI","HY",72,12.6,18
"18967","TAPI","HY",71.5,12.7,18
"18968","TAPI","AHY",73,12.8,18
"18969","TAPI","HY",70,13.1,18
"18970","TAPI","HY",70,13.5,18
"18971","TAPI","HY",72,12.8,18
"18972","TAPI","AHY",70,12.6,18
"18973","TAPI","HY",70,12.6,18
"18974","TAPI","HY",70,12.3,18
"18975","TAPI","HY",68.5,12.1,18
"18976","TAPI","AHY",74,13.5,18
"18977","TAPI","AHY",76,13.2,18
"18978","TAPI","HY",70,13.3,18
"18979","TAPI","HY",68,12.8,18
"18980","TAPI","HY",72,12.6,18
"18981","TAPI","HY",73,12.3,18
"18982","TAPI","AHY",71,13.3,18
"18983","TAPI","HY",70,12.7,18
"18984","TAPI","HY",71,12.5,18
"18985","TAPI","HY",75,12.7,18
"18986","TAPI","HY",69,12.3,18
"18987","TAPI","HY",71,12.1,18
"18988","TAPI","HY",72,13.6,18
"18989","TAPI","HY",70,12.6,18
"18990","TAPI","HY",73,11.9,18
"18991","TAPI","HY",70,13.8,18
"18992","TAPI","HY",74,13.4,18
"18993","TAPI","HY",72,12.6,18
"18994","TAPI","HY",70,13.4,18
"18995","TAPI","HY",70,13,18
"18996","SIFL","AHY",80,18.8,18
"18997","TAPI","HY",71,12.5,18
"18998","TAPI","HY",70,13.6,18
"18999","TAPI","AHY",71,13.3,18
"19000","TAPI","HY",71,13.4,18
"19001","TAPI","HY",69,12.4,18
"19002","TAPI","HY",68.5,12.6,18
"19003","TAPI","HY",69.5,13.6,18
"19004","TAPI","HY",68,12.3,18
"19005","TAPI","AHY",72,12.6,18
"19006","TAPI","AHY",73,12,18
"19007","TAPI","HY",69,12.5,18
"19008","TAPI","HY",71,13.1,18
"19009","TAPI","HY",71,13.3,18
"19010","TAPI","HY",72,12.7,18
"19011","TAPI","AHY",74,12.5,18
"19012","TAPI","HY",72,13.3,18
"19013","TAPI","HY",71,13.1,18
"19014","TAPI","HY",71,12.7,18
"19015","TAPI","AHY",69,12.6,18
"19016","TAPI","AHY",73,14.1,18
"19017","TAPI","HY",71,13.6,18
"19018","TAPI","HY",69,13.2,18
"19019","TAPI","HY",69,13.7,18
"19020","TAPI","HY",70.5,12.5,18
"19021","TAPI","HY",71,13.6,18
"19022","TAPI","AHY",74,13.5,18
"19023","TAPI","HY",69,11.7,18
"19024","TAPI","HY",74,14.4,18
"19025","TAPI","HY",72,13.2,18
"19026","TAPI","HY",72,13.2,18
"19027","TAPI","HY",71,13,18
"19028","TAPI","HY",69,12.3,18
"19029","TAPI","HY",69,11.5,18
"19030","TAPI","HY",68.5,12.1,18
"19031","TAPI","HY",73,12.8,18
"19032","TAPI","AHY",71,12.6,18
"19033","TAPI","HY",71,12.4,18
"19034","TAPI","HY",74,12.8,18
"19035","TAPI","AHY",75,14.3,18
"19036","TAPI","HY",73,13.2,18
"19037","TAPI","HY",72,13,18
"19038","TAPI","HY",71,12.9,18
"19039","TAPI","HY",72,13.1,18
"19040","TAPI","HY",71,13.9,18
"19041","TAPI","AHY",73,12.5,18
"19042","TAPI","HY",69,13.2,18
"19043","TAPI","HY",72,13.5,18
"19044","TAPI","HY",73,13.6,18
"19045","TAPI","HY",70,13.4,18
"19046","SIFL","AHY",75,13.4,18
"19047","TAPI","HY",71,13.1,18
"19048","TAPI","HY",74,13.7,18
"19049","TAPI","HY",71,12.8,18
"19050","TAPI","HY",69,12.2,18
"19051","TAPI","HY",74,13.3,18
"19052","TAPI","HY",73,12.9,18
"19053","TAPI","HY",73,12.4,18
"19054","TAPI","HY",68,12.6,18
"19055","TAPI","AHY",72,12.9,18
"19056","TAPI","HY",71,14,18
"19057","TAPI","HY",72,13.4,18
"19058","SIFL","AHY",70,11.5,18
"19059","TAPI","HY",70,13.2,18
"19060","TAPI","AHY",70,12.2,18
"19061","TAPI","HY",68,11.3,18
"19062","TAPI","HY",72,12.1,18
"19063","SIFL","HY",74,14.8,18
"19064","SIFL","AHY",75,13.1,18
"19065","TAPI","AHY",71,14.1,18
"19066","TAPI","HY",70,12.7,18
"19067","TAPI","HY",74,13.2,18
"19068","TAPI","HY",73,13.5,18
"19069","TAPI","HY",72,12.7,18
"19070","TAPI","AHY",73,14.6,18
"19071","TAPI","AHY",74,13.4,18
"19072","TAPI","AHY",73,13.9,18
"19073","TAPI","AHY",76,13.4,18
"19074","SIFL","AHY",71,13.5,18
"19075","TAPI","AHY",75.5,13.1,18
"19076","TAPI","HY",71,12.5,18
"19077","TAPI","AHY",72,13.1,18
"19078","TAPI","AHY",70,13.1,18
"19079","SIFL","HY",75,14.5,18
"19080","TAPI","HY",67,12.8,18
"19081","SIFL","HY",70,12.7,18
"19082","SIFL","AHY",75,13.8,18
"19083","DUSA","HY",113,52.3,18
"19084","TAPI","HY",72,12.6,19
"19085","TAPI","HY",70,13,19
"19086","TAPI","HY",71,13.6,19
"19087","TAPI","HY",74,13.6,19
"19088","TAPI","HY",71,12.7,19
"19089","TAPI","HY",71,13.7,19
"19090","TAPI","HY",72,13.6,19
"19091","TAPI","HY",73,14.3,19
"19092","TAPI","HY",71,13.5,19
"19093","TAPI","HY",70,13.9,19
"19094","TAPI","HY",71,13.8,19
"19095","TAPI","HY",72,12.9,19
"19096","TAPI","AHY",68,12.7,19
"19097","TAPI","AHY",73,13.3,19
"19098","TAPI","HY",69,12.4,19
"19099","TAPI","HY",71,12.8,19
"19100","TAPI","HY",69,13,19
"19101","TAPI","HY",72,13.5,19
"19102","TAPI","HY",NA,12.7,19
"19103","TAPI","HY",69,11.4,19
"19104","TAPI","HY",68,11.8,19
"19105","TAPI","HY",70,13.1,19
"19106","TAPI","HY",69,13.4,19
"19107","TAPI","HY",74,12.3,19
"19108","TAPI","HY",72,13.8,19
"19109","TAPI","HY",73,12.3,19
"19110","TAPI","HY",71,12.8,19
"19111","TAPI","HY",69,13.9,19
"19112","TAPI","AHY",71,13.4,19
"19113","TAPI","AHY",75,13.2,19
"19114","TAPI","AHY",74,13.6,19
"19115","TAPI","AHY",73,14.2,19
"19116","TAPI","AHY",70,12.8,19
"19117","TAPI","HY",68,13.8,19
"19118","DUSA","AHY",107,57,19
"19119","DUSA","AHY",115,56.4,19
"19120","TAPI","AHY",73,12.8,19
"19121","TAPI","AHY",NA,12.8,19
"19122","DUSA","HY",112,56.6,19
"19123","DUSA","HY",108,50.9,19
"19124","DUSA","HY",111,54.4,19
"19125","TAPI","HY",71,13.3,19
"19126","TAPI","HY",71,12.4,19
"19127","TAPI","HY",71,12.4,19
"19128","TAPI","AHY",75,13,19
"19129","TAPI","AHY",73,13.2,19
"19130","TAPI","HY",71,12,19
"19131","TAPI","HY",69,13.3,19
"19132","DUSA","HY",112,60.9,19
"19133","TAPI","HY",69,12.7,19
"19134","TAPI","HY",67,11.3,19
"19135","TAPI","AHY",73,14,19
"19136","TAPI","HY",71,12.8,19
"19137","TAPI","HY",71,13.2,19
"19138","TAPI","HY",68,12.9,19
"19139","TAPI","AHY",70,12.3,19
"19140","TAPI","HY",70,12,19
"19141","TAPI","HY",70,12.3,19
"19142","TAPI","AHY",71,11.6,19
"19143","DUSA","HY",110,56.5,19
"19144","TAPI","AHY",73,12.6,19
"19145","TAPI","AHY",72,13.6,19
"19146","TAPI","HY",69,12.3,19
"19147","TAPI","HY",71,12.6,19
"19148","TAPI","AHY",71,13.7,19
"19149","TAPI","HY",68,12.9,19
"19150","TAPI","AHY",70,12.6,19
"19151","TAPI","HY",70,12.7,19
"19152","TAPI","HY",71,12.5,19
"19153","TAPI","HY",70,13.6,19
"19154","TAPI","AHY",70,12.7,19
"19155","TAPI","HY",72,12.7,19
"19156","TAPI","AHY",69,13.9,19
"19157","TAPI","HY",74,14.5,19
"19158","TAPI","HY",70,12.6,19
"19159","DUSA","HY",112,NA,19
"19160","TAPI","AHY",72,13.2,19
"19161","TAPI","HY",76,12.5,19
"19162","TAPI","HY",70,12.8,19
"19163","DUSA","AHY",112,60.1,19
"19164","TAPI","HY",71,12.9,19
"19165","TAPI","AHY",72,13.8,19
"19166","TAPI","AHY",75,13.3,19
"19167","TAPI","AHY",70,12.5,19
"19168","TAPI","AHY",72,13.5,19
"19169","TAPI","HY",71,11.9,19
"19170","TAPI","AHY",74,12.9,19
"19171","TAPI","AHY",72,14.6,19
"19172","TAPI","AHY",69,13.7,19
"19173","TAPI","HY",71,13.7,19
"19174","TAPI","AHY",70,13,19
"19175","TAPI","HY",70,13.4,19
"19176","TAPI","AHY",72,13.3,19
"19177","TAPI","HY",71,13.2,19
"19178","TAPI","AHY",71,13.7,19
"19179","TAPI","AHY",71,13.5,19
"19180","TAPI","AHY",69,14.9,19
"19181","TAPI","HY",68,12.6,19
"19182","TAPI","AHY",72,12.3,19
"19183","TAPI","AHY",72,12.7,19
"19184","TAPI","HY",69,12.9,19
"19185","TAPI","AHY",69,13.9,19
"19186","TAPI","HY",71,14.3,19
"19187","TAPI","HY",70,13.9,19
"19188","TAPI","AHY",72,13.1,19
"19189","TAPI","AHY",70,12.7,19
"19190","TAPI","AHY",68,12.8,19
"19191","TAPI","AHY",71,12.6,19
"19192","TAPI","HY",72,13.7,19
"19193","TAPI","HY",72,13,19
"19194","TAPI","AHY",75,13.8,19
"19195","TAPI","HY",71,13.8,19
"19196","TAPI","HY",73,13.4,19
"19197","TAPI","HY",72,13.6,19
"19198","DUSA","HY",110,52.1,19
"19199","JABO","AHY",113,68.4,19
"19200","DUSA","HY",115,64.9,19
"19201","SIFL","AHY",72,13.4,19
"19202","JABO","HY",113,50.6,19
"19203","JABO","HY",115,53.4,19
"19204","JABO","AHY",115,54.6,19
"19205","JABO","AHY",115,55.9,19
"19206","JABO","AHY",116,56.7,19
"19207","SIFL","AHY",72,10.8,19
"19208","DUSA","HY",111,57.6,19
"19209","DUSA","AHY",111,57.9,19
"19210","DUSA","AHY",116,56.7,19
"19211","DUSA","HY",113,60.2,19
"19212","DUSA","AHY",116,55.4,19
"19213","JABO","HY",114,52.2,19
"19214","JABO","HY",112,57.8,19
"19215","JABO","AHY",113,50.6,19
"19216","DUSA","HY",114,60.1,19
"19217","SIFL","HY",73,14.1,19
"19218","SIFL","HY",70,13.1,19
"19219","SIFL","HY",73,12.7,19
"19220","SIFL","HY",72,13.1,19
"19221","SIFL","HY",70,12.8,19
"19222","SIFL","HY",71,14.2,19
"19223","SIFL","HY",68,10.2,19
"19224","SIFL","HY",71,11.3,19
"19225","SIFL","HY",70,12.9,19
"19226","SIFL","HY",69,11.3,19
"19227","SIFL","AHY",71,13.4,19
"19228","SIFL","HY",71,13.3,19
"19229","JABO","AHY",NA,53.7,19
"19230","JABO","AHY",NA,57.6,19
"19231","JABO","HY",114,71.1,19
"19232","JABO","AHY",NA,50.8,19
"19233","JABO","HY",114,59.4,19
"19234","DUSA","HY",109,60.4,19
"19235","DUSA","HY",112,55.8,19
"19236","JABO","HY",105,51.8,19
"19237","JABO","AHY",114,60.8,19
"19238","JABO","AHY",105,52.9,19
"19239","DUSA","HY",109,63.4,19
"19240","DUSA","HY",108,51.5,19
"19241","DUSA","HY",110,66.7,19
"19242","DUSA","AHY",115,67.5,19
"19243","JABO","AHY",112,59.7,19
"19244","JABO","AHY",NA,54,19
"19245","JABO","AHY",113,48.8,19
"19246","DUSA","AHY",115,50.7,19
"19247","JABO","HY",120,58.4,19
"19248","JABO","HY",111,55.7,19
"19249","DUSA","AHY",112,57.3,19
"19250","DUSA","AHY",111,58.7,19
"19251","SIFL","HY",71,11.9,19
"19252","SIFL","AHY",75,14.3,19
"19253","SIFL","HY",70,11.5,19
"19254","DUSA","HY",114,62.2,19
"19255","DUSA","HY",108,55.5,19
"19256","JABO","HY",97,49.8,19
"19257","JABO","AHY",116,52.5,19
"19258","JABO","AHY",110,56.4,19
"19259","JABO","AHY",116,55.2,19
"19260","JABO","HY",111,57.8,19
"19261","DUSA","HY",112,52.9,19
"19262","DUSA","HY",116,68.8,19
"19263","DUSA","HY",110,50.2,19
"19264","DUSA","HY",111,60.1,19
"19265","DUSA","AHY",120,57.2,19
"19266","DUSA","AHY",116,57.7,19
"19267","JABO","AHY",106,53.4,19
